SITE_NO,airport_id,name,CITY,state,STATE_NAME,lat,long,latitude,longitude,ELEV,OWNERSHIP_TYPE_CODE,FACILITY_USE_CODE,towered_status,airspace_b
103,0J0,ABBEVILLE MUNI,ABBEVILLE,AL,ALABAMA,31.60172027,-85.23854472,31.60172027,-85.23854472,468.3,PU,PU,Non-towered,
110,EET,SHELBY COUNTY,ALABASTER,AL,ALABAMA,33.17777777,-86.78322222,33.17777777,-86.78322222,585.6,PU,PU,Non-towered,
112.1,BFZ,ALBERTVILLE RGNL/THOMAS J BRUMLIK FLD,ALBERTVILLE,AL,ALABAMA,34.22911111,-86.25575,34.22911111,-86.25575,1032.3,PU,PU,Non-towered,
116,ALX,THOMAS C RUSSELL FLD,ALEXANDER CITY,AL,ALABAMA,32.91475,-85.96294444,32.91475,-85.96294444,685.8,PU,PU,Non-towered,
119,AIV,GEORGE DOWNER,ALICEVILLE,AL,ALABAMA,33.10674444,-88.197175,33.10674444,-88.197175,150,PU,PU,Non-towered,
124,79J,SOUTH ALABAMA RGNL AT BILL BENTON FLD,ANDALUSIA,AL,ALABAMA,31.30836111,-86.39222222,31.30836111,-86.39222222,310.2,PU,PU,Non-towered,
128,ANB,ANNISTON RGNL,ANNISTON,AL,ALABAMA,33.58816666,-85.85811111,33.58816666,-85.85811111,612,PU,PU,Non-towered,
135,26A,ASHLAND/LINEVILLE,ASHLAND/LINEVILLE,AL,ALABAMA,33.28419722,-85.80896527,33.28419722,-85.80896527,1065,PU,PU,Non-towered,
140.1,0R1,ATMORE MUNI,ATMORE,AL,ALABAMA,31.01613888,-87.44675,31.01613888,-87.44675,286,PU,PU,Non-towered,
146,AUO,AUBURN UNIVERSITY RGNL,AUBURN,AL,ALABAMA,32.61511111,-85.434,32.61511111,-85.434,776.8,PU,PU,Towered,
155,1R8,BAY MINETTE MUNI,BAY MINETTE,AL,ALABAMA,30.87033333,-87.81933333,30.87033333,-87.81933333,248.1,PU,PU,Non-towered,
157.1,EKY,BESSEMER NTL,BESSEMER,AL,ALABAMA,33.31261111,-86.92630555,33.31261111,-86.92630555,699.6,PU,PU,Non-towered,
164,BHM,BIRMINGHAM-SHUTTLESWORTH INTL,BIRMINGHAM,AL,ALABAMA,33.56388888,-86.75230555,33.56388888,-86.75230555,650,PU,PU,Towered,
186,12J,BREWTON MUNI,BREWTON,AL,ALABAMA,31.05071138,-87.06726666,31.05071138,-87.06726666,98.8,PU,PU,Non-towered,
199.1,09A,BUTLER/CHOCTAW COUNTY,BUTLER,AL,ALABAMA,32.11930555,-88.12747222,32.11930555,-88.12747222,133.7,PU,PU,Non-towered,
207.1,61A,CAMDEN MUNI,CAMDEN,AL,ALABAMA,31.97975,-87.33911111,31.97975,-87.33911111,142.9,PU,PU,Non-towered,
218.12,PYP,CENTRE PIEDMONT/CHEROKEE COUNTY RGNL,CENTRE,AL,ALABAMA,34.08991666,-85.61008333,34.08991666,-85.61008333,594.6,PU,PU,Non-towered,
218.7,0A8,BIBB COUNTY,CENTREVILLE,AL,ALABAMA,32.93693888,-87.09054722,32.93693888,-87.09054722,250.9,PU,PU,Non-towered,
226.5,5R1,ROY WILCOX,CHATOM,AL,ALABAMA,31.45166688,-88.19442663,31.45166688,-88.19442663,166,PU,PU,Non-towered,
233,02A,CHILTON COUNTY,CLANTON,AL,ALABAMA,32.85048447,-86.61143247,32.85048447,-86.61143247,584.7,PU,PU,Non-towered,
234,11A,CLAYTON MUNI,CLAYTON,AL,ALABAMA,31.88332444,-85.48522472,31.88332444,-85.48522472,434.9,PU,PU,Non-towered,
245,9A4,COURTLAND,COURTLAND,AL,ALABAMA,34.65815833,-87.34855805,34.65815833,-87.34855805,588,PU,PU,Non-towered,
248.3,CMD,CULLMAN RGNL/FOLSOM FLD,CULLMAN,AL,ALABAMA,34.2687025,-86.85803527,34.2687025,-86.85803527,969.6,PU,PU,Non-towered,
250.1,4R9,JEREMIAH DENTON,DAUPHIN ISLAND,AL,ALABAMA,30.26048166,-88.12747305,30.26048166,-88.12747305,4.6,PU,PU,Non-towered,
251,DCU,PRYOR FLD RGNL,DECATUR,AL,ALABAMA,34.65405555,-86.94536111,34.65405555,-86.94536111,592,PU,PU,Non-towered,
254,DYA,DEMOPOLIS RGNL,DEMOPOLIS,AL,ALABAMA,32.46383333,-87.95405555,32.46383333,-87.95405555,111.7,PU,PU,Non-towered,
267,DHN,DOTHAN RGNL,DOTHAN,AL,ALABAMA,31.32102777,-85.44947222,31.32102777,-85.44947222,400.8,PU,PU,Towered,
267.6,14J,CARL FOLSOM,ELBA,AL,ALABAMA,31.41004166,-86.09033611,31.41004166,-86.09033611,258,PU,PU,Non-towered,
287.1,EDN,ENTERPRISE MUNI,ENTERPRISE,AL,ALABAMA,31.29972222,-85.89983333,31.29972222,-85.89983333,360.9,PU,PU,Non-towered,
290,EUF,WEEDON FLD,EUFAULA,AL,ALABAMA,31.95130555,-85.12891666,31.95130555,-85.12891666,285.2,PU,PU,Non-towered,
293,3A7,EUTAW MUNI,EUTAW,AL,ALABAMA,32.82041666,-87.86508333,32.82041666,-87.86508333,170,PU,PU,Non-towered,
296,GZH,EVERGREEN RGNL/MIDDLETON FLD,EVERGREEN,AL,ALABAMA,31.415,-87.04336111,31.415,-87.04336111,259,PU,PU,Non-towered,
300.3,CQF,H L SONNY CALLAHAN,FAIRHOPE,AL,ALABAMA,30.4605,-87.87702777,30.4605,-87.87702777,91.1,PU,PU,Non-towered,
302,M95,RICHARD ARTHUR FLD,FAYETTE,AL,ALABAMA,33.70910583,-87.81520861,33.70910583,-87.81520861,357.4,PU,PU,Non-towered,
308.5,0J4,FLORALA MUNI,FLORALA,AL,ALABAMA,31.04247361,-86.31156111,31.04247361,-86.31156111,314.3,PU,PU,Non-towered,
323.3,5R4,HOLK FLD AT FOLEY MUNI,FOLEY,AL,ALABAMA,30.42766666,-87.70097222,30.42766666,-87.70097222,74.3,PU,PU,Non-towered,
326,67A,FORT DEPOSIT-LOWNDES COUNTY,FORT DEPOSIT,AL,ALABAMA,31.97237083,-86.59164138,31.97237083,-86.59164138,490,PU,PU,Non-towered,
328.1,4A9,ISBELL FLD,FORT PAYNE,AL,ALABAMA,34.47369444,-85.72138888,34.47369444,-85.72138888,876.7,PU,PU,Non-towered,
333,GAD,NORTHEAST ALABAMA RGNL,GADSDEN,AL,ALABAMA,33.97040527,-86.09128861,33.97040527,-86.09128861,569.2,PU,PU,Non-towered,
344.1,33J,GENEVA MUNI,GENEVA,AL,ALABAMA,31.052625,-85.86894444,31.052625,-85.86894444,100.3,PU,PU,Non-towered,
350.1,7A0,GREENSBORO MUNI,GREENSBORO,AL,ALABAMA,32.68154027,-87.66206916,32.68154027,-87.66206916,175.1,PU,PU,Non-towered,
353.1,PRN,MAC CRENSHAW MEML,GREENVILLE,AL,ALABAMA,31.84569444,-86.61075,31.84569444,-86.61075,451.4,PU,PU,Non-towered,
359.7,JKA,GULF SHORES INTL/JACK EDWARDS FLD,GULF SHORES,AL,ALABAMA,30.28963888,-87.67177777,30.28963888,-87.67177777,17.1,PU,PU,Towered,
360,8A1,GUNTERSVILLE MUNI/JOE STARNES FLD,GUNTERSVILLE,AL,ALABAMA,34.40618919,-86.26087027,34.40618919,-86.26087027,614.6,PU,PU,Non-towered,
363,1M4,POSEY FLD,HALEYVILLE,AL,ALABAMA,34.28033333,-87.60041666,34.28033333,-87.60041666,929.8,PU,PU,Non-towered,
366.1,HAB,MARION COUNTY-RANKIN FITE,HAMILTON,AL,ALABAMA,34.11694444,-87.99822222,34.11694444,-87.99822222,436,PU,PU,Non-towered,
374.1,5M0,HARTSELLE/MORGAN COUNTY RGNL,HARTSELLE,AL,ALABAMA,34.40822222,-86.93294444,34.40822222,-86.93294444,628.5,PU,PU,Non-towered,
375.5,M38,HAZEL GREEN,HAZEL GREEN,AL,ALABAMA,34.91613194,-86.64704583,34.91613194,-86.64704583,814,PR,PU,Non-towered,
376,HDL,HEADLAND MUNI,HEADLAND,AL,ALABAMA,31.36413888,-85.31252777,31.36413888,-85.31252777,358.6,PU,PU,Non-towered,
385.4,MDQ,HUNTSVILLE EXEC TOM SHARP JR FLD,HUNTSVILLE,AL,ALABAMA,34.85935222,-86.55751388,34.85935222,-86.55751388,763.2,PU,PU,Non-towered,
385.1,HSV,HUNTSVILLE INTL-CARL T JONES FLD,HUNTSVILLE,AL,ALABAMA,34.63719694,-86.77505416,34.63719694,-86.77505416,628.9,PU,PU,Towered,
394.1,4R3,JACKSON MUNI,JACKSON,AL,ALABAMA,31.47055972,-87.89590138,31.47055972,-87.89590138,62.4,PU,PU,Non-towered,
401.3,JFX,WALKER COUNTY/BEVILL FLD,JASPER,AL,ALABAMA,33.902,-87.31383333,33.902,-87.31383333,482.6,PU,PU,Non-towered,
410.1,7A3,LANETT RGNL,LANETT,AL,ALABAMA,32.81184333,-85.22948638,32.81184333,-85.22948638,630.9,PU,PU,Non-towered,
425.1,04A,FRANK SIKES,LUVERNE,AL,ALABAMA,31.73638694,-86.26245463,31.73638694,-86.26245463,302,PU,PU,Non-towered,
428.21,A08,VAIDEN FLD,MARION,AL,ALABAMA,32.5105,-87.38477777,32.5105,-87.38477777,220,PU,PU,Non-towered,
437,BFM,MOBILE INTL,MOBILE,AL,ALABAMA,30.62678055,-88.06809083,30.62678055,-88.06809083,26.2,PU,PU,Towered,
438,MOB,MOBILE RGNL,MOBILE,AL,ALABAMA,30.69141666,-88.24283333,30.69141666,-88.24283333,218.7,PU,PU,Towered,
440.2,MVC,MONROE COUNTY AEROPLEX,MONROEVILLE,AL,ALABAMA,31.45805555,-87.35102777,31.45805555,-87.35102777,419.1,PU,PU,Non-towered,
447,MGM,MONTGOMERY RGNL (DANNELLY FLD),MONTGOMERY,AL,ALABAMA,32.30063888,-86.39397222,32.30063888,-86.39397222,232,PU,PU,Towered,
455,MSL,NORTHWEST ALABAMA RGNL,MUSCLE SHOALS,AL,ALABAMA,34.74530555,-87.61022222,34.74530555,-87.61022222,550.5,PU,PU,Non-towered,
463.1,20A,ROBBINS FLD,ONEONTA,AL,ALABAMA,33.97127777,-86.38038888,33.97127777,-86.38038888,1124.9,PU,PU,Non-towered,
480.1,71J,OZARK/BLACKWELL FLD,OZARK,AL,ALABAMA,31.431812,-85.62053391,31.431812,-85.62053391,357.9,PU,PU,Non-towered,
480.6,PLR,ST CLAIR COUNTY,PELL CITY,AL,ALABAMA,33.55883333,-86.24905555,33.55883333,-86.24905555,484.7,PU,PU,Non-towered,
481.91,1A9,PRATTVILLE/GROUBY FLD,PRATTVILLE,AL,ALABAMA,32.43872222,-86.51269444,32.43872222,-86.51269444,224.9,PU,PU,Non-towered,
494,3M8,NORTH PICKENS,REFORM,AL,ALABAMA,33.38675277,-88.00657916,33.38675277,-88.00657916,236.8,PU,PU,Non-towered,
498,7A5,ROANOKE MUNI ENLOE,ROANOKE,AL,ALABAMA,33.12967777,-85.37221527,33.12967777,-85.37221527,907,PU,PU,Non-towered,
502.1,M22,BILL PUGH FLD,RUSSELLVILLE,AL,ALABAMA,34.44508333,-87.71163888,34.44508333,-87.71163888,717.8,PU,PU,Non-towered,
507.02,1A4,LOGAN FLD,SAMSON,AL,ALABAMA,31.10370277,-86.0626,31.10370277,-86.0626,200,PU,PU,Non-towered,
509.1,4A6,SCOTTSBORO MUNI-WORD FLD,SCOTTSBORO,AL,ALABAMA,34.68870444,-86.00593194,34.68870444,-86.00593194,650.5,PU,PU,Non-towered,
511,SEM,CRAIG FLD,SELMA,AL,ALABAMA,32.34394666,-86.98780555,32.34394666,-86.98780555,166.2,PU,PU,Towered,
507,2R5,ST ELMO,ST ELMO,AL,ALABAMA,30.50191666,-88.27511111,30.50191666,-88.27511111,132.4,PU,PU,Non-towered,
520.2,7A6,STEVENSON,STEVENSON,AL,ALABAMA,34.88627638,-85.80328888,34.88627638,-85.80328888,644,PU,PU,Non-towered,
525.1,SCD,MERKEL FLD SYLACAUGA MUNI,SYLACAUGA,AL,ALABAMA,33.17183333,-86.30552777,33.17183333,-86.30552777,568.9,PU,PU,Non-towered,
528.1,ASN,TALLADEGA MUNI,TALLADEGA,AL,ALABAMA,33.56950416,-86.05120138,33.56950416,-86.05120138,528.8,PU,PU,Non-towered,
546,TOI,TROY MUNI AT N KENNETH CAMPBELL FLD,TROY,AL,ALABAMA,31.86,-86.01388888,31.86,-86.01388888,397.2,PU,PU,Towered,
554,TCL,TUSCALOOSA NTL,TUSCALOOSA,AL,ALABAMA,33.22062888,-87.61140388,33.22062888,-87.61140388,169.9,PU,PU,Towered,
561,06A,MOTON FLD MUNI,TUSKEGEE,AL,ALABAMA,32.46047222,-85.68002777,32.46047222,-85.68002777,264,PU,PU,Non-towered,
565,07A,FRANKLIN FLD,UNION SPRINGS,AL,ALABAMA,32.1675925,-85.81119666,32.1675925,-85.81119666,301,PU,PU,Non-towered,
570,M55,LAMAR COUNTY,VERNON,AL,ALABAMA,33.84671888,-88.11547583,33.84671888,-88.11547583,463,PU,PU,Non-towered,
590,08A,WETUMPKA MUNI,WETUMPKA,AL,ALABAMA,32.52733333,-86.33102777,32.52733333,-86.33102777,197.1,PU,PU,Non-towered,
860,M73,ALMYRA MUNI,ALMYRA,AR,ARKANSAS,34.41247944,-91.46530555,34.41247944,-91.46530555,210.2,PU,PU,Non-towered,
861.1,ADF,DEXTER B FLORENCE MEML FLD,ARKADELPHIA,AR,ARKANSAS,34.09980555,-93.06608333,34.09980555,-93.06608333,181.5,PU,PU,Non-towered,
867,CVK,SHARP COUNTY RGNL,ASH FLAT,AR,ARKANSAS,36.26488888,-91.56266666,36.26488888,-91.56266666,717.1,PU,PU,Non-towered,
871.11,M60,WOODRUFF COUNTY,AUGUSTA,AR,ARKANSAS,35.27190555,-91.27033055,35.27190555,-91.27033055,200,PU,PU,Non-towered,
875,M74,BALD KNOB MUNI,BALD KNOB,AR,ARKANSAS,35.29947222,-91.55769444,35.29947222,-91.55769444,212,PU,PU,Non-towered,
880,BVX,BATESVILLE RGNL,BATESVILLE,AR,ARKANSAS,35.72622222,-91.64744444,35.72622222,-91.64744444,465,PU,PU,Non-towered,
886.39,SUZ,SALINE COUNTY RGNL,BENTON,AR,ARKANSAS,34.59038888,-92.47944444,34.59038888,-92.47944444,389.4,PU,PU,Non-towered,
886.8,VBT,BENTONVILLE MUNI/LOUISE M THADEN FLD,BENTONVILLE,AR,ARKANSAS,36.34479805,-94.21950833,36.34479805,-94.21950833,1297.9,PU,PU,Non-towered,
897.1,4M1,CARROLL COUNTY,BERRYVILLE,AR,ARKANSAS,36.38134194,-93.62454027,36.38134194,-93.62454027,1205.6,PU,PU,Non-towered,
901,BYH,ARKANSAS INTL,BLYTHEVILLE,AR,ARKANSAS,35.96433333,-89.94394444,35.96433333,-89.94394444,254.1,PU,PU,Non-towered,
901.1,HKA,BLYTHEVILLE MUNI,BLYTHEVILLE,AR,ARKANSAS,35.94041402,-89.83079869,35.94041402,-89.83079869,255.7,PU,PU,Non-towered,
904.1,4M2,BOONEVILLE MUNI,BOONEVILLE,AR,ARKANSAS,35.14952633,-93.86338955,35.14952633,-93.86338955,467.8,PU,PU,Non-towered,
906,M36,FRANK FEDERER MEML,BRINKLEY,AR,ARKANSAS,34.88027777,-91.17644444,34.88027777,-91.17644444,195.3,PU,PU,Non-towered,
911.2,37T,CALICO ROCK MUNI,CALICO ROCK,AR,ARKANSAS,36.16573027,-92.14531138,36.16573027,-92.14531138,733,PU,PU,Non-towered,
912,CDH,HARRELL FLD,CAMDEN,AR,ARKANSAS,33.62280555,-92.76338888,33.62280555,-92.76338888,129.6,PU,PU,Non-towered,
913,4M3,CARLISLE MUNI,CARLISLE,AR,ARKANSAS,34.80822222,-91.71211111,34.80822222,-91.71211111,240.8,PU,PU,Non-towered,
917,4M8,CLARENDON MUNI,CLARENDON,AR,ARKANSAS,34.64666888,-91.39472055,34.64666888,-91.39472055,213.1,PU,PU,Non-towered,
918,H35,CLARKSVILLE MUNI,CLARKSVILLE,AR,ARKANSAS,35.47067805,-93.42715722,35.47067805,-93.42715722,480.8,PU,PU,Non-towered,
920,CCA,CLINTON MUNI,CLINTON,AR,ARKANSAS,35.59775,-92.45158333,35.59775,-92.45158333,513.9,PU,PU,Non-towered,
920.02,2A2,HOLLEY MOUNTAIN AIRPARK,CLINTON,AR,ARKANSAS,35.65071902,-92.40381294,35.65071902,-92.40381294,1270,PR,PU,Non-towered,
922,DRP,DELTA RGNL,COLT,AR,ARKANSAS,35.12005222,-90.82650138,35.12005222,-90.82650138,238.8,PU,PU,Non-towered,
924.05,CXW,CONWAY RGNL,CONWAY,AR,ARKANSAS,35.01988888,-92.55511111,35.01988888,-92.55511111,276.1,PU,PU,Non-towered,
926.22,H14,CORNING,CORNING,AR,ARKANSAS,36.41926944,-90.58825,36.41926944,-90.58825,287,PU,PU,Non-towered,
926.2,4M9,CORNING MUNI,CORNING,AR,ARKANSAS,36.40423138,-90.64792638,36.40423138,-90.64792638,293.2,PU,PU,Non-towered,
937,CRT,Z M JACK STELL FLD,CROSSETT,AR,ARKANSAS,33.17833333,-91.88019444,33.17833333,-91.88019444,183.5,PU,PU,Non-towered,
937.75,32A,DANVILLE MUNI,DANVILLE,AR,ARKANSAS,35.0872625,-93.42892416,35.0872625,-93.42892416,392.5,PU,PU,Non-towered,
942.2,DEQ,J LYNN HELMS SEVIER COUNTY,DE QUEEN,AR,ARKANSAS,34.047,-94.39936111,34.047,-94.39936111,354.8,PU,PU,Non-towered,
951.11,5M1,DEWITT MUNI/WHITCOMB FLD,DE WITT,AR,ARKANSAS,34.26227777,-91.3075,34.26227777,-91.3075,188.8,PU,PU,Non-towered,
939,5M5,CRYSTAL LAKE,DECATUR,AR,ARKANSAS,36.34361111,-94.44483333,36.34361111,-94.44483333,1177.8,PR,PU,Non-towered,
945,4M5,DERMOTT MUNI,DERMOTT,AR,ARKANSAS,33.48795333,-91.44261138,33.48795333,-91.44261138,135,PR,PU,Non-towered,
954.1,0M0,BILLY FREE MUNI,DUMAS,AR,ARKANSAS,33.88452777,-91.53427777,33.88452777,-91.53427777,164.2,PU,PU,Non-towered,
963,F43,EL DORADO DOWNTOWN-STEVENS FLD,EL DORADO,AR,ARKANSAS,33.19125,-92.66322222,33.19125,-92.66322222,256,PU,PU,Non-towered,
964,ELD,SOUTH ARKANSAS RGNL AT GOODWIN FLD,EL DORADO,AR,ARKANSAS,33.2212378,-92.81174888,33.2212378,-92.81174888,276.8,PU,PU,Non-towered,
975,FYV,DRAKE FLD,FAYETTEVILLE,AR,ARKANSAS,36.00509555,-94.17006333,36.00509555,-94.17006333,1252,PU,PU,Towered,
975.01,XNA,NORTHWEST ARKANSAS NTL,FAYETTEVILLE/SPRINGDALE/ROGERS,AR,ARKANSAS,36.28157916,-94.30776555,36.28157916,-94.30776555,1288.2,PU,PU,Towered,
978,FLP,MARION COUNTY RGNL,FLIPPIN,AR,ARKANSAS,36.29088888,-92.59025,36.29088888,-92.59025,719.9,PU,PU,Non-towered,
983.1,5M4,FORDYCE MUNI,FORDYCE,AR,ARKANSAS,33.84579222,-92.36552888,33.84579222,-92.36552888,193,PU,PU,Non-towered,
985,FCY,HUTFLY,FORREST CITY,AR,ARKANSAS,34.94199805,-90.77496611,34.94199805,-90.77496611,249.2,PR,PU,Non-towered,
987,FSM,FORT SMITH RGNL,FORT SMITH,AR,ARKANSAS,35.33664694,-94.36610888,35.33664694,-94.36610888,469,PU,PU,Towered,
999.36,12A,ARKAVALLEY,GREENBRIER,AR,ARKANSAS,35.17752961,-92.33506697,35.17752961,-92.33506697,329,PR,PU,Non-towered,
1000,5M8,GURDON LOWE FLD,GURDON,AR,ARKANSAS,33.92377777,-93.16813888,33.92377777,-93.16813888,229,PU,PU,Non-towered,
1001.32,0R6,HAMPTON MUNI,HAMPTON,AR,ARKANSAS,33.52261111,-92.46027777,33.52261111,-92.46027777,178,PU,PU,Non-towered,
1002,HRO,BOONE COUNTY,HARRISON,AR,ARKANSAS,36.26152055,-93.15472888,36.26152055,-93.15472888,1364.5,PU,PU,Non-towered,
1008,6M0,HAZEN MUNI DAVID DUCH FLD,HAZEN,AR,ARKANSAS,34.75921388,-91.63804583,34.75921388,-91.63804583,230,PU,PU,Non-towered,
1010.1,HBZ,HEBER SPRINGS MUNI,HEBER SPRINGS,AR,ARKANSAS,35.51169388,-92.01300944,35.51169388,-92.01300944,632.3,PU,PU,Non-towered,
1015,HEE,THOMPSON-ROBBINS,HELENA/WEST HELENA,AR,ARKANSAS,34.57649194,-90.67588944,34.57649194,-90.67588944,241.7,PU,PU,Non-towered,
1016.2,2A6,HOLLY GROVE MUNI,HOLLY GROVE,AR,ARKANSAS,34.58244444,-91.16522222,34.58244444,-91.16522222,176,PU,PU,Non-towered,
1019,M18,HOPE MUNI,HOPE,AR,ARKANSAS,33.71998113,-93.65890372,33.71998113,-93.65890372,359.2,PU,PU,Non-towered,
1021.5,6M2,HORSESHOE BEND,HORSESHOE BEND,AR,ARKANSAS,36.22136138,-91.75547388,36.22136138,-91.75547388,781.8,PU,PU,Non-towered,
1023,HOT,MEML FLD,HOT SPRINGS,AR,ARKANSAS,34.47802777,-93.09622222,34.47802777,-93.09622222,540.3,PU,PU,Non-towered,
1027,H34,HUNTSVILLE MUNI,HUNTSVILLE,AR,ARKANSAS,36.07822666,-93.75475472,36.07822666,-93.75475472,1747.9,PU,PU,Non-towered,
1035,JBR,JONESBORO MUNI,JONESBORO,AR,ARKANSAS,35.83171111,-90.64642194,35.83171111,-90.64642194,262.1,PU,PU,Non-towered,
1043.1,M32,LAKE VILLAGE MUNI,LAKE VILLAGE,AR,ARKANSAS,33.34652777,-91.31555555,33.34652777,-91.31555555,126.1,PU,PU,Non-towered,
1056,LIT,BILL AND HILLARY CLINTON NTL/ADAMS FLD,LITTLE ROCK,AR,ARKANSAS,34.72944138,-92.22477722,34.72944138,-92.22477722,266,PU,PU,Towered,
1069.1,AGO,RALPH C WEISER FLD,MAGNOLIA,AR,ARKANSAS,33.22747222,-93.217,33.22747222,-93.217,319.4,PU,PU,Non-towered,
1071.1,M78,MALVERN MUNI,MALVERN,AR,ARKANSAS,34.33331583,-92.76149944,34.33331583,-92.76149944,538,PU,PU,Non-towered,
1074,MXA,MANILA MUNI,MANILA,AR,ARKANSAS,35.89444722,-90.15457055,35.89444722,-90.15457055,242.7,PU,PU,Non-towered,
1076.11,6M7,MARIANNA/LEE COUNTY-STEVE EDWARDS FLD,MARIANNA,AR,ARKANSAS,34.78275,-90.80997222,34.78275,-90.80997222,219.1,PU,PU,Non-towered,
1076.4,6M8,MARKED TREE MUNI,MARKED TREE,AR,ARKANSAS,35.53309027,-90.40008888,35.53309027,-90.40008888,219,PU,PU,Non-towered,
1076.61,4A5,SEARCY COUNTY,MARSHALL,AR,ARKANSAS,35.89869444,-92.65633333,35.89869444,-92.65633333,963.6,PU,PU,Non-towered,
1077.1,7M1,MC GEHEE MUNI,MC GEHEE,AR,ARKANSAS,33.62022111,-91.36484055,33.62022111,-91.36484055,141,PU,PU,Non-towered,
1080,42A,MELBOURNE MUNI/JOHN E MILLER FLD,MELBOURNE,AR,ARKANSAS,36.07098027,-91.83013555,36.07098027,-91.83013555,734.8,PU,PU,Non-towered,
1081,MEZ,MENA INTERMOUNTAIN MUNI,MENA,AR,ARKANSAS,34.54551175,-94.20241647,34.54551175,-94.20241647,1079.9,PU,PU,Non-towered,
1096,LLQ,MONTICELLO MUNI/ELLIS FLD,MONTICELLO,AR,ARKANSAS,33.63855555,-91.751,33.63855555,-91.751,267.8,PU,PU,Non-towered,
1101.1,BDQ,MORRILTON MUNI,MORRILTON,AR,ARKANSAS,35.13623361,-92.71370833,35.13623361,-92.71370833,321.4,PU,PU,Non-towered,
1101.3,MPJ,PETIT JEAN PARK,MORRILTON,AR,ARKANSAS,35.13883333,-92.90919444,35.13883333,-92.90919444,923,PU,PU,Non-towered,
1108.1,7M3,BEARCE,MOUNT IDA,AR,ARKANSAS,34.52908111,-93.52942416,34.52908111,-93.52942416,644.4,PU,PU,Non-towered,
1104.4,BPK,BAXTER COUNTY,MOUNTAIN HOME,AR,ARKANSAS,36.3689425,-92.47051972,36.3689425,-92.47051972,928,PU,PU,Non-towered,
1107.2,7M2,MOUNTAIN VIEW WILCOX MEML FLD,MOUNTAIN VIEW,AR,ARKANSAS,35.86448027,-92.09033861,35.86448027,-92.09033861,805,PU,PU,Non-towered,
1109.11,M77,HOWARD COUNTY,NASHVILLE,AR,ARKANSAS,33.99719444,-93.83808333,33.99719444,-93.83808333,553.1,PU,PU,Non-towered,
1110,M19,NEWPORT RGNL,NEWPORT,AR,ARKANSAS,35.63772222,-91.17638888,35.63772222,-91.17638888,238.9,PU,PU,Non-towered,
1118,ORK,NORTH LITTLE ROCK MUNI,NORTH LITTLE ROCK,AR,ARKANSAS,34.83313888,-92.25413888,34.83313888,-92.25413888,545.4,PU,PU,Non-towered,
1126.2,7M4,OSCEOLA MUNI,OSCEOLA,AR,ARKANSAS,35.69113888,-90.01011111,35.69113888,-90.01011111,234.7,PU,PU,Non-towered,
1128,7M5,OZARK/FRANKLIN COUNTY,OZARK,AR,ARKANSAS,35.51069583,-93.8393075,35.51069583,-93.8393075,648,PU,PU,Non-towered,
1132,PGR,KIRK FLD,PARAGOULD,AR,ARKANSAS,36.06380555,-90.50919444,36.06380555,-90.50919444,290.2,PU,PU,Non-towered,
1134.1,7M6,PARIS MUNI,PARIS /SUBIACO/,AR,ARKANSAS,35.29911527,-93.68161388,35.29911527,-93.68161388,430,PU,PU,Non-towered,
1141.5,7M7,PIGGOTT MUNI,PIGGOTT,AR,ARKANSAS,36.37820555,-90.16624166,36.37820555,-90.16624166,275,PU,PU,Non-towered,
1142,PBF,PINEBLUFF RGNL/GRIDER FLD,PINE BLUFF,AR,ARKANSAS,34.17451305,-91.93560422,34.17451305,-91.93560422,205.7,PU,PU,Non-towered,
1144.7,M70,POCAHONTAS MUNI,POCAHONTAS,AR,ARKANSAS,36.2455,-90.95522222,36.2455,-90.95522222,273.3,PU,PU,Non-towered,
1152.1,4F7,KIZER FLD,PRESCOTT,AR,ARKANSAS,33.80388888,-93.36216666,33.80388888,-93.36216666,318.8,PU,PU,Non-towered,
1153.8,7M8,RECTOR,RECTOR,AR,ARKANSAS,36.25006305,-90.31954555,36.25006305,-90.31954555,281,PU,PU,Non-towered,
1156,ROG,ROGERS EXEC - CARTER FLD,ROGERS,AR,ARKANSAS,36.37241666,-94.10697222,36.37241666,-94.10697222,1358.8,PU,PU,Towered,
1161.1,RUE,RUSSELLVILLE RGNL,RUSSELLVILLE,AR,ARKANSAS,35.25928305,-93.09262222,35.25928305,-93.09262222,409.2,PU,PU,Non-towered,
1163,7M9,SALEM,SALEM,AR,ARKANSAS,36.35590805,-91.83095472,36.35590805,-91.83095472,786.7,PU,PU,Non-towered,
1165,SRC,SEARCY RGNL,SEARCY,AR,ARKANSAS,35.21060972,-91.73753944,35.21060972,-91.73753944,264.5,PU,PU,Non-towered,
1168.01,9M8,SHERIDAN-GRANT COUNTY RGNL,SHERIDAN,AR,ARKANSAS,34.32752777,-92.35133333,34.32752777,-92.35133333,236,PU,PU,Non-towered,
1170.1,SLG,SMITH FLD,SILOAM SPRINGS,AR,ARKANSAS,36.19186111,-94.49,36.19186111,-94.49,1191.4,PU,PU,Non-towered,
1176,ASG,SPRINGDALE MUNI,SPRINGDALE,AR,ARKANSAS,36.17638888,-94.11925,36.17638888,-94.11925,1352.5,PU,PU,Towered,
1180,55M,STAR CITY MUNI,STAR CITY,AR,ARKANSAS,33.92641666,-91.86111111,33.92641666,-91.86111111,398,PU,PU,Non-towered,
1182,4F8,WILSON,STEPHENS,AR,ARKANSAS,33.44319444,-93.05430555,33.44319444,-93.05430555,230,PR,PU,Non-towered,
1186,SGT,STUTTGART MUNI CARL HUMPHREY FLD,STUTTGART,AR,ARKANSAS,34.59947852,-91.57500027,34.59947852,-91.57500027,224.4,PU,PU,Non-towered,
1188,TXK,TEXARKANA RGNL-WEBB FLD,TEXARKANA,AR,ARKANSAS,33.45371638,-93.99103055,33.45371638,-93.99103055,389.7,PU,PU,Towered,
1195.51,M27,WALDRON MUNI,WALDRON,AR,ARKANSAS,34.876,-94.10888888,34.876,-94.10888888,705,PU,PU,Non-towered,
1197,ARG,WALNUT RIDGE RGNL,WALNUT RIDGE,AR,ARKANSAS,36.12466666,-90.92511111,36.12466666,-90.92511111,279,PU,PU,Non-towered,
1200.1,3M9,WARREN MUNI/JOHN B FRAZER JR FLD,WARREN,AR,ARKANSAS,33.56044333,-92.08538861,33.56044333,-92.08538861,235,PU,PU,Non-towered,
1206.2,AWM,WEST MEMPHIS MUNI,WEST MEMPHIS,AR,ARKANSAS,35.13505555,-90.23444444,35.13505555,-90.23444444,212.7,PU,PU,Non-towered,
626,P01,ERIC MARCUS MUNI,AJO,AZ,ARIZONA,32.45289027,-112.8614083,32.45289027,-112.8614083,1450,PU,PU,Non-towered,
630.3,E51,BAGDAD,BAGDAD,AZ,ARIZONA,34.59289444,-113.1719486,34.59289444,-113.1719486,4195.7,PU,PU,Non-towered,
632.1,E95,BENSON MUNI/PAUL KERCHUM FLD,BENSON,AZ,ARIZONA,31.99944444,-110.3579722,31.99944444,-110.3579722,3830.9,PU,PU,Non-towered,
634,P04,BISBEE MUNI,BISBEE,AZ,ARIZONA,31.36399027,-109.8831286,31.36399027,-109.8831286,4780,PU,PU,Non-towered,
640.3,BXK,BUCKEYE MUNI,BUCKEYE,AZ,ARIZONA,33.42253388,-112.6862339,33.42253388,-112.6862339,1033,PU,PU,Non-towered,
640.5,IFP,LAUGHLIN/BULLHEAD INTL,BULLHEAD CITY,AZ,ARIZONA,35.15461444,-114.5593322,35.15461444,-114.5593322,707.1,PU,PU,Towered,
640.51,A20,SUN VALLEY,BULLHEAD CITY,AZ,ARIZONA,35.00563888,-114.5650278,35.00563888,-114.5650278,725,PR,PU,Non-towered,
642.9,CGZ,CASA GRANDE MUNI,CASA GRANDE,AZ,ARIZONA,32.95489805,-111.76682,32.95489805,-111.76682,1464.4,PU,PU,Non-towered,
648,CHD,CHANDLER MUNI,CHANDLER,AZ,ARIZONA,33.26909611,-111.8111211,33.26909611,-111.8111211,1243.4,PU,PU,Towered,
645.11,P19,STELLAR AIRPARK,CHANDLER,AZ,ARIZONA,33.29877111,-111.9157875,33.29877111,-111.9157875,1178.5,PR,PU,Non-towered,
653.01,E91,CHINLE MUNI,CHINLE,AZ,ARIZONA,36.10930555,-109.5754722,36.10930555,-109.5754722,5550,PU,PU,Non-towered,
658,CFT,GREENLEE COUNTY,CLIFTON/MORENCI,AZ,ARIZONA,32.95703863,-109.2111623,32.95703863,-109.2111623,3797.8,PU,PU,Non-towered,
660.7,AZC,COLORADO CITY MUNI,COLORADO CITY,AZ,ARIZONA,36.95994444,-113.0138889,36.95994444,-113.0138889,4873.8,PU,PU,Non-towered,
662,P08,COOLIDGE MUNI,COOLIDGE,AZ,ARIZONA,32.93602388,-111.4264728,32.93602388,-111.4264728,1576.1,PU,PU,Non-towered,
665,P52,COTTONWOOD,COTTONWOOD,AZ,ARIZONA,34.73005611,-112.0351372,34.73005611,-112.0351372,3560.3,PU,PU,Non-towered,
670.2,P03,COCHISE COLLEGE,DOUGLAS,AZ,ARIZONA,31.37131388,-109.6899528,31.37131388,-109.6899528,4146,PU,PU,Non-towered,
670,DGL,DOUGLAS MUNI,DOUGLAS,AZ,ARIZONA,31.34260277,-109.5064544,31.34260277,-109.5064544,4173,PU,PU,Non-towered,
671,DUG,BISBEE DOUGLAS INTL,DOUGLAS BISBEE,AZ,ARIZONA,31.46894444,-109.60375,31.46894444,-109.60375,4150.2,PU,PU,Non-towered,
672.54,E60,ELOY MUNI,ELOY,AZ,ARIZONA,32.80672194,-111.5866264,32.80672194,-111.5866264,1511.1,PU,PU,Non-towered,
674,FLG,FLAGSTAFF PULLIAM,FLAGSTAFF,AZ,ARIZONA,35.14031583,-111.6692414,35.14031583,-111.6692414,7014.7,PU,PU,Towered,
682,FHU,SIERRA VISTA MUNI-LIBBY AAF,FORT HUACHUCA SIERRA VISTA,AZ,ARIZONA,31.58847222,-110.3443889,31.58847222,-110.3443889,4719.1,MR,PU,Towered,
687.1,E63,GILA BEND MUNI,GILA BEND,AZ,ARIZONA,32.96016944,-112.6736375,32.96016944,-112.6736375,788.7,PU,PU,Non-towered,
692.21,GEU,GLENDALE RGNL,GLENDALE,AZ,ARIZONA,33.52691666,-112.2951389,33.52691666,-112.2951389,1071.3,PU,PU,Towered,
694,P13,SAN CARLOS APACHE,GLOBE,AZ,ARIZONA,33.35313888,-110.6673611,33.35313888,-110.6673611,3260.8,PU,PU,Non-towered,
696.71,GYR,PHOENIX GOODYEAR,GOODYEAR,AZ,ARIZONA,33.42327777,-112.3753611,33.42327777,-112.3753611,969.1,PU,PU,Towered,
700.1,GCN,GRAND CANYON NTL PARK,GRAND CANYON,AZ,ARIZONA,35.95236111,-112.1469722,35.95236111,-112.1469722,6608.9,PU,PU,Towered,
700.11,40G,VALLE,GRAND CANYON,AZ,ARIZONA,35.65056527,-112.1480919,35.65056527,-112.1480919,5999,PR,PU,Non-towered,
710,P14,HOLBROOK MUNI,HOLBROOK,AZ,ARIZONA,34.94072222,-110.1385,34.94072222,-110.1385,5261.8,PU,PU,Non-towered,
712.8,0V7,KAYENTA,KAYENTA,AZ,ARIZONA,36.71644444,-110.2284444,36.71644444,-110.2284444,5687.5,PU,PU,Non-towered,
713,E67,KEARNY,KEARNY,AZ,ARIZONA,33.04719444,-110.9090556,33.04719444,-110.9090556,1833,PU,PU,Non-towered,
716,IGM,KINGMAN,KINGMAN,AZ,ARIZONA,35.25947805,-113.9380503,35.25947805,-113.9380503,3448.8,PU,PU,Non-towered,
717.76,HII,LAKE HAVASU CITY,LAKE HAVASU CITY,AZ,ARIZONA,34.57112388,-114.3582769,34.57112388,-114.3582769,782.8,PU,PU,Non-towered,
813,AVQ,MARANA RGNL,MARANA,AZ,ARIZONA,32.40955555,-111.2183889,32.40955555,-111.2183889,2031.5,PU,PU,Non-towered,
728,MZJ,PINAL AIRPARK,MARANA,AZ,ARIZONA,32.50983333,-111.3253333,32.50983333,-111.3253333,1893.1,PU,PU,Non-towered,
728.5,L41,MARBLE CANYON,MARBLE CANYON,AZ,ARIZONA,36.81080555,-111.6444444,36.81080555,-111.6444444,3603,PR,PU,Non-towered,
751.55,A39,AK-CHIN RGNL,MARICOPA,AZ,ARIZONA,32.99054861,-111.9189014,32.99054861,-111.9189014,1307,PU,PU,Non-towered,
728.65,E68,ESTRELLA SAILPORT,MARICOPA,AZ,ARIZONA,33.08532666,-112.1609794,33.08532666,-112.1609794,1273,PR,PU,Non-towered,
729,FFZ,FALCON FLD,MESA,AZ,ARIZONA,33.46084055,-111.7283253,33.46084055,-111.7283253,1394,PU,PU,Towered,
739,OLS,NOGALES INTL,NOGALES,AZ,ARIZONA,31.41772222,-110.8478889,31.41772222,-110.8478889,3955.3,PU,PU,Non-towered,
742.2,PGA,PAGE MUNI,PAGE,AZ,ARIZONA,36.92606944,-111.4483506,36.92606944,-111.4483506,4316.6,PU,PU,Non-towered,
745,P20,AVI SUQUILLA,PARKER,AZ,ARIZONA,34.14983333,-114.2678333,34.14983333,-114.2678333,458.4,PU,PU,Non-towered,
747.1,PAN,PAYSON,PAYSON,AZ,ARIZONA,34.25683583,-111.3392556,34.25683583,-111.3392556,5160.4,PU,PU,Non-towered,
749,1G4,GRAND CANYON WEST,PEACH SPRINGS,AZ,ARIZONA,35.98611111,-113.8169167,35.98611111,-113.8169167,4816.7,PU,PU,Non-towered,
753,IWA,MESA GATEWAY,PHOENIX,AZ,ARIZONA,33.30782388,-111.6554592,33.30782388,-111.6554592,1384.1,PU,PU,Towered,
751.4,DVT,PHOENIX DEER VALLEY,PHOENIX,AZ,ARIZONA,33.68830555,-112.0825556,33.68830555,-112.0825556,1478.1,PU,PU,Towered,
754,PHX,PHOENIX SKY HARBOR INTL,PHOENIX,AZ,ARIZONA,33.43427777,-112.0115833,33.43427777,-112.0115833,1134.8,PU,PU,Towered,1
761,P10,POLACCA,POLACCA,AZ,ARIZONA,35.79161111,-110.4233889,35.79161111,-110.4233889,5573,PU,PU,Non-towered,
763,PRC,PRESCOTT RGNL/ERNEST A LOVE FLD,PRESCOTT,AZ,ARIZONA,34.65483333,-112.4192222,34.65483333,-112.4192222,5045.2,PU,PU,Towered,
782,SAD,SAFFORD RGNL/1LT DUANE SPALSBURY FLD,SAFFORD,AZ,ARIZONA,32.85334111,-109.6350819,32.85334111,-109.6350819,3178.4,PU,PU,Non-towered,
786.2,44A,ROLLE AIRFIELD,SAN LUIS,AZ,ARIZONA,32.51630555,-114.6983889,32.51630555,-114.6983889,163,PU,PU,Non-towered,
786.7,E77,SAN MANUEL,SAN MANUEL,AZ,ARIZONA,32.63644027,-110.6472877,32.63644027,-110.6472877,3271.8,PU,PU,Non-towered,
788,SDL,SCOTTSDALE,SCOTTSDALE,AZ,ARIZONA,33.62288888,-111.9105278,33.62288888,-111.9105278,1510.1,PU,PU,Towered,
788.3,SEZ,SEDONA,SEDONA,AZ,ARIZONA,34.84858916,-111.7884475,34.84858916,-111.7884475,4830.5,PU,PU,Non-towered,
791.1,P23,SELIGMAN,SELIGMAN,AZ,ARIZONA,35.335075,-112.8864972,35.335075,-112.8864972,5237,PU,PU,Non-towered,
793,E78,SELLS,SELLS,AZ,ARIZONA,31.93258333,-111.89425,31.93258333,-111.89425,2409,PU,PU,Non-towered,
794.1,SOW,SHOW LOW RGNL,SHOW LOW,AZ,ARIZONA,34.26547166,-110.0056625,34.26547166,-110.0056625,6415.5,PU,PU,Non-towered,
797,JTC,SPRINGERVILLE MUNI,SPRINGERVILLE,AZ,ARIZONA,34.12941666,-109.3108611,34.12941666,-109.3108611,7055.2,PU,PU,Non-towered,
783,SJN,ST JOHNS INDUSTRIAL AIR PARK,ST JOHNS,AZ,ARIZONA,34.51855555,-109.37875,34.51855555,-109.37875,5736.5,PU,PU,Non-towered,
804,TYL,TAYLOR,TAYLOR,AZ,ARIZONA,34.45273222,-110.1150347,34.45273222,-110.1150347,5823.1,PU,PU,Non-towered,
806.2,U30,TEMPLE BAR,TEMPLE BAR,AZ,ARIZONA,36.02044444,-114.3349167,36.02044444,-114.3349167,1549,PU,PU,Non-towered,
810,P29,TOMBSTONE MUNI,TOMBSTONE,AZ,ARIZONA,31.6713125,-110.0215153,31.6713125,-110.0215153,4733.2,PU,PU,Non-towered,
811.12,T03,TUBA CITY,TUBA CITY,AZ,ARIZONA,36.09263888,-111.3830833,36.09263888,-111.3830833,4513,PU,PU,Non-towered,
818,RYN,RYAN FLD,TUCSON,AZ,ARIZONA,32.14221111,-111.1745792,32.14221111,-111.1745792,2418.9,PU,PU,Towered,
816,TUS,TUCSON INTL,TUCSON,AZ,ARIZONA,32.11706819,-110.9414628,32.11706819,-110.9414628,2643,PU,PU,Towered,
823,E24,WHITERIVER,WHITERIVER,AZ,ARIZONA,33.81060833,-109.9857436,33.81060833,-109.9857436,5153,PU,PU,Non-towered,
827.3,E25,WICKENBURG MUNI,WICKENBURG,AZ,ARIZONA,33.97062933,-112.7950898,33.97062933,-112.7950898,2378.6,PU,PU,Non-towered,
830,P33,COCHISE COUNTY,WILLCOX,AZ,ARIZONA,32.24541666,-109.8946389,32.24541666,-109.8946389,4187.3,PU,PU,Non-towered,
831,CMR,H A CLARK MEML FLD,WILLIAMS,AZ,ARIZONA,35.30549361,-112.1943478,35.30549361,-112.1943478,6690.8,PU,PU,Non-towered,
833.1,RQE,WINDOW ROCK,WINDOW ROCK,AZ,ARIZONA,35.65205555,-109.0673889,35.65205555,-109.0673889,6742,PU,PU,Non-towered,
838,INW,WINSLOW-LINDBERGH RGNL,WINSLOW,AZ,ARIZONA,35.02190972,-110.7225158,35.02190972,-110.7225158,4941.1,PU,PU,Non-towered,
841,NYL,YUMA MCAS/YUMA INTL,YUMA,AZ,ARIZONA,32.65657388,-114.6059872,32.65657388,-114.6059872,213.3,MN,PU,Towered,
1217,A26,ADIN,ADIN,CA,CALIFORNIA,41.1865,-120.9543889,41.1865,-120.9543889,4234,PU,PU,Non-towered,
1219,L70,AGUA DULCE,AGUA DULCE,CA,CALIFORNIA,34.50351483,-118.3131572,34.50351483,-118.3131572,2633,PR,PU,Non-towered,
1234,AAT,ALTURAS MUNI,ALTURAS,CA,CALIFORNIA,41.48286111,-120.5654167,41.48286111,-120.5654167,4378.3,PU,PU,Non-towered,
1234.12,A24,CALIFORNIA PINES,ALTURAS,CA,CALIFORNIA,41.41225972,-120.6838861,41.41225972,-120.6838861,4389,PU,PU,Non-towered,
1244.8,2O3,ANGWIN-PARRETT FLD,ANGWIN,CA,CALIFORNIA,38.58002777,-122.4354722,38.58002777,-122.4354722,1875,PR,PU,Non-towered,
1248.1,APV,APPLE VALLEY,APPLE VALLEY,CA,CALIFORNIA,34.57533138,-117.1861881,34.57533138,-117.1861881,3061.5,PU,PU,Non-towered,
1255.1,ACV,CALIFORNIA REDWOOD COAST-HUMBOLDT COUNTY,ARCATA/EUREKA,CA,CALIFORNIA,40.97782638,-124.1084692,40.97782638,-124.1084692,222.3,PU,PU,Non-towered,
1886.3,MER,CASTLE,ATWATER,CA,CALIFORNIA,37.38048444,-120.5681864,37.38048444,-120.5681864,190.4,PU,PU,Towered,
1273,AUN,AUBURN MUNI,AUBURN,CA,CALIFORNIA,38.95481972,-121.0817292,38.95481972,-121.0817292,1538.2,PU,PU,Non-towered,
1276,AVX,CATALINA,AVALON,CA,CALIFORNIA,33.40499722,-118.4157694,33.40499722,-118.4157694,1602,PR,PU,Non-towered,
1286.1,0O2,BAKER,BAKER,CA,CALIFORNIA,35.28627777,-116.0813611,35.28627777,-116.0813611,922,PU,PU,Non-towered,
1289.1,L45,BAKERSFIELD MUNI,BAKERSFIELD,CA,CALIFORNIA,35.32487472,-118.9960219,35.32487472,-118.9960219,378.3,PU,PU,Non-towered,
1291,BFL,MEADOWS FLD,BAKERSFIELD,CA,CALIFORNIA,35.43386111,-119.0576667,35.43386111,-119.0576667,509.6,PU,PU,Towered,
1297,BNG,BANNING MUNI,BANNING,CA,CALIFORNIA,33.92255555,-116.8509722,33.92255555,-116.8509722,2222.4,PU,PU,Non-towered,
1307,O02,NERVINO,BECKWOURTH,CA,CALIFORNIA,39.81852777,-120.3528056,39.81852777,-120.3528056,4899.9,PU,PU,Non-towered,
1318,O55,SOUTHARD FLD,BIEBER,CA,CALIFORNIA,41.13954027,-121.12405,41.13954027,-121.12405,4163,PU,PU,Non-towered,
1323,L35,BIG BEAR CITY,BIG BEAR CITY,CA,CALIFORNIA,34.26377777,-116.8560278,34.26377777,-116.8560278,6752.4,PU,PU,Non-towered,
1327,BIH,BISHOP,BISHOP,CA,CALIFORNIA,37.37311111,-118.3636111,37.37311111,-118.3636111,4124.3,PU,PU,Non-towered,
1336,BLH,BLYTHE,BLYTHE,CA,CALIFORNIA,33.61916666,-114.7168889,33.61916666,-114.7168889,399.6,PU,PU,Non-towered,
1340.25,D83,BOONVILLE,BOONVILLE,CA,CALIFORNIA,39.0139528,-123.3815533,39.0139528,-123.3815533,378.5,PU,PU,Non-towered,
1340.3,L08,BORREGO VALLEY,BORREGO SPRINGS,CA,CALIFORNIA,33.25902777,-116.3209722,33.25902777,-116.3209722,522.2,PU,PU,Non-towered,
1342,BWC,BRAWLEY MUNI,BRAWLEY,CA,CALIFORNIA,32.9929375,-115.5172633,32.9929375,-115.5172633,-127.8,PU,PU,Non-towered,
1346,O57,BRYANT FLD,BRIDGEPORT,CA,CALIFORNIA,38.26465363,-119.2227311,38.26465363,-119.2227311,6471.7,PU,PU,Non-towered,
1353,BUR,BOB HOPE,BURBANK,CA,CALIFORNIA,34.20069444,-118.3586667,34.20069444,-118.3586667,778,PU,PU,Towered,
1356.1,L62,ELK HILLS-BUTTONWILLOW,BUTTONWILLOW,CA,CALIFORNIA,35.35344444,-119.4797222,35.35344444,-119.4797222,326,PU,PU,Non-towered,
1356.5,C83,BYRON,BYRON,CA,CALIFORNIA,37.82844444,-121.6258333,37.82844444,-121.6258333,78.5,PU,PU,Non-towered,
1358,CXL,CALEXICO INTL,CALEXICO,CA,CALIFORNIA,32.66744444,-115.5175833,32.66744444,-115.5175833,5.7,PU,PU,Non-towered,
1360,L71,CALIFORNIA CITY MUNI,CALIFORNIA CITY,CA,CALIFORNIA,35.15125,-118.0166667,35.15125,-118.0166667,2453.5,PU,PU,Non-towered,
1363,CLR,CLIFF HATFIELD MEML,CALIPATRIA,CA,CALIFORNIA,33.13133333,-115.5213889,33.13133333,-115.5213889,-181.8,PU,PU,Non-towered,
1369.1,CMA,CAMARILLO,CAMARILLO,CA,CALIFORNIA,34.21375833,-119.0943542,34.21375833,-119.0943542,76.8,PU,PU,Towered,
1369.8,O61,CAMERON PARK,CAMERON PARK,CA,CALIFORNIA,38.684,-120.9875278,38.684,-120.9875278,1287.3,PU,PU,Non-towered,
1376.1,CRQ,MC CLELLAN-PALOMAR,CARLSBAD,CA,CALIFORNIA,33.12825,-117.2800833,33.12825,-117.2800833,330.5,PU,PU,Towered,
1384,O59,CEDARVILLE,CEDARVILLE,CA,CALIFORNIA,41.55361111,-120.1656111,41.55361111,-120.1656111,4623,PU,PU,Non-towered,
1390,49X,CHEMEHUEVI VALLEY,CHEMEHUEVI VALLEY,CA,CALIFORNIA,34.52888888,-114.4319722,34.52888888,-114.4319722,638.3,PU,PU,Non-towered,
1392,O05,ROGERS FLD,CHESTER,CA,CALIFORNIA,40.28236111,-121.2411667,40.28236111,-121.2411667,4534.4,PU,PU,Non-towered,
1395,CIC,CHICO RGNL,CHICO,CA,CALIFORNIA,39.79538888,-121.8584167,39.79538888,-121.8584167,240.2,PU,PU,Towered,
1398,CNO,CHINO,CHINO,CA,CALIFORNIA,33.9747793,-117.6364828,33.9747793,-117.6364828,650,PU,PU,Towered,
1399,L77,CHIRIACO SUMMIT,CHIRIACO SUMMIT,CA,CALIFORNIA,33.66481111,-115.7104139,33.66481111,-115.7104139,1710.7,PU,PU,Non-towered,
1400.5,2O6,CHOWCHILLA,CHOWCHILLA,CA,CALIFORNIA,37.11327777,-120.247,37.11327777,-120.247,243,PU,PU,Non-towered,
1411.1,O60,CLOVERDALE MUNI,CLOVERDALE,CA,CALIFORNIA,38.77627777,-122.9926111,38.77627777,-122.9926111,275.9,PU,PU,Non-towered,
1419.12,3O8,HARRIS RANCH,COALINGA,CA,CALIFORNIA,36.24811111,-120.2384722,36.24811111,-120.2384722,470,PR,PU,Non-towered,
1419.13,C80,NEW COALINGA MUNI,COALINGA,CA,CALIFORNIA,36.16211111,-120.2948333,36.16211111,-120.2948333,624.8,PU,PU,Non-towered,
1429,O22,COLUMBIA,COLUMBIA,CA,CALIFORNIA,38.03041666,-120.4145556,38.03041666,-120.4145556,2120.7,PU,PU,Non-towered,
1431.1,O08,COLUSA COUNTY,COLUSA,CA,CALIFORNIA,39.179,-121.9933333,39.179,-121.9933333,49,PU,PU,Non-towered,
1434,CPM,COMPTON/WOODLEY,COMPTON,CA,CALIFORNIA,33.88991666,-118.2438056,33.88991666,-118.2438056,98.7,PU,PU,Non-towered,
1437,CCR,BUCHANAN FLD,CONCORD,CA,CALIFORNIA,37.98965666,-122.0569022,37.98965666,-122.0569022,25.6,PU,PU,Towered,
1443,0O4,CORNING MUNI,CORNING,CA,CALIFORNIA,39.94610805,-122.1711167,39.94610805,-122.1711167,295.4,PU,PU,Non-towered,
1447.3,AJO,CORONA MUNI,CORONA,CA,CALIFORNIA,33.89765408,-117.6024398,33.89765408,-117.6024398,533,PU,PU,Non-towered,
1458,O09,ROUND VALLEY,COVELO,CA,CALIFORNIA,39.7905,-123.2663333,39.7905,-123.2663333,1434,PU,PU,Non-towered,
1464,CEC,JACK MC NAMARA FLD,CRESCENT CITY,CA,CALIFORNIA,41.78016666,-124.2365278,41.78016666,-124.2365278,60.7,PU,PU,Non-towered,
1479,DAG,BARSTOW-DAGGETT,DAGGETT,CA,CALIFORNIA,34.85372222,-116.7866944,34.85372222,-116.7866944,1930,PU,PU,Non-towered,
1488.1,EDU,UNIVERSITY,DAVIS,CA,CALIFORNIA,38.53146222,-121.7864639,38.53146222,-121.7864639,69.5,PU,PU,Non-towered,
1488,DWA,YOLO COUNTY,DAVIS/WOODLAND/WINTERS,CA,CALIFORNIA,38.57938888,-121.8569444,38.57938888,-121.8569444,100,PU,PU,Non-towered,
1494.61,L06,FURNACE CREEK,DEATH VALLEY NATIONAL PARK,CA,CALIFORNIA,36.4605,-116.8798056,36.4605,-116.8798056,-210,PU,PU,Non-towered,
1494.62,L09,STOVEPIPE WELLS,DEATH VALLEY NATIONAL PARK,CA,CALIFORNIA,36.60383333,-117.1592222,36.60383333,-117.1592222,25,PU,PU,Non-towered,
1497,DLO,DELANO MUNI,DELANO,CA,CALIFORNIA,35.74555555,-119.2365,35.74555555,-119.2365,316.3,PU,PU,Non-towered,
1508,D63,DINSMORE,DINSMORE,CA,CALIFORNIA,40.49204888,-123.5982214,40.49204888,-123.5982214,2392.8,PU,PU,Non-towered,
1512,A32,BUTTE VALLEY,DORRIS,CA,CALIFORNIA,41.88725,-121.9755833,41.88725,-121.9755833,4243.1,PU,PU,Non-towered,
1521,1O6,DUNSMUIR MUNI-MOTT,DUNSMUIR,CA,CALIFORNIA,41.26291944,-122.2720375,41.26291944,-122.2720375,3261.4,PU,PU,Non-towered,
1539,EMT,SAN GABRIEL VALLEY,EL MONTE,CA,CALIFORNIA,34.08600888,-118.0348453,34.08600888,-118.0348453,295.6,PU,PU,Towered,
1548,BLU,BLUE CANYON - NYACK,EMIGRANT GAP,CA,CALIFORNIA,39.27497222,-120.70975,39.27497222,-120.70975,5283.5,PU,PU,Non-towered,
1559.1,O19,KNEELAND,EUREKA,CA,CALIFORNIA,40.71895194,-123.9272169,40.71895194,-123.9272169,2741,PU,PU,Non-towered,
1560,EKA,MURRAY FLD,EUREKA,CA,CALIFORNIA,40.80339805,-124.1127903,40.80339805,-124.1127903,10.9,PU,PU,Non-towered,
1561,O33,SAMOA FLD,EUREKA,CA,CALIFORNIA,40.78086111,-124.2122778,40.78086111,-124.2122778,20,PU,PU,Non-towered,
1569,O89,FALL RIVER MILLS,FALL RIVER MILLS,CA,CALIFORNIA,41.01736111,-121.4349722,41.01736111,-121.4349722,3328,PU,PU,Non-towered,
1568.5,L18,FALLBROOK COMMUNITY AIRPARK,FALLBROOK,CA,CALIFORNIA,33.35467416,-117.2502853,33.35467416,-117.2502853,710.9,PU,PU,Non-towered,
1569.3,L73,POSO-KERN COUNTY,FAMOSO,CA,CALIFORNIA,35.59638888,-119.1282778,35.59638888,-119.1282778,635,PU,PU,Non-towered,
1570.41,F34,FIREBAUGH,FIREBAUGH,CA,CALIFORNIA,36.85998861,-120.4644675,36.85998861,-120.4644675,157.2,PU,PU,Non-towered,
1583,A30,SCOTT VALLEY,FORT JONES,CA,CALIFORNIA,41.55777777,-122.8549444,41.55777777,-122.8549444,2728,PU,PU,Non-towered,
1586,FOT,ROHNERVILLE,FORTUNA,CA,CALIFORNIA,40.55394138,-124.1326556,40.55394138,-124.1326556,392.7,PU,PU,Non-towered,
1588,F72,FRANKLIN FLD,FRANKLIN,CA,CALIFORNIA,38.304,-121.4293056,38.304,-121.4293056,23.1,PU,PU,Non-towered,
1590,FCH,FRESNO CHANDLER EXEC,FRESNO,CA,CALIFORNIA,36.73212416,-119.8203325,36.73212416,-119.8203325,279.8,PU,PU,Non-towered,
1591,FAT,FRESNO YOSEMITE INTL,FRESNO,CA,CALIFORNIA,36.77655555,-119.7188333,36.77655555,-119.7188333,335.5,PU,PU,Towered,
1591.5,E79,SIERRA SKY PARK,FRESNO,CA,CALIFORNIA,36.84016666,-119.8693889,36.84016666,-119.8693889,321,PR,PU,Non-towered,
1593,FUL,FULLERTON MUNI,FULLERTON,CA,CALIFORNIA,33.87201416,-117.9797842,33.87201416,-117.9797842,96,PU,PU,Towered,
1599.1,O16,GARBERVILLE,GARBERVILLE,CA,CALIFORNIA,40.08543972,-123.8141469,40.08543972,-123.8141469,550.9,PU,PU,Non-towered,
1606,0O9,WARD FLD,GASQUET,CA,CALIFORNIA,41.84558333,-123.9847778,41.84558333,-123.9847778,356,PU,PU,Non-towered,
1608.7,E36,GEORGETOWN,GEORGETOWN,CA,CALIFORNIA,38.92111111,-120.8648056,38.92111111,-120.8648056,2624.9,PU,PU,Non-towered,
1626,GOO,NEVADA COUNTY,GRASS VALLEY,CA,CALIFORNIA,39.22406027,-121.0025492,39.22406027,-121.0025492,3157.7,PU,PU,Non-towered,
1635.61,E45,PINE MOUNTAIN LAKE,GROVELAND,CA,CALIFORNIA,37.86166666,-120.1785556,37.86166666,-120.1785556,2932.6,PU,PU,Non-towered,
1635.85,E55,OCEAN RIDGE,GUALALA,CA,CALIFORNIA,38.8017075,-123.5305522,38.8017075,-123.5305522,933.6,PR,PU,Non-towered,
1636,3O1,GUSTINE,GUSTINE,CA,CALIFORNIA,37.26055555,-120.96425,37.26055555,-120.96425,79.2,PU,PU,Non-towered,
1638,HAF,HALF MOON BAY,HALF MOON BAY,CA,CALIFORNIA,37.51344444,-122.5011667,37.51344444,-122.5011667,66.3,PU,PU,Non-towered,
1641,HJO,HANFORD MUNI,HANFORD,CA,CALIFORNIA,36.31672222,-119.6276667,36.31672222,-119.6276667,239.5,PU,PU,Non-towered,
1645,36S,HAPPY CAMP,HAPPY CAMP,CA,CALIFORNIA,41.79067944,-123.3889444,41.79067944,-123.3889444,1209,PU,PU,Non-towered,
1647,HHR,JACK NORTHROP FLD/HAWTHORNE MUNI,HAWTHORNE,CA,CALIFORNIA,33.92286111,-118.3350833,33.92286111,-118.3350833,65.9,PU,PU,Towered,
1650.01,F62,HAYFORK,HAYFORK,CA,CALIFORNIA,40.547,-123.1796389,40.547,-123.1796389,2333.8,PU,PU,Non-towered,
1651,HWD,HAYWARD EXEC,HAYWARD,CA,CALIFORNIA,37.65893166,-122.1217389,37.65893166,-122.1217389,52.1,PU,PU,Towered,
1651.7,HES,HEALDSBURG MUNI,HEALDSBURG,CA,CALIFORNIA,38.65285916,-122.8986415,38.65285916,-122.8986415,280,PU,PU,Non-towered,
1654,HMT,HEMET-RYAN,HEMET,CA,CALIFORNIA,33.73402777,-117.0223056,33.73402777,-117.0223056,1514.8,PU,PU,Non-towered,
1661,H37,HERLONG,HERLONG,CA,CALIFORNIA,40.13872222,-120.1799722,40.13872222,-120.1799722,4062,PU,PU,Non-towered,
1662,L26,HESPERIA,HESPERIA,CA,CALIFORNIA,34.37694444,-117.3160556,34.37694444,-117.3160556,3390,PR,PU,Non-towered,
1668,CVH,HOLLISTER MUNI,HOLLISTER,CA,CALIFORNIA,36.8933475,-121.4102736,36.8933475,-121.4102736,230.6,PU,PU,Non-towered,
1671,L04,HOLTVILLE,HOLTVILLE,CA,CALIFORNIA,32.84494444,-115.2685,32.84494444,-115.2685,59,PU,PU,Non-towered,
1674,O21,HOOPA,HOOPA,CA,CALIFORNIA,41.04147222,-123.6678056,41.04147222,-123.6678056,356,PU,PU,Non-towered,
1678,H47,HYAMPOM,HYAMPOM,CA,CALIFORNIA,40.62561111,-123.4685,40.62561111,-123.4685,1277,PU,PU,Non-towered,
1683,IPL,IMPERIAL COUNTY,IMPERIAL,CA,CALIFORNIA,32.83422222,-115.57875,32.83422222,-115.57875,-53.6,PU,PU,Non-towered,
1686,2O7,INDEPENDENCE,INDEPENDENCE,CA,CALIFORNIA,36.81637238,-118.2049326,36.81637238,-118.2049326,3908.2,PU,PU,Non-towered,
1695,IYK,INYOKERN,INYOKERN,CA,CALIFORNIA,35.65874127,-117.8295325,35.65874127,-117.8295325,2457,PU,PU,Non-towered,
1701,JAQ,WESTOVER FLD AMADOR COUNTY,JACKSON,CA,CALIFORNIA,38.37680166,-120.7939103,38.37680166,-120.7939103,1693,PU,PU,Non-towered,
1704,L78,JACUMBA,JACUMBA,CA,CALIFORNIA,32.61588055,-116.1655389,32.61588055,-116.1655389,2844,PU,PU,Non-towered,
1710.1,L05,KERN VALLEY,KERNVILLE,CA,CALIFORNIA,35.72822222,-118.4197222,35.72822222,-118.4197222,2614,PU,PU,Non-towered,
1713,KIC,MESA DEL REY,KING CITY,CA,CALIFORNIA,36.22855555,-121.1213056,36.22855555,-121.1213056,374.2,PU,PU,Non-towered,
1722.5,S51,ANDY MC BETH,KLAMATH GLEN,CA,CALIFORNIA,41.51202777,-123.9956667,41.51202777,-123.9956667,42,PU,PU,Non-towered,
1757,POC,BRACKETT FLD,LA VERNE,CA,CALIFORNIA,34.09166666,-117.7817778,34.09166666,-117.7817778,1013.9,PU,PU,Towered,
1743,1O2,LAMPSON FLD,LAKEPORT,CA,CALIFORNIA,38.99061111,-122.9007222,38.99061111,-122.9007222,1380.1,PU,PU,Non-towered,
1754.2,WJF,GENERAL WM J FOX AIRFIELD,LANCASTER,CA,CALIFORNIA,34.74105555,-118.2186389,34.74105555,-118.2186389,2350.7,PU,PU,Towered,
1764.1,O24,LEE VINING,LEE VINING,CA,CALIFORNIA,37.95773863,-119.1058112,37.95773863,-119.1058112,6802.2,PU,PU,Non-towered,
1772,LHM,LINCOLN RGNL/KARL HARDER FLD,LINCOLN,CA,CALIFORNIA,38.90916666,-121.3513333,38.90916666,-121.3513333,121.4,PU,PU,Non-towered,
1778,LLR,LITTLE RIVER,LITTLE RIVER,CA,CALIFORNIA,39.26205555,-123.7537778,39.26205555,-123.7537778,573.8,PU,PU,Non-towered,
1779.2,LVK,LIVERMORE MUNI,LIVERMORE,CA,CALIFORNIA,37.69338888,-121.8203611,37.69338888,-121.8203611,399.9,PU,PU,Towered,
1783,O20,KINGDON AIRPARK,LODI,CA,CALIFORNIA,38.09186944,-121.3583333,38.09186944,-121.3583333,18.1,PR,PU,Non-towered,
1782,1O3,LODI,LODI,CA,CALIFORNIA,38.20244166,-121.2691417,38.20244166,-121.2691417,59.9,PR,PU,Non-towered,
1784,L53,LODI AIRPARK,LODI,CA,CALIFORNIA,38.08408694,-121.3163369,38.08408694,-121.3163369,25,PR,PU,Non-towered,
1788.2,LPC,LOMPOC,LOMPOC,CA,CALIFORNIA,34.66561944,-120.4675028,34.66561944,-120.4675028,88.1,PU,PU,Non-towered,
1791,O26,LONE PINE/DEATH VALLEY,LONE PINE,CA,CALIFORNIA,36.58869444,-118.0493889,36.58869444,-118.0493889,3709.8,PU,PU,Non-towered,
1794,LGB,LONG BEACH (DAUGHERTY FLD),LONG BEACH,CA,CALIFORNIA,33.81792972,-118.1518906,33.81792972,-118.1518906,60.4,PU,PU,Towered,
1818,LAX,LOS ANGELES INTL,LOS ANGELES,CA,CALIFORNIA,33.94249638,-118.4080486,33.94249638,-118.4080486,127.8,PU,PU,Towered,1
1818.1,WHP,WHITEMAN,LOS ANGELES,CA,CALIFORNIA,34.25932527,-118.4134331,34.25932527,-118.4134331,1003,PU,PU,Towered,
1839,LSN,LOS BANOS MUNI,LOS BANOS,CA,CALIFORNIA,37.06388888,-120.8698611,37.06388888,-120.8698611,121.4,PU,PU,Non-towered,
1853,MAE,MADERA MUNI,MADERA,CA,CALIFORNIA,36.98860027,-120.1124497,36.98860027,-120.1124497,255.2,PU,PU,Non-towered,
1857,MMH,MAMMOTH YOSEMITE,MAMMOTH LAKES,CA,CALIFORNIA,37.62405555,-118.83875,37.62405555,-118.83875,7134.8,PU,PU,Non-towered,
1860,OAR,MARINA MUNI,MARINA,CA,CALIFORNIA,36.68152777,-121.7616667,36.68152777,-121.7616667,136.6,PU,PU,Non-towered,
1866,MPI,MARIPOSA-YOSEMITE,MARIPOSA,CA,CALIFORNIA,37.51086111,-120.0395278,37.51086111,-120.0395278,2254.2,PU,PU,Non-towered,
1866.4,M45,ALPINE COUNTY,MARKLEEVILLE,CA,CALIFORNIA,38.73475,-119.7670556,38.73475,-119.7670556,5871.7,PU,PU,Non-towered,
1873,MYV,YUBA COUNTY,MARYSVILLE,CA,CALIFORNIA,39.09777777,-121.5698333,39.09777777,-121.5698333,64.3,PU,PU,Non-towered,
1882.2,M90,WILLIAM ROBERT JOHNSTON MUNI,MENDOTA,CA,CALIFORNIA,36.75861111,-120.3713889,36.75861111,-120.3713889,162,PU,PU,Non-towered,
1886,MCE,MERCED YOSEMITE RGNL,MERCED,CA,CALIFORNIA,37.28475,-120.5139167,37.28475,-120.5139167,155.2,PU,PU,Non-towered,
1896,MOD,MODESTO CITY-COUNTY-HARRY SHAM FLD,MODESTO,CA,CALIFORNIA,37.62582472,-120.95443,37.62582472,-120.95443,99.2,PU,PU,Towered,
1899,MHV,MOJAVE AIR & SPACE PORT/RUTAN FLD,MOJAVE,CA,CALIFORNIA,35.05894444,-118.1506111,35.05894444,-118.1506111,2801.3,PU,PU,Towered,
1905,1O5,MONTAGUE-YREKA ROHRER FLD,MONTAGUE,CA,CALIFORNIA,41.72998333,-122.5444806,41.72998333,-122.5444806,2527,PU,PU,Non-towered,
1906,SIY,SISKIYOU COUNTY,MONTAGUE,CA,CALIFORNIA,41.78144444,-122.4681111,41.78144444,-122.4681111,2651.1,PU,PU,Non-towered,
1914,MRY,MONTEREY RGNL,MONTEREY,CA,CALIFORNIA,36.58695222,-121.8427831,36.58695222,-121.8427831,256.6,PU,PU,Towered,
1931.6,F70,FRENCH VALLEY,MURRIETA/TEMECULA,CA,CALIFORNIA,33.57417908,-117.1284732,33.57417908,-117.1284732,1349.5,PU,PU,Non-towered,
1933,APC,NAPA COUNTY,NAPA,CA,CALIFORNIA,38.21318916,-122.2806872,38.21318916,-122.2806872,35.5,PU,PU,Towered,
1938,EED,NEEDLES,NEEDLES,CA,CALIFORNIA,34.76634683,-114.6232799,34.76634683,-114.6232799,983.1,PU,PU,Non-towered,
1943,L88,NEW CUYAMA,NEW CUYAMA,CA,CALIFORNIA,34.94017777,-119.6861167,34.94017777,-119.6861167,2204,PR,PU,Non-towered,
1967,DVO,GNOSS FLD,NOVATO,CA,CALIFORNIA,38.14357583,-122.5570914,38.14357583,-122.5570914,4,PU,PU,Non-towered,
1970,O27,OAKDALE,OAKDALE,CA,CALIFORNIA,37.75634361,-120.8002083,37.75634361,-120.8002083,236.5,PU,PU,Non-towered,
1971,OAK,OAKLAND SAN FRANCISCO BAY,OAKLAND,CA,CALIFORNIA,37.72126138,-122.2211506,37.72126138,-122.2211506,9,PU,PU,Towered,
1971.7,L52,OCEANO COUNTY,OCEANO,CA,CALIFORNIA,35.10152916,-120.6223153,35.10152916,-120.6223153,14,PU,PU,Non-towered,
1975.1,OKB,BOB MAXWELL MEML AIRFIELD,OCEANSIDE,CA,CALIFORNIA,33.21797638,-117.3515075,33.21797638,-117.3515075,28,PU,PU,Non-towered,
1986,ONT,ONTARIO INTL,ONTARIO,CA,CALIFORNIA,34.05601416,-117.6011875,34.05601416,-117.6011875,944.1,PU,PU,Towered,
1995.8,O37,HAIGH FLD,ORLAND,CA,CALIFORNIA,39.72038888,-122.1463611,39.72038888,-122.1463611,217.7,PU,PU,Non-towered,
1998,OVE,OROVILLE MUNI,OROVILLE,CA,CALIFORNIA,39.48781944,-121.6219878,39.48781944,-121.6219878,194.2,PU,PU,Non-towered,
2001,OXR,OXNARD,OXNARD,CA,CALIFORNIA,34.20080694,-119.2072264,34.20080694,-119.2072264,44.8,PU,PU,Towered,
2017.1,UDD,BERMUDA DUNES,PALM SPRINGS,CA,CALIFORNIA,33.7484375,-116.2748133,33.7484375,-116.2748133,73,PR,PU,Non-towered,
2017.2,TRM,JACQUELINE COCHRAN RGNL,PALM SPRINGS,CA,CALIFORNIA,33.62667055,-116.1596544,33.62667055,-116.1596544,-114.4,PU,PU,Non-towered,
2017,PSP,PALM SPRINGS INTL,PALM SPRINGS,CA,CALIFORNIA,33.82966972,-116.5066942,33.82966972,-116.5066942,476.6,PU,PU,Towered,
2013,PMD,PALMDALE USAF PLANT 42,PALMDALE,CA,CALIFORNIA,34.62938888,-118.0845528,34.62938888,-118.0845528,2542.5,MA,PU,Towered,
2022,PAO,PALO ALTO,PALO ALTO,CA,CALIFORNIA,37.46112138,-122.1150467,37.46112138,-122.1150467,6.7,PU,PU,Towered,
2032,PRB,PASO ROBLES MUNI,PASO ROBLES,CA,CALIFORNIA,35.67288888,-120.6270833,35.67288888,-120.6270833,838.7,PU,PU,Non-towered,
2037.1,L65,PERRIS VALLEY,PERRIS,CA,CALIFORNIA,33.76463888,-117.219,33.76463888,-117.219,1413,PR,PU,Non-towered,
2042,O69,PETALUMA MUNI,PETALUMA,CA,CALIFORNIA,38.25779333,-122.6053236,38.25779333,-122.6053236,90.2,PU,PU,Non-towered,
2052,PVF,PLACERVILLE,PLACERVILLE,CA,CALIFORNIA,38.7242275,-120.7533092,38.7242275,-120.7533092,2585.8,PU,PU,Non-towered,
2062,PTV,PORTERVILLE MUNI,PORTERVILLE,CA,CALIFORNIA,36.02958333,-119.0627222,36.02958333,-119.0627222,443.2,PU,PU,Non-towered,
2074,2O1,GANSNER FLD,QUINCY,CA,CALIFORNIA,39.94391666,-120.9453889,39.94391666,-120.9453889,3418.6,PU,PU,Non-towered,
2078,RNM,RAMONA,RAMONA,CA,CALIFORNIA,33.03916666,-116.91525,33.03916666,-116.91525,1394.6,PU,PU,Towered,
2078.751,RIU,RANCHO MURIETA,RANCHO MURIETA,CA,CALIFORNIA,38.48677777,-121.1027778,38.48677777,-121.1027778,144.2,PR,PU,Non-towered,
2082,O39,RAVENDALE,RAVENDALE,CA,CALIFORNIA,40.80370277,-120.3662083,40.80370277,-120.3662083,5306,PU,PU,Non-towered,
2085,RBL,RED BLUFF MUNI,RED BLUFF,CA,CALIFORNIA,40.15030555,-122.2521944,40.15030555,-122.2521944,352.3,PU,PU,Non-towered,
2088,O85,BENTON FLD,REDDING,CA,CALIFORNIA,40.57367972,-122.4073356,40.57367972,-122.4073356,723.2,PU,PU,Non-towered,
2089,RDD,REDDING RGNL,REDDING,CA,CALIFORNIA,40.50898527,-122.2933853,40.50898527,-122.2933853,505,PU,PU,Towered,
2092,REI,REDLANDS MUNI,REDLANDS,CA,CALIFORNIA,34.08525,-117.1463889,34.08525,-117.1463889,1574.4,PU,PU,Non-towered,
2099,O32,REEDLEY MUNI,REEDLEY,CA,CALIFORNIA,36.671,-119.4510278,36.671,-119.4510278,386,PU,PU,Non-towered,
2110.4,L36,RIO LINDA,RIO LINDA,CA,CALIFORNIA,38.675,-121.4454444,38.675,-121.4454444,46,PR,PU,Non-towered,
2110.9,O88,RIO VISTA MUNI,RIO VISTA,CA,CALIFORNIA,38.19338888,-121.7036389,38.19338888,-121.7036389,22.6,PU,PU,Non-towered,
2115,RIV,MARCH ARB,RIVERSIDE,CA,CALIFORNIA,33.88194333,-117.2590169,33.88194333,-117.2590169,1536,MA,PU,Towered,
2112,RAL,RIVERSIDE MUNI,RIVERSIDE,CA,CALIFORNIA,33.95188888,-117.4451111,33.95188888,-117.4451111,818.9,PU,PU,Towered,
2113,RIR,FLABOB,RIVERSIDE/RUBIDOUX/,CA,CALIFORNIA,33.9887875,-117.4099097,33.9887875,-117.4099097,767,PR,PU,Non-towered,
2116.2,L00,ROSAMOND SKYPARK,ROSAMOND,CA,CALIFORNIA,34.8705,-118.2054167,34.8705,-118.2054167,2415,PR,PU,Non-towered,
2119.8,T42,RUTH,RUTH,CA,CALIFORNIA,40.21147222,-123.2976944,40.21147222,-123.2976944,2781,PU,PU,Non-towered,
2128,MCC,MC CLELLAN AIRFIELD,SACRAMENTO,CA,CALIFORNIA,38.66763888,-121.4006111,38.66763888,-121.4006111,76.8,PR,PU,Non-towered,
2127,SAC,SACRAMENTO EXEC,SACRAMENTO,CA,CALIFORNIA,38.51286111,-121.4933003,38.51286111,-121.4933003,23.6,PU,PU,Towered,
2124.2,SMF,SACRAMENTO INTL,SACRAMENTO,CA,CALIFORNIA,38.69544444,-121.5907778,38.69544444,-121.5907778,26.9,PU,PU,Towered,
2126,MHR,SACRAMENTO MATHER,SACRAMENTO,CA,CALIFORNIA,38.55531083,-121.2972114,38.55531083,-121.2972114,98.3,PU,PU,Towered,
2137,SNS,SALINAS MUNI,SALINAS,CA,CALIFORNIA,36.66241083,-121.6071536,36.66241083,-121.6071536,84.4,PU,PU,Towered,
2141.11,CPU,CALAVERAS COUNTY/MAURY RASMUSSEN FLD,SAN ANDREAS,CA,CALIFORNIA,38.14611111,-120.6481667,38.14611111,-120.6481667,1327.9,PU,PU,Non-towered,
2154,SBD,SAN BERNARDINO INTL,SAN BERNARDINO,CA,CALIFORNIA,34.09536111,-117.2348889,34.09536111,-117.2348889,1159.3,PU,PU,Towered,
2160.1,SQL,SAN CARLOS,SAN CARLOS,CA,CALIFORNIA,37.51186111,-122.2495311,37.51186111,-122.2495311,5.5,PU,PU,Towered,
2180,SDM,BROWN FLD MUNI,SAN DIEGO,CA,CALIFORNIA,32.57227777,-116.9801667,32.57227777,-116.9801667,526.1,PU,PU,Towered,
2166,MYF,MONTGOMERY-GIBBS EXEC,SAN DIEGO,CA,CALIFORNIA,32.81572222,-117.1395556,32.81572222,-117.1395556,427.3,PU,PU,Towered,
2170,SAN,SAN DIEGO INTL,SAN DIEGO,CA,CALIFORNIA,32.73356277,-117.1896633,32.73356277,-117.1896633,16.8,PU,PU,Towered,1
2165,SEE,GILLESPIE FLD,SAN DIEGO/EL CAJON,CA,CALIFORNIA,32.82622222,-116.9724444,32.82622222,-116.9724444,387.5,PU,PU,Towered,
2187,SFO,SAN FRANCISCO INTL,SAN FRANCISCO,CA,CALIFORNIA,37.61880555,-122.3754167,37.61880555,-122.3754167,13.1,PU,PU,Towered,1
2204,SJC,NORMAN Y MINETA SAN JOSE INTL,SAN JOSE,CA,CALIFORNIA,37.36299472,-121.9286206,37.36299472,-121.9286206,62.2,PU,PU,Towered,
2203,RHV,REID-HILLVIEW OF SANTA CLARA COUNTY,SAN JOSE,CA,CALIFORNIA,37.33286111,-121.8198056,37.33286111,-121.8198056,135.4,PU,PU,Towered,
2211,SBP,SAN LUIS OBISPO COUNTY RGNL,SAN LUIS OBISPO,CA,CALIFORNIA,35.2372725,-120.6426028,35.2372725,-120.6426028,212.3,PU,PU,Towered,
2213.4,E16,SAN MARTIN,SAN MARTIN,CA,CALIFORNIA,37.08158333,-121.5968056,37.08158333,-121.5968056,283.8,PU,PU,Non-towered,
2230,SNA,JOHN WAYNE/ORANGE COUNTY,SANTA ANA,CA,CALIFORNIA,33.67566194,-117.8682331,33.67566194,-117.8682331,55.9,PU,PU,Towered,
2235,SBA,SANTA BARBARA MUNI,SANTA BARBARA,CA,CALIFORNIA,34.42619166,-119.8414928,34.42619166,-119.8414928,13.5,PU,PU,Towered,
2251,SMX,SANTA MARIA PUB/CAPT G ALLAN HANCOCK FLD,SANTA MARIA,CA,CALIFORNIA,34.89994444,-120.4580833,34.89994444,-120.4580833,261.2,PU,PU,Towered,
2253,SMO,SANTA MONICA MUNI,SANTA MONICA,CA,CALIFORNIA,34.01582194,-118.4513061,34.01582194,-118.4513061,169.8,PU,PU,Towered,
2256,SZP,SANTA PAULA,SANTA PAULA,CA,CALIFORNIA,34.34701761,-119.0616166,34.34701761,-119.0616166,250,PR,PU,Non-towered,
2260,STS,CHARLES M SCHULZ/SONOMA COUNTY,SANTA ROSA,CA,CALIFORNIA,38.50969444,-122.8128889,38.50969444,-122.8128889,128.7,PU,PU,Towered,
2264,IZA,SANTA YNEZ/KUNKLE FLD,SANTA YNEZ,CA,CALIFORNIA,34.60681527,-120.07555,34.60681527,-120.07555,674.3,PU,PU,Non-towered,
2281.6,0Q3,SONOMA VALLEY,SCHELLVILLE/SONOMA,CA,CALIFORNIA,38.22394225,-122.449711,38.22394225,-122.449711,16,PR,PU,Non-towered,
2287.2,0Q4,SELMA,SELMA,CA,CALIFORNIA,36.5810005,-119.656978,36.5810005,-119.656978,305,PR,PU,Non-towered,
2292,MIT,SHAFTER-MINTER FLD,SHAFTER,CA,CALIFORNIA,35.50747777,-119.1921306,35.50747777,-119.1921306,424.8,PU,PU,Non-towered,
2294.4,0Q5,SHELTER COVE,SHELTER COVE,CA,CALIFORNIA,40.02816666,-124.0743056,40.02816666,-124.0743056,73.4,PU,PU,Non-towered,
2295,L61,SHOSHONE,SHOSHONE,CA,CALIFORNIA,35.96861111,-116.2692778,35.96861111,-116.2692778,1568,PU,PU,Non-towered,
2299.8,0Q9,SONOMA SKYPARK,SONOMA,CA,CALIFORNIA,38.25747222,-122.4345556,38.25747222,-122.4345556,28.5,PR,PU,Non-towered,
2303.7,TVL,LAKE TAHOE,SOUTH LAKE TAHOE,CA,CALIFORNIA,38.89388888,-119.9953333,38.89388888,-119.9953333,6268.4,PU,PU,Non-towered,
2314,SCK,STOCKTON METRO,STOCKTON,CA,CALIFORNIA,37.89441027,-121.23874,37.89441027,-121.23874,33.2,PU,PU,Towered,
2321,1Q1,ECKERT FLD,STRATHMORE,CA,CALIFORNIA,36.16238888,-119.0506389,36.16238888,-119.0506389,426,PR,PU,Non-towered,
2332.1,1Q2,SPAULDING,SUSANVILLE,CA,CALIFORNIA,40.65030555,-120.7685089,40.65030555,-120.7685089,5115.8,PU,PU,Non-towered,
2332,SVE,SUSANVILLE MUNI,SUSANVILLE,CA,CALIFORNIA,40.37569444,-120.5726944,40.37569444,-120.5726944,4149.1,PU,PU,Non-towered,
2338,L17,TAFT-KERN COUNTY,TAFT,CA,CALIFORNIA,35.14165808,-119.4378403,35.14165808,-119.4378403,858.2,PU,PU,Non-towered,
2341,TSP,TEHACHAPI MUNI,TEHACHAPI,CA,CALIFORNIA,35.13499444,-118.4393,35.13499444,-118.4393,4001.1,PU,PU,Non-towered,
2356.1,TOA,ZAMPERINI FLD,TORRANCE,CA,CALIFORNIA,33.80338286,-118.3396076,33.80338286,-118.3396076,103.2,PU,PU,Towered,
2358,1Q4,NEW JERUSALEM,TRACY,CA,CALIFORNIA,37.67777777,-121.3011944,37.67777777,-121.3011944,62,PU,PU,Non-towered,
2359,TCY,TRACY MUNI,TRACY,CA,CALIFORNIA,37.68889527,-121.4415747,37.68889527,-121.4415747,193.6,PU,PU,Non-towered,
2362.1,O86,TRINITY CENTER,TRINITY CENTER,CA,CALIFORNIA,40.98275,-122.6937222,40.98275,-122.6937222,2390,PU,PU,Non-towered,
2363,L72,TRONA,TRONA,CA,CALIFORNIA,35.81266666,-117.3269167,35.81266666,-117.3269167,1717.8,PU,PU,Non-towered,
2366,TRK,TRUCKEE-TAHOE,TRUCKEE,CA,CALIFORNIA,39.32005555,-120.1395833,39.32005555,-120.1395833,5904.3,PU,PU,Towered,
2371,TLR,MEFFORD FLD,TULARE,CA,CALIFORNIA,36.15658333,-119.3265556,36.15658333,-119.3265556,265.3,PU,PU,Non-towered,
2375,O81,TULELAKE MUNI,TULELAKE,CA,CALIFORNIA,41.89064611,-121.3606197,41.89064611,-121.3606197,4048.7,PU,PU,Non-towered,
2376,O15,TURLOCK MUNI,TURLOCK,CA,CALIFORNIA,37.48402777,-120.6973333,37.48402777,-120.6973333,160.8,PU,PU,Non-towered,
2379.2,TNP,TWENTYNINE PALMS,TWENTYNINE PALMS,CA,CALIFORNIA,34.13158333,-115.9458056,34.13158333,-115.9458056,1888,PU,PU,Non-towered,
2383,UKI,UKIAH MUNI,UKIAH,CA,CALIFORNIA,39.12594444,-123.2008611,39.12594444,-123.2008611,616.8,PU,PU,Non-towered,
2385,CCB,CABLE,UPLAND,CA,CALIFORNIA,34.11160944,-117.6873883,34.11160944,-117.6873883,1443.5,PR,PU,Non-towered,
2389.1,VCB,NUT TREE,VACAVILLE,CA,CALIFORNIA,38.37823472,-121.9612011,38.37823472,-121.9612011,116.6,PU,PU,Non-towered,
2396,VNY,VAN NUYS,VAN NUYS,CA,CALIFORNIA,34.20980555,-118.4899722,34.20980555,-118.4899722,802.1,PU,PU,Towered,
2407,VCV,SOUTHERN CALIFORNIA LOGISTICS,VICTORVILLE,CA,CALIFORNIA,34.59552611,-117.3826622,34.59552611,-117.3826622,2885.3,PU,PU,Towered,
2414,D86,SEQUOIA FLD,VISALIA,CA,CALIFORNIA,36.44791666,-119.3187222,36.44791666,-119.3187222,313,PU,PU,Non-towered,
2413,VIS,VISALIA MUNI,VISALIA,CA,CALIFORNIA,36.31863777,-119.3928608,36.31863777,-119.3928608,292.5,PU,PU,Non-towered,
2422,L19,WASCO-KERN COUNTY,WASCO,CA,CALIFORNIA,35.61986111,-119.3537222,35.61986111,-119.3537222,312,PU,PU,Non-towered,
2429,WVI,WATSONVILLE MUNI,WATSONVILLE,CA,CALIFORNIA,36.9357325,-121.7896375,36.9357325,-121.7896375,163.3,PU,PU,Non-towered,
2431.1,O54,LONNIE POOL FLD/WEAVERVILLE,WEAVERVILLE,CA,CALIFORNIA,40.747225,-122.9223653,40.747225,-122.9223653,2350,PU,PU,Non-towered,
2434,O46,WEED,WEED,CA,CALIFORNIA,41.48080555,-122.4545278,41.48080555,-122.4545278,2942.7,PU,PU,Non-towered,
2455.1,O28,ELLS FLD/WILLITS MUNI,WILLITS,CA,CALIFORNIA,39.45132888,-123.3723308,39.45132888,-123.3723308,2065.9,PU,PU,Non-towered,
2461,WLW,WILLOWS/GLENN COUNTY,WILLOWS,CA,CALIFORNIA,39.51575588,-122.2172754,39.51575588,-122.2172754,141.2,PU,PU,Non-towered,
2463.51,O42,WOODLAKE,WOODLAKE,CA,CALIFORNIA,36.39877777,-119.1068056,36.39877777,-119.1068056,425,PU,PU,Non-towered,
2467,O41,WATTS-WOODLAND,WOODLAND,CA,CALIFORNIA,38.67387638,-121.8720772,38.67387638,-121.8720772,125,PR,PU,Non-towered,
2494,O52,SUTTER COUNTY,YUBA CITY,CA,CALIFORNIA,39.12366666,-121.6053611,39.12366666,-121.6053611,59.6,PU,PU,Non-towered,
2496.1,L22,YUCCA VALLEY,YUCCA VALLEY,CA,CALIFORNIA,34.12983333,-116.4068889,34.12983333,-116.4068889,3224,PU,PU,Non-towered,
2503,AKO,COLORADO PLAINS RGNL,AKRON,CO,COLORADO,40.17563888,-103.2220278,40.17563888,-103.2220278,4716,PU,PU,Non-towered,
2510,ALS,SAN LUIS VALLEY RGNL/BERGMAN FLD,ALAMOSA,CO,COLORADO,37.435125,-105.8678753,37.435125,-105.8678753,7539.8,PU,PU,Non-towered,
2517,ASE,ASPEN-PITKIN COUNTY/SARDY FLD,ASPEN,CO,COLORADO,39.22187833,-106.8682333,39.22187833,-106.8682333,7837.9,PU,PU,Towered,
2522,BDU,BOULDER MUNI,BOULDER,CO,COLORADO,40.03936527,-105.2260896,40.03936527,-105.2260896,5288,PU,PU,Non-towered,
2528.1,7V5,BRUSH MUNI,BRUSH,CO,COLORADO,40.26436111,-103.5756389,40.26436111,-103.5756389,4280,PU,PU,Non-towered,
2530.1,AEJ,CENTRAL COLORADO RGNL,BUENA VISTA,CO,COLORADO,38.81419444,-106.1206111,38.81419444,-106.1206111,7950.4,PU,PU,Non-towered,
2531.01,ITR,KIT CARSON COUNTY,BURLINGTON,CO,COLORADO,39.24251111,-102.2853775,39.24251111,-102.2853775,4218.4,PU,PU,Non-towered,
2532,1V6,FREMONT COUNTY,CANON CITY,CO,COLORADO,38.42856022,-105.1068544,38.42856022,-105.1068544,5442.4,PU,PU,Non-towered,
2538.3,1V8,LEACH,CENTER,CO,COLORADO,37.78491666,-106.0469167,37.78491666,-106.0469167,7598,PU,PU,Non-towered,
2543,COS,CITY OF COLORADO SPRINGS MUNI,COLORADO SPRINGS,CO,COLORADO,38.80581666,-104.7007764,38.80581666,-104.7007764,6187,PU,PU,Towered,
2544,FLY,MEADOW LAKE,COLORADO SPRINGS,CO,COLORADO,38.94276972,-104.5699047,38.94276972,-104.5699047,6878.1,PR,PU,Non-towered,
2546.1,CEZ,CORTEZ MUNI,CORTEZ,CO,COLORADO,37.3030025,-108.6280442,37.3030025,-108.6280442,5917.6,PU,PU,Non-towered,
2549,CAG,CRAIG-MOFFAT,CRAIG,CO,COLORADO,40.49522222,-107.5216667,40.49522222,-107.5216667,6197.5,PU,PU,Non-towered,
2549.8,99V,CRAWFORD,CRAWFORD,CO,COLORADO,38.70415361,-107.6436694,38.70415361,-107.6436694,6470,PR,PU,Non-towered,
2550,C24,MINERAL COUNTY MEML,CREEDE,CO,COLORADO,37.82216666,-106.9298889,37.82216666,-106.9298889,8680,PU,PU,Non-towered,
2558,RCV,ASTRONAUT KENT ROMINGER,DEL NORTE,CO,COLORADO,37.7137838,-106.3520185,37.7137838,-106.3520185,7955.4,PU,PU,Non-towered,
2564.1,AJZ,BLAKE FLD,DELTA,CO,COLORADO,38.78560333,-108.0620136,38.78560333,-108.0620136,5193.1,PU,PU,Non-towered,
2564.21,D17,WESTWINDS,DELTA,CO,COLORADO,38.75847222,-108.1484722,38.75847222,-108.1484722,5000,PR,PU,Non-towered,
2572,APA,CENTENNIAL,DENVER,CO,COLORADO,39.57011861,-104.8492931,39.57011861,-104.8492931,5884.9,PU,PU,Towered,
2575.1,CFO,COLORADO AIR AND SPACE PORT,DENVER,CO,COLORADO,39.78419444,-104.5376389,39.78419444,-104.5376389,5515.2,PU,PU,Towered,
2573,DEN,DENVER INTL,DENVER,CO,COLORADO,39.86166666,-104.6731667,39.86166666,-104.6731667,5433.8,PU,PU,Towered,1
2569,BJC,ROCKY MOUNTAIN METRO,DENVER,CO,COLORADO,39.90880555,-105.1171944,39.90880555,-105.1171944,5673.4,PU,PU,Towered,
2586.24,00C,ANIMAS AIR PARK,DURANGO,CO,COLORADO,37.20317833,-107.8691953,37.20317833,-107.8691953,6684,PR,PU,Non-towered,
2586.1,DRO,DURANGO-LA PLATA COUNTY,DURANGO,CO,COLORADO,37.15152777,-107.7537778,37.15152777,-107.7537778,6689.4,PU,PU,Non-towered,
2587,9V7,EADS MUNI,EADS,CO,COLORADO,38.47513888,-102.8108611,38.47513888,-102.8108611,4245,PU,PU,Non-towered,
2588,EGE,EAGLE COUNTY RGNL,EAGLE,CO,COLORADO,39.64275,-106.9159444,39.64275,-106.9159444,6547.4,PU,PU,Towered,
2592.8,CO4,COLORADO SPRINGS EAST,ELLICOTT,CO,COLORADO,38.87425,-104.4098438,38.87425,-104.4098438,6145,PR,PU,Non-towered,
2596.131,EIK,ERIE MUNI,ERIE,CO,COLORADO,40.01025,-105.0480833,40.01025,-105.0480833,5119.4,PU,PU,Non-towered,
2603.1,FNL,NORTHERN COLORADO RGNL,FORT COLLINS/LOVELAND,CO,COLORADO,40.45181583,-105.0113256,40.45181583,-105.0113256,5020.3,PU,PU,Towered,
2612,FMM,FORT MORGAN MUNI,FORT MORGAN,CO,COLORADO,40.33544444,-103.8041667,40.33544444,-103.8041667,4595.3,PU,PU,Non-towered,
2618,GWS,KGWS SUMERS AIRPARK,GLENWOOD SPRINGS,CO,COLORADO,39.506,-107.3090833,39.506,-107.3090833,5916,PU,PU,Non-towered,
2623,GNB,GRANBY-GRAND COUNTY,GRANBY,CO,COLORADO,40.09005555,-105.9166389,40.09005555,-105.9166389,8207.1,PU,PU,Non-towered,
2624,GJT,GRAND JUNCTION RGNL,GRAND JUNCTION,CO,COLORADO,39.12149916,-108.5254856,39.12149916,-108.5254856,4861.4,PU,PU,Towered,
2627,GXY,GREELEY-WELD COUNTY,GREELEY,CO,COLORADO,40.43741666,-104.6332222,40.43741666,-104.6332222,4696.8,PU,PU,Non-towered,
2631,GUC,GUNNISON-CRESTED BUTTE RGNL,GUNNISON,CO,COLORADO,38.53433333,-106.93175,38.53433333,-106.93175,7679.6,PU,PU,Non-towered,
2634.4,17V,HAXTUN MUNI,HAXTUN,CO,COLORADO,40.62444444,-102.6079722,40.62444444,-102.6079722,4035,PU,PU,Non-towered,
2635.7,HDN,YAMPA VALLEY,HAYDEN,CO,COLORADO,40.48119444,-107.2176667,40.48119444,-107.2176667,6606.3,PU,PU,Non-towered,
2638.9,HEQ,HOLYOKE,HOLYOKE,CO,COLORADO,40.56942972,-102.2726889,40.56942972,-102.2726889,3729.7,PU,PU,Non-towered,
2640.62,18V,PLATTE VALLEY AIRPARK,HUDSON,CO,COLORADO,40.10272222,-104.7011944,40.10272222,-104.7011944,4965,PR,PU,Non-towered,
2644,7V8,JULESBURG MUNI,JULESBURG,CO,COLORADO,40.97025833,-102.3152736,40.97025833,-102.3152736,3495,PU,PU,Non-towered,
2649,20V,MC ELROY AIRFIELD,KREMMLING,CO,COLORADO,40.05343416,-106.3689744,40.05343416,-106.3689744,7415.7,PU,PU,Non-towered,
2651,LHX,LA JUNTA MUNI,LA JUNTA,CO,COLORADO,38.05,-103.50975,38.05,-103.50975,4228.6,PU,PU,Non-towered,
2659,07V,CUCHARA VALLEY AT LA VETA,LA VETA,CO,COLORADO,37.52382444,-105.0092686,37.52382444,-105.0092686,7152.5,PU,PU,Non-towered,
2654,LAA,SOUTHEAST COLORADO RGNL,LAMAR,CO,COLORADO,38.06970388,-102.6884942,38.06970388,-102.6884942,3705.3,PU,PU,Non-towered,
2657,7V9,CITY OF LAS ANIMAS - BENT COUNTY,LAS ANIMAS,CO,COLORADO,38.05402777,-103.2384722,38.05402777,-103.2384722,3915,PU,PU,Non-towered,
2660.1,LXV,LAKE COUNTY,LEADVILLE,CO,COLORADO,39.21947222,-106.3164167,39.21947222,-106.3164167,9933.5,PU,PU,Non-towered,
2665.1,LIC,LIMON MUNI,LIMON,CO,COLORADO,39.27477777,-103.6658611,39.27477777,-103.6658611,5374.4,PU,PU,Non-towered,
2669,LMO,VANCE BRAND,LONGMONT,CO,COLORADO,40.16438888,-105.1636389,40.16438888,-105.1636389,5055.3,PU,PU,Non-towered,
2685,EEO,MEEKER COULTER FLD,MEEKER,CO,COLORADO,40.04880555,-107.8859167,40.04880555,-107.8859167,6415.4,PU,PU,Non-towered,
2690.1,MVI,MONTE VISTA MUNI,MONTE VISTA,CO,COLORADO,37.52872611,-106.0458978,37.52872611,-106.0458978,7611.2,PU,PU,Non-towered,
2692,MTJ,MONTROSE RGNL,MONTROSE,CO,COLORADO,38.50980555,-107.89425,38.50980555,-107.89425,5758.5,PU,PU,Non-towered,
2696,AIB,HOPKINS FLD,NUCLA,CO,COLORADO,38.23900222,-108.5628067,38.23900222,-108.5628067,5945.1,PU,PU,Non-towered,
2702.1,PSO,STEVENS FLD,PAGOSA SPRINGS,CO,COLORADO,37.28624861,-107.0560089,37.28624861,-107.0560089,7663.3,PU,PU,Non-towered,
2704,7V2,NORTH FORK VALLEY,PAONIA,CO,COLORADO,38.83130555,-107.6458611,38.83130555,-107.6458611,5788,PU,PU,Non-towered,
2709,PUB,PUEBLO MEML,PUEBLO,CO,COLORADO,38.2899475,-104.4980281,38.2899475,-104.4980281,4729.3,PU,PU,Towered,
2710.3,4V0,RANGELY,RANGELY,CO,COLORADO,40.09397222,-108.7630556,40.09397222,-108.7630556,5278,PU,PU,Non-towered,
2711,RIL,RIFLE GARFIELD COUNTY,RIFLE,CO,COLORADO,39.52660666,-107.7279869,39.52660666,-107.7279869,5536.8,PU,PU,Non-towered,
2719,ANK,SALIDA/HARRIETT ALEXANDER FLD,SALIDA,CO,COLORADO,38.53827777,-106.0486389,38.53827777,-106.0486389,7523,PU,PU,Non-towered,
2732,8V7,SPRINGFIELD MUNI,SPRINGFIELD,CO,COLORADO,37.45872222,-102.618,37.45872222,-102.618,4390.2,PU,PU,Non-towered,
2738,SBS,STEAMBOAT SPRINGS/BOB ADAMS FLD,STEAMBOAT SPRINGS,CO,COLORADO,40.51626083,-106.8663017,40.51626083,-106.8663017,6882.4,PU,PU,Non-towered,
2741,STK,STERLING MUNI,STERLING,CO,COLORADO,40.61429805,-103.2642611,40.61429805,-103.2642611,4037.6,PU,PU,Non-towered,
2742,TEX,TELLURIDE RGNL,TELLURIDE,CO,COLORADO,37.95380555,-107.90875,37.95380555,-107.90875,9069.7,PU,PU,Non-towered,
2744,TAD,PERRY STOKES,TRINIDAD,CO,COLORADO,37.25922361,-104.3408614,37.25922361,-104.3408614,5761.6,PU,PU,Non-towered,
2750,33V,WALDEN-JACKSON COUNTY,WALDEN,CO,COLORADO,40.75038888,-106.2715278,40.75038888,-106.2715278,8153.8,PU,PU,Non-towered,
2751,4V1,SPANISH PEAKS AIRFIELD,WALSENBURG,CO,COLORADO,37.69652891,-104.7849596,37.69652891,-104.7849596,6054.7,PU,PU,Non-towered,
2756.11,C08,SILVER WEST,WESTCLIFFE,CO,COLORADO,38.01327777,-105.3742722,38.01327777,-105.3742722,8290,PU,PU,Non-towered,
2762,2V5,WRAY MUNI,WRAY,CO,COLORADO,40.10039694,-102.2411725,40.10039694,-102.2411725,3677.6,PU,PU,Non-towered,
2765,2V6,YUMA MUNI,YUMA,CO,COLORADO,40.10571047,-102.7144377,40.10571047,-102.7144377,4137.7,PU,PU,Non-towered,
2785,BDR,BRIDGEPORT/SIKORSKY,BRIDGEPORT,CT,CONNECTICUT,41.16348083,-73.12617583,41.16348083,-73.12617583,8.5,PU,PU,Towered,
2798.3,SNC,CHESTER,CHESTER,CT,CONNECTICUT,41.38370944,-72.50578722,41.38370944,-72.50578722,416,PR,PU,Non-towered,
2802,DXR,DANBURY MUNI,DANBURY,CT,CONNECTICUT,41.37153444,-73.48218944,41.37153444,-73.48218944,456.7,PU,PU,Towered,
2803,LZD,DANIELSON,DANIELSON,CT,CONNECTICUT,41.81975,-71.90097222,41.81975,-71.90097222,238,PU,PU,Non-towered,
2804,42B,GOODSPEED,EAST HADDAM,CT,CONNECTICUT,41.44565444,-72.4556425,41.44565444,-72.4556425,9,PR,PU,Non-towered,
2810.1,7B9,ELLINGTON,ELLINGTON,CT,CONNECTICUT,41.92541666,-72.45711111,41.92541666,-72.45711111,253,PR,PU,Non-towered,
2823,GON,GROTON-NEW LONDON,GROTON (NEW LONDON),CT,CONNECTICUT,41.33005555,-72.04513888,41.33005555,-72.04513888,9.1,PU,PU,Towered,
2827,HFD,HARTFORD-BRAINARD,HARTFORD,CT,CONNECTICUT,41.73672222,-72.64944444,41.73672222,-72.64944444,18.3,PU,PU,Towered,
2844,MMK,MERIDEN MARKHAM MUNI,MERIDEN,CT,CONNECTICUT,41.50871472,-72.82947833,41.50871472,-72.82947833,103,PU,PU,Non-towered,
2858,HVN,TWEED/NEW HAVEN,NEW HAVEN,CT,CONNECTICUT,41.26372472,-72.88772916,41.26372472,-72.88772916,12.6,PU,PU,Towered,
2870.3,OXC,WATERBURY-OXFORD,OXFORD,CT,CONNECTICUT,41.47828055,-73.1351825,41.47828055,-73.1351825,730.1,PU,PU,Towered,
2880,4B8,ROBERTSON FLD,PLAINVILLE,CT,CONNECTICUT,41.68933333,-72.86469444,41.68933333,-72.86469444,201.8,PU,PU,Non-towered,
2886.1,C44,TOUTANT,PUTNAM,CT,CONNECTICUT,41.95569444,-72.05436111,41.95569444,-72.05436111,770,PR,PU,Non-towered,
2898,4B9,SIMSBURY,SIMSBURY,CT,CONNECTICUT,41.91619444,-72.77694444,41.91619444,-72.77694444,195,PR,PU,Non-towered,
2930,7B6,SKYLARK AIRPARK,WAREHOUSE POINT,CT,CONNECTICUT,41.92841666,-72.57638888,41.92841666,-72.57638888,120,PR,PU,Non-towered,
2944,IJD,WINDHAM,WILLIMANTIC,CT,CONNECTICUT,41.74402777,-72.18022222,41.74402777,-72.18022222,246.1,PU,PU,Non-towered,
2946,BDL,BRADLEY INTL,WINDSOR LOCKS,CT,CONNECTICUT,41.93903222,-72.68431583,41.93903222,-72.68431583,173.3,PU,PU,Towered,
3003,HEF,MANASSAS RGNL/HARRY P DAVIS FLD,WASHINGTON,DC,DIST. OF COLUMBIA,38.72102472,-77.51510472,38.72102472,-77.51510472,192.2,PU,PU,Towered,
3001,DCA,RONALD REAGAN WASHINGTON NTL,WASHINGTON,DC,DIST. OF COLUMBIA,38.85144027,-77.03772138,38.85144027,-77.03772138,14.1,PU,PU,Towered,1
3006.8,09W,SOUTH CAPITOL STREET,WASHINGTON,DC,DIST. OF COLUMBIA,38.86872333,-77.00747583,38.86872333,-77.00747583,10,PR,PU,Non-towered,
3002,IAD,WASHINGTON DULLES INTL,WASHINGTON,DC,DIST. OF COLUMBIA,38.94745638,-77.45992861,38.94745638,-77.45992861,312.3,PU,PU,Towered,1
2967.2,0N4,CHANDELLE,DOVER,DE,DELAWARE,39.20230555,-75.48541666,39.20230555,-75.48541666,22,PR,PU,Non-towered,
2967,DOV,DOVER AFB,DOVER,DE,DELAWARE,39.12953888,-75.46596111,39.12953888,-75.46596111,28.9,MA,PU,Towered,
2967.1,33N,DELAWARE AIRPARK,DOVER/CHESWOLD,DE,DELAWARE,39.21869444,-75.60047222,39.21869444,-75.60047222,55.2,PU,PU,Non-towered,
2968.5,D74,CHORMAN,FARMINGTON,DE,DELAWARE,38.84954861,-75.61278055,38.84954861,-75.61278055,65,PR,PU,Non-towered,
2970,GED,DELAWARE COASTAL,GEORGETOWN,DE,DELAWARE,38.68763277,-75.35930444,38.68763277,-75.35930444,53.3,PU,PU,Non-towered,
2981.1,EVY,SUMMIT,MIDDLETOWN,DE,DELAWARE,39.52102777,-75.72366666,39.52102777,-75.72366666,69.9,PR,PU,Non-towered,
2999,ILG,NEW CASTLE,WILMINGTON,DE,DELAWARE,39.67870972,-75.606635,39.67870972,-75.606635,79.9,PU,PU,Towered,
3025,AAF,APALACHICOLA RGNL-CLEVE RANDOLPH FLD,APALACHICOLA,FL,FLORIDA,29.72754944,-85.0273775,29.72754944,-85.0273775,19.6,PU,PU,Non-towered,
3025.1,F47,ST GEORGE ISLAND,APALACHICOLA,FL,FLORIDA,29.64458402,-84.91559894,29.64458402,-84.91559894,3,PR,PU,Non-towered,
3027.12,X04,ORLANDO APOPKA,APOPKA,FL,FLORIDA,28.70664416,-81.58139583,28.70664416,-81.58139583,150,PR,PU,Non-towered,
3030,X06,ARCADIA MUNI,ARCADIA,FL,FLORIDA,27.19531805,-81.8382275,27.19531805,-81.8382275,63,PU,PU,Non-towered,
3042,AVO,AVON PARK EXEC,AVON PARK,FL,FLORIDA,27.59129988,-81.52896683,27.59129988,-81.52896683,160.4,PU,PU,Non-towered,
3052,BOW,BARTOW EXEC,BARTOW,FL,FLORIDA,27.94335861,-81.78343722,27.94335861,-81.78343722,124.6,PU,PU,Towered,
3054,X10,BELLE GLADE STATE MUNI,BELLE GLADE,FL,FLORIDA,26.69819722,-80.66025722,26.69819722,-80.66025722,10.6,PU,PU,Non-towered,
3057.13,F95,CALHOUN COUNTY,BLOUNTSTOWN,FL,FLORIDA,30.48703166,-85.11378583,30.48703166,-85.11378583,121.2,PU,PU,Non-towered,
3060,BCT,BOCA RATON,BOCA RATON,FL,FLORIDA,26.37848555,-80.10769638,26.37848555,-80.10769638,12.9,PU,PU,Towered,
3063.51,BCR,TRI-COUNTY,BONIFAY,FL,FLORIDA,30.84388555,-85.60174944,30.84388555,-85.60174944,86,PU,PU,Non-towered,
3083,BKV,BROOKSVILLE-TAMPA BAY RGNL,BROOKSVILLE,FL,FLORIDA,28.47345805,-82.456065,28.47345805,-82.456065,76.1,PU,PU,Towered,
3083.01,X05,PILOT COUNTRY,BROOKSVILLE,FL,FLORIDA,28.33028277,-82.49648472,28.33028277,-82.49648472,80,PR,PU,Non-towered,
3098,X13,CARRABELLE-THOMPSON,CARRABELLE,FL,FLORIDA,29.842,-84.70111111,29.842,-84.70111111,20,PU,PU,Non-towered,
3102,CDK,GEORGE T LEWIS,CEDAR KEY,FL,FLORIDA,29.13424722,-83.05058333,29.13424722,-83.05058333,11,PU,PU,Non-towered,
3112,CLW,CLEARWATER AIR PARK,CLEARWATER,FL,FLORIDA,27.97721388,-82.75905694,27.97721388,-82.75905694,71,PU,PU,Non-towered,
3118,2IS,AIRGLADES,CLEWISTON,FL,FLORIDA,26.73517083,-81.05106,26.73517083,-81.05106,20.2,PU,PU,Non-towered,
3128.1,CEW,BOB SIKES,CRESTVIEW,FL,FLORIDA,30.77883111,-86.52211277,30.77883111,-86.52211277,213.5,PU,PU,Non-towered,
3132,CTY,CROSS CITY,CROSS CITY,FL,FLORIDA,29.63552777,-83.10475,29.63552777,-83.10475,42.1,PU,PU,Non-towered,
3135,CGC,CRYSTAL RIVER/DAVIS FLD,CRYSTAL RIVER,FL,FLORIDA,28.86761111,-82.57411111,28.86761111,-82.57411111,8.9,PU,PU,Non-towered,
3147,DAB,DAYTONA BEACH INTL,DAYTONA BEACH,FL,FLORIDA,29.17990888,-81.05804222,29.17990888,-81.05804222,34.2,PU,PU,Towered,
3153,54J,DEFUNIAK SPRINGS,DEFUNIAK SPRINGS,FL,FLORIDA,30.73111111,-86.15377777,30.73111111,-86.15377777,289.1,PU,PU,Non-towered,
3156,DED,DELAND MUNI-SIDNEY H TAYLOR FLD,DELAND,FL,FLORIDA,29.06703138,-81.28375722,29.06703138,-81.28375722,79.2,PU,PU,Non-towered,
3157,DTS,DESTIN EXEC,DESTIN,FL,FLORIDA,30.40005472,-86.47147222,30.40005472,-86.47147222,22.6,PU,PU,Towered,
3169,X35,MARION COUNTY,DUNNELLON,FL,FLORIDA,29.06176722,-82.37661944,29.06176722,-82.37661944,65.4,PU,PU,Non-towered,
3182,X01,EVERGLADES AIRPARK,EVERGLADES CITY,FL,FLORIDA,25.84886111,-81.39027777,25.84886111,-81.39027777,5,PU,PU,Non-towered,
3186,FHB,FERNANDINA BEACH MUNI,FERNANDINA BEACH,FL,FLORIDA,30.61183333,-81.46119444,30.61183333,-81.46119444,15.7,PU,PU,Non-towered,
3193,DT1,DOWNTOWN FORT LAUDERDALE,FORT LAUDERDALE,FL,FLORIDA,26.12046444,-80.14205486,26.12046444,-80.14205486,114,PU,PU,Non-towered,
3194,FXE,FORT LAUDERDALE EXEC,FORT LAUDERDALE,FL,FLORIDA,26.19727936,-80.17070627,26.19727936,-80.17070627,13.4,PU,PU,Towered,
3192,FLL,FORT LAUDERDALE/HOLLYWOOD INTL,FORT LAUDERDALE,FL,FLORIDA,26.07166666,-80.14969444,26.07166666,-80.14969444,65,PU,PU,Towered,
3198,FMY,PAGE FLD,FORT MYERS,FL,FLORIDA,26.58661527,-81.86324666,26.58661527,-81.86324666,17,PU,PU,Towered,
3198.2,RSW,SOUTHWEST FLORIDA INTL,FORT MYERS,FL,FLORIDA,26.53616388,-81.755155,26.53616388,-81.755155,29.9,PU,PU,Towered,
3202,FPR,TREASURE COAST INTL,FORT PIERCE,FL,FLORIDA,27.49747222,-80.37263888,27.49747222,-80.37263888,23.4,PU,PU,Towered,
3210,GNV,GAINESVILLE RGNL,GAINESVILLE,FL,FLORIDA,29.69005555,-82.27177777,29.69005555,-82.27177777,151.4,PU,PU,Towered,
3230.1,6J8,OAK TREE LANDING,HIGH SPRINGS,FL,FLORIDA,29.72026388,-82.66520833,29.72026388,-82.66520833,90,PR,PU,Non-towered,
3236,HWO,NORTH PERRY,HOLLYWOOD,FL,FLORIDA,26.00126166,-80.24069416,26.00126166,-80.24069416,8.5,PU,PU,Towered,
3242.1,X51,MIAMI HOMESTEAD GENERAL AVIATION,HOMESTEAD,FL,FLORIDA,25.49922694,-80.55424666,25.49922694,-80.55424666,7,PU,PU,Non-towered,
3245,IMM,IMMOKALEE RGNL,IMMOKALEE,FL,FLORIDA,26.43371216,-81.40047816,26.43371216,-81.40047816,37.1,PU,PU,Non-towered,
3249,INF,INVERNESS,INVERNESS,FL,FLORIDA,28.80361277,-82.31829083,28.80361277,-82.31829083,64.5,PU,PU,Non-towered,
3250.3,VQQ,CECIL,JACKSONVILLE,FL,FLORIDA,30.21877777,-81.87716666,30.21877777,-81.87716666,79.5,PU,PU,Towered,
3250,HEG,HERLONG RECREATIONAL,JACKSONVILLE,FL,FLORIDA,30.27778583,-81.80594555,30.27778583,-81.80594555,85.9,PU,PU,Non-towered,
3251,CRG,JACKSONVILLE EXEC AT CRAIG,JACKSONVILLE,FL,FLORIDA,30.33633333,-81.51444444,30.33633333,-81.51444444,40.7,PU,PU,Towered,
3250.1,JAX,JACKSONVILLE INTL,JACKSONVILLE,FL,FLORIDA,30.49404555,-81.68784666,30.49404555,-81.68784666,29.6,PU,PU,Towered,
3263,EYW,KEY WEST INTL,KEY WEST,FL,FLORIDA,24.55611972,-81.75995583,24.55611972,-81.75995583,3.4,PU,PU,Towered,
3262,42J,KEYSTONE HEIGHTS,KEYSTONE HEIGHTS,FL,FLORIDA,29.84475,-82.04752777,29.84475,-82.04752777,196,PU,PU,Non-towered,
3270.1,X14,LA BELLE MUNI,LA BELLE,FL,FLORIDA,26.74058333,-81.42827777,26.74058333,-81.42827777,20.2,PU,PU,Non-towered,
3279,LCQ,LAKE CITY GATEWAY,LAKE CITY,FL,FLORIDA,30.18205555,-82.57686111,30.18205555,-82.57686111,200.7,PU,PU,Towered,
3288,X07,LAKE WALES MUNI,LAKE WALES,FL,FLORIDA,27.89321083,-81.62145888,27.89321083,-81.62145888,126.7,PU,PU,Non-towered,
3283,LAL,LAKELAND LINDER INTL,LAKELAND,FL,FLORIDA,27.98763888,-82.019,27.98763888,-82.019,141.8,PU,PU,Towered,
3298,LEE,LEESBURG INTL,LEESBURG,FL,FLORIDA,28.82289805,-81.8084175,28.82289805,-81.8084175,76,PU,PU,Towered,
3305.1,24J,SUWANNEE COUNTY,LIVE OAK,FL,FLORIDA,30.30038888,-83.02438888,30.30038888,-83.02438888,103.3,PU,PU,Non-towered,
3314,MTH,THE FLORIDA KEYS MARATHON INTL,MARATHON,FL,FLORIDA,24.72619444,-81.05136111,24.72619444,-81.05136111,5.2,PU,PU,Non-towered,
3315.44,MKY,MARCO ISLAND EXEC,MARCO ISLAND,FL,FLORIDA,25.99502777,-81.67252777,25.99502777,-81.67252777,5.2,PU,PU,Non-towered,
3319,MAI,MARIANNA MUNI,MARIANNA,FL,FLORIDA,30.83822138,-85.18222361,30.83822138,-85.18222361,110.7,PU,PU,Non-towered,
3321,MLB,MELBOURNE ORLANDO INTL,MELBOURNE,FL,FLORIDA,28.10275,-80.64525,28.10275,-80.64525,33.3,PU,PU,Towered,
3323,COI,MERRITT ISLAND,MERRITT ISLAND,FL,FLORIDA,28.34159972,-80.68548472,28.34159972,-80.68548472,5.9,PU,PU,Non-towered,
3326,TNT,DADE-COLLIER TRAINING AND TRANSITION,MIAMI,FL,FLORIDA,25.86180555,-80.897,25.86180555,-80.897,12.7,PU,PU,Non-towered,
3325.1,TMB,MIAMI EXEC,MIAMI,FL,FLORIDA,25.64756372,-80.43322461,25.64756372,-80.43322461,10,PU,PU,Towered,
3333,MIA,MIAMI INTL,MIAMI,FL,FLORIDA,25.79536111,-80.29011583,25.79536111,-80.29011583,9.3,PU,PU,Towered,1
3339,OPF,MIAMI-OPA LOCKA EXEC,MIAMI,FL,FLORIDA,25.90741666,-80.27822222,25.90741666,-80.27822222,8,PU,PU,Towered,
3351,2R4,PETER PRINCE FLD,MILTON,FL,FLORIDA,30.6376225,-86.99365305,30.6376225,-86.99365305,81.7,PU,PU,Non-towered,
3379,APF,NAPLES MUNI,NAPLES,FL,FLORIDA,26.1524408,-81.77563919,26.1524408,-81.77563919,8.3,PU,PU,Towered,
3387.2,X50,MASSEY RANCH AIRPARK,NEW SMYRNA BEACH,FL,FLORIDA,28.97891666,-80.92477777,28.97891666,-80.92477777,10.6,PR,PU,Non-towered,
3387,EVB,NEW SMYRNA BEACH MUNI (JACK BOLT FLD),NEW SMYRNA BEACH,FL,FLORIDA,29.05569583,-80.94891194,29.05569583,-80.94891194,10.8,PU,PU,Towered,
3394,OCF,OCALA INTL-JIM TAYLOR FLD,OCALA,FL,FLORIDA,29.17187677,-82.22411463,29.17187677,-82.22411463,89.7,PU,PU,Towered,
3396,OBE,OKEECHOBEE COUNTY,OKEECHOBEE,FL,FLORIDA,27.26657361,-80.85039111,27.26657361,-80.85039111,33.5,PU,PU,Non-towered,
3407.2,ISM,KISSIMMEE GATEWAY,ORLANDO,FL,FLORIDA,28.28980694,-81.43708138,28.28980694,-81.43708138,82.1,PU,PU,Towered,
3408,ORL,ORLANDO EXEC,ORLANDO,FL,FLORIDA,28.54546166,-81.33293,28.54546166,-81.33293,112.6,PU,PU,Towered,
3407,MCO,ORLANDO INTL,ORLANDO,FL,FLORIDA,28.42938888,-81.309,28.42938888,-81.309,96.4,PU,PU,Towered,1
3407.1,SFB,ORLANDO SANFORD INTL,ORLANDO,FL,FLORIDA,28.77717805,-81.23491361,28.77717805,-81.23491361,54.8,PU,PU,Towered,
3411,OMN,ORMOND BEACH MUNI,ORMOND BEACH,FL,FLORIDA,29.30114,-81.11379972,29.30114,-81.11379972,28.1,PU,PU,Towered,
3419.1,PHK,PALM BEACH COUNTY GLADES,PAHOKEE,FL,FLORIDA,26.78502777,-80.69336111,26.78502777,-80.69336111,15.9,PU,PU,Non-towered,
3421,28J,PALATKA MUNI/LT KAY LARKIN FLD,PALATKA,FL,FLORIDA,29.658,-81.6901175,29.658,-81.6901175,47.8,PU,PU,Non-towered,
3423.3,FIN,FLAGLER EXEC,PALM COAST,FL,FLORIDA,29.46515111,-81.20764833,29.46515111,-81.20764833,33.1,PU,PU,Towered,
3430.3,ECP,NORTHWEST FLORIDA BEACHES INTL,PANAMA CITY,FL,FLORIDA,30.35824083,-85.79560222,30.35824083,-85.79560222,68.8,PU,PU,Towered,
3435,PNS,PENSACOLA INTL,PENSACOLA,FL,FLORIDA,30.47341666,-87.18661111,30.47341666,-87.18661111,120.9,PU,PU,Towered,
3442,FPY,PERRY-FOLEY,PERRY,FL,FLORIDA,30.0708125,-83.58154388,30.0708125,-83.58154388,44.3,PU,PU,Non-towered,
3446,PCM,PLANT CITY,PLANT CITY,FL,FLORIDA,28.00016666,-82.16330555,28.00016666,-82.16330555,152.7,PU,PU,Non-towered,
3451,PMP,POMPANO BEACH AIRPARK,POMPANO BEACH,FL,FLORIDA,26.24736,-80.1111275,26.24736,-80.1111275,19.3,PU,PU,Towered,
3455,PGD,PUNTA GORDA,PUNTA GORDA,FL,FLORIDA,26.9185925,-81.99088611,26.9185925,-81.99088611,25.5,PU,PU,Towered,
3459,2J9,QUINCY MUNI,QUINCY,FL,FLORIDA,30.59788638,-84.55744027,30.59788638,-84.55744027,221.2,PU,PU,Non-towered,
3462.98,2RR,RIVER RANCH RESORT,RIVER RANCH,FL,FLORIDA,27.77933333,-81.20391666,27.77933333,-81.20391666,55,PR,PU,Non-towered,
3484,SRQ,SARASOTA/BRADENTON INTL,SARASOTA/BRADENTON,FL,FLORIDA,27.39544444,-82.55438888,27.39544444,-82.55438888,29.9,PU,PU,Towered,
3489.1,X26,SEBASTIAN MUNI,SEBASTIAN,FL,FLORIDA,27.81325,-80.49558333,27.81325,-80.49558333,21.5,PU,PU,Non-towered,
3493,SEF,SEBRING RGNL,SEBRING,FL,FLORIDA,27.45638888,-81.34238888,27.45638888,-81.34238888,61.6,PU,PU,Non-towered,
3468,SGJ,NORTHEAST FLORIDA RGNL,ST AUGUSTINE,FL,FLORIDA,29.95925027,-81.33972916,29.95925027,-81.33972916,9.8,PU,PU,Towered,
3474,SPG,ALBERT WHITTED,ST PETERSBURG,FL,FLORIDA,27.76511416,-82.62693972,27.76511416,-82.62693972,6.6,PU,PU,Towered,
3475,PIE,ST PETE-CLEARWATER INTL,ST PETERSBURG-CLEARWATER,FL,FLORIDA,27.90863361,-82.68651,27.90863361,-82.68651,10.7,PU,PU,Towered,
3507,SUA,WITHAM FLD,STUART,FL,FLORIDA,27.18169916,-80.22129333,27.18169916,-80.22129333,16.1,PU,PU,Towered,
3509.1,TLH,TALLAHASSEE INTL,TALLAHASSEE,FL,FLORIDA,30.39675416,-84.35086888,30.39675416,-84.35086888,83.1,PU,PU,Towered,
3519,TPF,PETER O KNIGHT,TAMPA,FL,FLORIDA,27.91544444,-82.44938888,27.91544444,-82.44938888,7.4,PU,PU,Non-towered,
3513.1,VDF,TAMPA EXEC,TAMPA,FL,FLORIDA,28.01398722,-82.34525916,28.01398722,-82.34525916,21.1,PU,PU,Non-towered,
3513,TPA,TAMPA INTL,TAMPA,FL,FLORIDA,27.97546944,-82.5332475,27.97546944,-82.5332475,26.5,PU,PU,Towered,1
3515,X39,TAMPA NORTH AERO PARK,TAMPA,FL,FLORIDA,28.22127777,-82.37455555,28.22127777,-82.37455555,68,PR,PU,Non-towered,
3531,X21,ARTHUR DUNN AIR PARK,TITUSVILLE,FL,FLORIDA,28.62250444,-80.835375,28.62250444,-80.835375,30.3,PU,PU,Non-towered,
3532,TIX,SPACE COAST RGNL,TITUSVILLE,FL,FLORIDA,28.5147975,-80.79922722,28.5147975,-80.79922722,34,PU,PU,Towered,
3533.3,X23,UMATILLA MUNI,UMATILLA,FL,FLORIDA,28.924735,-81.65178111,28.924735,-81.65178111,106,PU,PU,Non-towered,
3533.8,X59,VALKARIA,VALKARIA,FL,FLORIDA,27.96086555,-80.55832777,27.96086555,-80.55832777,25.8,PU,PU,Non-towered,
3534,VPS,EGLIN AFB/DESTIN-FT WALTON BEACH,VALPARAISO/DESTIN-FT WALTON BEACH,FL,FLORIDA,30.48321941,-86.52604433,30.48321941,-86.52604433,84,MA,PU,Towered,
3538,VNC,VENICE MUNI,VENICE,FL,FLORIDA,27.07126777,-82.4400325,27.07126777,-82.4400325,18.1,PU,PU,Non-towered,
3540,VRB,VERO BEACH RGNL,VERO BEACH,FL,FLORIDA,27.655555,-80.41795416,27.655555,-80.41795416,23.7,PU,PU,Towered,
3546.1,CHN,WAUCHULA MUNI,WAUCHULA,FL,FLORIDA,27.51491666,-81.88047222,27.51491666,-81.88047222,107.8,PU,PU,Non-towered,
3554.2,F45,NORTH PALM BEACH COUNTY GENERAL AVIATION,WEST PALM BEACH,FL,FLORIDA,26.84591666,-80.22233333,26.84591666,-80.22233333,22,PU,PU,Non-towered,
3555.1,LNA,PALM BEACH COUNTY PARK,WEST PALM BEACH,FL,FLORIDA,26.59304611,-80.08506444,26.59304611,-80.08506444,14.4,PU,PU,Non-towered,
3555,PBI,PALM BEACH INTL,WEST PALM BEACH,FL,FLORIDA,26.68316166,-80.09559194,26.68316166,-80.09559194,19.6,PU,PU,Towered,
3559,X60,WILLISTON RGNL,WILLISTON,FL,FLORIDA,29.354605,-82.47056361,29.354605,-82.47056361,75.6,PU,PU,Non-towered,
3570,GIF,WINTER HAVEN RGNL,WINTER HAVEN,FL,FLORIDA,28.06292027,-81.75331444,28.06292027,-81.75331444,145.5,PU,PU,Non-towered,
3577,ZPH,ZEPHYRHILLS MUNI,ZEPHYRHILLS,FL,FLORIDA,28.22666944,-82.15564527,28.22666944,-82.15564527,89.9,PU,PU,Non-towered,
3611,15J,COOK COUNTY,ADEL,GA,GEORGIA,31.13675777,-83.45422333,31.13675777,-83.45422333,235.2,PU,PU,Non-towered,
3616,ABY,SOUTHWEST GEORGIA RGNL,ALBANY,GA,GEORGIA,31.53553,-84.19448333,31.53553,-84.19448333,196.1,PU,PU,Towered,
3619,AMG,BACON COUNTY,ALMA,GA,GEORGIA,31.53605777,-82.50655333,31.53605777,-82.50655333,199.8,PU,PU,Non-towered,
3623,ACJ,JIMMY CARTER RGNL,AMERICUS,GA,GEORGIA,32.11080555,-84.18886111,32.11080555,-84.18886111,468.4,PU,PU,Non-towered,
3633.1,75J,TURNER COUNTY,ASHBURN,GA,GEORGIA,31.68761111,-83.63294444,31.68761111,-83.63294444,388.9,PU,PU,Non-towered,
3637,AHN,ATHENS/BEN EPPS,ATHENS,GA,GEORGIA,33.94864027,-83.32591416,33.94864027,-83.32591416,812.2,PU,PU,Towered,
3640.23,FFC,ATLANTA RGNL FALCON FLD,ATLANTA,GA,GEORGIA,33.35772222,-84.57252777,33.35772222,-84.57252777,807.7,PU,PU,Non-towered,
3825.52,HMP,ATLANTA SPEEDWAY,ATLANTA,GA,GEORGIA,33.3899025,-84.33103694,33.3899025,-84.33103694,881.9,PU,PU,Non-towered,
3642,RYY,COBB COUNTY INTL/MCCOLLUM FLD,ATLANTA,GA,GEORGIA,34.01316666,-84.59702777,34.01316666,-84.59702777,1040.4,PU,PU,Towered,
3641,CVC,COVINGTON MUNI,ATLANTA,GA,GEORGIA,33.6322475,-83.84661888,33.6322475,-83.84661888,819.9,PU,PU,Non-towered,
3643,PDK,DEKALB-PEACHTREE,ATLANTA,GA,GEORGIA,33.87600194,-84.30203055,33.87600194,-84.30203055,998.4,PU,PU,Towered,
3639,FTY,FULTON COUNTY EXEC/CHARLIE BROWN FLD,ATLANTA,GA,GEORGIA,33.77842666,-84.52225861,33.77842666,-84.52225861,841.1,PU,PU,Towered,
3640,ATL,HARTSFIELD/JACKSON ATLANTA INTL,ATLANTA,GA,GEORGIA,33.63669961,-84.427864,33.63669961,-84.427864,1026.2,PU,PU,Towered,1
3941.5,CCO,NEWNAN COWETA COUNTY,ATLANTA,GA,GEORGIA,33.31156555,-84.76975541,33.31156555,-84.76975541,970.2,PU,PU,Non-towered,
3750.01,PUJ,PAULDING NORTHWEST ATLANTA,ATLANTA,GA,GEORGIA,33.91204305,-84.94061944,33.91204305,-84.94061944,1289,PU,PU,Non-towered,
3650,AGS,AUGUSTA RGNL AT BUSH FLD,AUGUSTA,GA,GEORGIA,33.36994444,-81.9645,33.36994444,-81.9645,145.7,PU,PU,Towered,
3646,DNL,DANIEL FLD,AUGUSTA,GA,GEORGIA,33.46658333,-82.03938888,33.46658333,-82.03938888,422.3,PU,PU,Non-towered,
3653,BGE,DECATUR COUNTY INDUSTRIAL AIR PARK,BAINBRIDGE,GA,GEORGIA,30.97159808,-84.6369278,30.97159808,-84.6369278,141.3,PU,PU,Non-towered,
3657.1,BHC,BAXLEY MUNI,BAXLEY,GA,GEORGIA,31.71383333,-82.39377777,31.71383333,-82.39377777,201.2,PU,PU,Non-towered,
3666,DZJ,BLAIRSVILLE,BLAIRSVILLE,GA,GEORGIA,34.85443138,-83.99732,34.85443138,-83.99732,1906.9,PU,PU,Non-towered,
3668.1,BIJ,EARLY COUNTY,BLAKELY,GA,GEORGIA,31.39750861,-84.89479777,31.39750861,-84.89479777,214.6,PU,PU,Non-towered,
3683,BQK,BRUNSWICK GOLDEN ISLES,BRUNSWICK,GA,GEORGIA,31.25903527,-81.46631638,31.25903527,-81.46631638,25.6,PU,PU,Non-towered,
3685.2,82A,MARION COUNTY,BUENA VISTA,GA,GEORGIA,32.28280555,-84.50369444,32.28280555,-84.50369444,682,PU,PU,Non-towered,
3688,6A1,BUTLER MUNI,BUTLER,GA,GEORGIA,32.56823583,-84.2466875,32.56823583,-84.2466875,667,PU,PU,Non-towered,
3700,70J,CAIRO-GRADY COUNTY,CAIRO,GA,GEORGIA,30.88797222,-84.15472222,30.88797222,-84.15472222,263.7,PU,PU,Non-towered,
3701.1,CZL,TOM B DAVID FLD,CALHOUN,GA,GEORGIA,34.4554025,-84.93915527,34.4554025,-84.93915527,655.8,PU,PU,Non-towered,
3703,CXU,CAMILLA-MITCHELL COUNTY,CAMILLA,GA,GEORGIA,31.21316666,-84.23522222,31.21316666,-84.23522222,176.4,PU,PU,Non-towered,
3703.6,18A,FRANKLIN-HART,CANON,GA,GEORGIA,34.34036111,-83.13080555,34.34036111,-83.13080555,889.9,PU,PU,Non-towered,
3703.9,CNI,CHEROKEE COUNTY RGNL,CANTON,GA,GEORGIA,34.31221916,-84.42215277,34.31221916,-84.42215277,1219.1,PU,PU,Non-towered,
3705.2,CTJ,WEST GEORGIA RGNL/O V GRAY FLD,CARROLLTON,GA,GEORGIA,33.63169583,-85.15226472,33.63169583,-85.15226472,1164.6,PU,PU,Non-towered,
3709.1,VPC,CARTERSVILLE,CARTERSVILLE,GA,GEORGIA,34.1231475,-84.84870666,34.1231475,-84.84870666,758.6,PU,PU,Non-towered,
3712.1,4A4,POLK COUNTY/CORNELIUS MOORE FLD,CEDARTOWN,GA,GEORGIA,34.01852916,-85.14475888,34.01852916,-85.14475888,973.7,PU,PU,Non-towered,
3721.7,CWV,CLAXTON-EVANS COUNTY,CLAXTON,GA,GEORGIA,32.1950575,-81.86931666,32.1950575,-81.86931666,111.5,PU,PU,Non-towered,
3724,48A,COCHRAN,COCHRAN,GA,GEORGIA,32.40065805,-83.27840638,32.40065805,-83.27840638,377.4,PU,PU,Non-towered,
3728,CSG,COLUMBUS,COLUMBUS,GA,GEORGIA,32.5163275,-84.93887027,32.5163275,-84.93887027,397.7,PU,PU,Towered,
3737,CKF,CRISP COUNTY-CORDELE,CORDELE,GA,GEORGIA,31.98884444,-83.77390555,31.98884444,-83.77390555,309.6,PU,PU,Non-towered,
3738.5,AJR,HABERSHAM COUNTY,CORNELIA,GA,GEORGIA,34.49985166,-83.55666472,34.49985166,-83.55666472,1447.9,PU,PU,Non-towered,
3747,25J,LOWER CHATTAHOOCHEE RGNL,CUTHBERT,GA,GEORGIA,31.70186727,-84.82700672,31.70186727,-84.82700672,459.9,PU,PU,Non-towered,
3749,9A0,LUMPKIN COUNTY-WIMPYS,DAHLONEGA,GA,GEORGIA,34.58309166,-84.01995833,34.58309166,-84.01995833,1329,PU,PU,Non-towered,
3752,DNN,DALTON MUNI,DALTON,GA,GEORGIA,34.72293888,-84.87024138,34.72293888,-84.87024138,709,PU,PU,Non-towered,
3756,16J,DAWSON MUNI,DAWSON,GA,GEORGIA,31.74328805,-84.41929138,31.74328805,-84.41929138,332.2,PU,PU,Non-towered,
3758,17J,DONALSONVILLE MUNI,DONALSONVILLE,GA,GEORGIA,31.00650722,-84.87763666,31.00650722,-84.87763666,147.4,PU,PU,Non-towered,
3760,DQH,DOUGLAS MUNI,DOUGLAS,GA,GEORGIA,31.47673861,-82.86056694,31.47673861,-82.86056694,256.5,PU,PU,Non-towered,
3766,DBN,W H 'BUD' BARRON,DUBLIN,GA,GEORGIA,32.56472222,-82.98497222,32.56472222,-82.98497222,311,PU,PU,Non-towered,
3772.2,EZM,HEART OF GEORGIA RGNL,EASTMAN,GA,GEORGIA,32.21638888,-83.12866666,32.21638888,-83.12866666,303.4,PU,PU,Towered,
3781.1,EBA,ELBERT COUNTY-PATZ FLD,ELBERTON,GA,GEORGIA,34.0954025,-82.8174925,34.0954025,-82.8174925,614.5,PU,PU,Non-towered,
3782.5,49A,GILMER COUNTY,ELLIJAY,GA,GEORGIA,34.62819444,-84.52655555,34.62819444,-84.52655555,1485.5,PU,PU,Non-towered,
3791,FZG,FITZGERALD MUNI,FITZGERALD,GA,GEORGIA,31.68390472,-83.27090361,31.68390472,-83.27090361,364.7,PU,PU,Non-towered,
3793.1,3J6,DAVIS FLD,FOLKSTON,GA,GEORGIA,30.79636111,-82.02816666,30.79636111,-82.02816666,68,PU,PU,Non-towered,
3800.8,LHW,WRIGHT AAF (FORT STEWART)/MIDCOAST RGNL,FORT STEWART (HINESVILLE),GA,GEORGIA,31.88781944,-81.562655,31.88781944,-81.562655,46.6,MR,PU,Towered,
3805,GVL,LEE GILMER MEML,GAINESVILLE,GA,GEORGIA,34.27262638,-83.83022611,34.27262638,-83.83022611,1276.9,PU,PU,Non-towered,
3819,CPP,GREENE COUNTY RGNL,GREENSBORO,GA,GEORGIA,33.59797,-83.13826027,33.59797,-83.13826027,688.5,PU,PU,Non-towered,
3820,6A2,GRIFFIN-SPALDING COUNTY,GRIFFIN,GA,GEORGIA,33.22697222,-84.27494444,33.22697222,-84.27494444,958.4,PU,PU,Non-towered,
3831.1,51A,HAWKINSVILLE-PULASKI COUNTY,HAWKINSVILLE,GA,GEORGIA,32.28366666,-83.43797222,32.28366666,-83.43797222,270,PU,PU,Non-towered,
3834,AZE,HAZLEHURST,HAZLEHURST,GA,GEORGIA,31.88519,-82.64789111,31.88519,-82.64789111,255.2,PU,PU,Non-towered,
3841,HOE,HOMERVILLE,HOMERVILLE,GA,GEORGIA,31.05688888,-82.77527777,31.05688888,-82.77527777,186.7,PU,PU,Non-towered,
3847.1,JZP,PICKENS COUNTY,JASPER,GA,GEORGIA,34.45347222,-84.45722222,34.45347222,-84.45722222,1535.1,PU,PU,Non-towered,
3854.1,JCA,JACKSON COUNTY,JEFFERSON,GA,GEORGIA,34.17613888,-83.56169444,34.17613888,-83.56169444,950.5,PU,PU,Non-towered,
3855.4,09J,JEKYLL ISLAND,JEKYLL ISLAND,GA,GEORGIA,31.07447222,-81.42777777,31.07447222,-81.42777777,11.3,PU,PU,Non-towered,
3857.2,JES,JESUP-WAYNE COUNTY,JESUP,GA,GEORGIA,31.55396333,-81.88251777,31.55396333,-81.88251777,107.5,PU,PU,Non-towered,
3860,9A5,BARWICK LAFAYETTE,LAFAYETTE,GA,GEORGIA,34.6880175,-85.29046444,34.6880175,-85.29046444,776.5,PU,PU,Non-towered,
3862,LGC,LAGRANGE/CALLAWAY,LAGRANGE,GA,GEORGIA,33.00915083,-85.07320416,33.00915083,-85.07320416,693.6,PU,PU,Non-towered,
3869.2,LZU,GWINNETT COUNTY/BRISCOE FLD,LAWRENCEVILLE,GA,GEORGIA,33.97809194,-83.96236388,33.97809194,-83.96236388,1061.5,PU,PU,Towered,
3880.3,2J3,LOUISVILLE MUNI,LOUISVILLE,GA,GEORGIA,32.98594444,-82.38480555,32.98594444,-82.38480555,327.9,PU,PU,Non-towered,
3901,MAC,MACON DOWNTOWN,MACON,GA,GEORGIA,32.82176444,-83.56193494,32.82176444,-83.56193494,436.7,PU,PU,Non-towered,
3902,MCN,MIDDLE GEORGIA RGNL,MACON,GA,GEORGIA,32.69283333,-83.64922222,32.69283333,-83.64922222,354.2,PU,PU,Towered,
3904.1,52A,MADISON MUNI,MADISON,GA,GEORGIA,33.612125,-83.46044444,33.612125,-83.46044444,694,PU,PU,Non-towered,
3898.2,MQW,TELFAIR-WHEELER,MC RAE,GA,GEORGIA,32.09699638,-82.87941166,32.09699638,-82.87941166,202.1,PU,PU,Non-towered,
3916,MHP,JOHN EDWIN JONES SR FLD/METTER MUNI,METTER,GA,GEORGIA,32.37397222,-82.08144444,32.37397222,-82.08144444,197.3,PU,PU,Non-towered,
3920,MLJ,BALDWIN COUNTY RGNL,MILLEDGEVILLE,GA,GEORGIA,33.15422555,-83.2414075,33.15422555,-83.2414075,384.9,PU,PU,Non-towered,
3922.1,2J5,MILLEN,MILLEN,GA,GEORGIA,32.89302777,-81.96522222,32.89302777,-81.96522222,240.4,PU,PU,Non-towered,
3928,D73,CY NUNNALLY MEML,MONROE,GA,GEORGIA,33.78252777,-83.69280555,33.78252777,-83.69280555,875.2,PU,PU,Non-towered,
3930.1,53A,DR C P SAVAGE SR,MONTEZUMA,GA,GEORGIA,32.30306333,-84.00746805,32.30306333,-84.00746805,345.3,PU,PU,Non-towered,
3935,MGR,MOULTRIE MUNI,MOULTRIE,GA,GEORGIA,31.08557944,-83.80280916,31.08557944,-83.80280916,297.1,PU,PU,Non-towered,
3936,MUL,SPENCE,MOULTRIE,GA,GEORGIA,31.13768666,-83.70405972,31.13768666,-83.70405972,292,PU,PU,Non-towered,
3937.5,4J1,BRANTLEY COUNTY,NAHUNTA,GA,GEORGIA,31.20606888,-81.90598611,31.20606888,-81.90598611,84.7,PU,PU,Non-towered,
3938.1,4J2,BERRIEN COUNTY,NASHVILLE,GA,GEORGIA,31.21254458,-83.22525655,31.21254458,-83.22525655,240.1,PU,PU,Non-towered,
3956,PXE,PERRY-HOUSTON COUNTY,PERRY,GA,GEORGIA,32.51058083,-83.76734583,32.51058083,-83.76734583,418.2,PU,PU,Non-towered,
3958.26,PIM,HARRIS COUNTY,PINE MOUNTAIN,GA,GEORGIA,32.84069444,-84.88244444,32.84069444,-84.88244444,902,PU,PU,Non-towered,
3959,4J5,QUITMAN BROOKS COUNTY,QUITMAN,GA,GEORGIA,30.80518583,-83.58906833,30.80518583,-83.58906833,184.9,PU,PU,Non-towered,
3962.11,RVJ,SWINTON SMITH FLD AT REIDSVILLE MUNI,REIDSVILLE,GA,GEORGIA,32.05948722,-82.15357666,32.05948722,-82.15357666,195.6,PU,PU,Non-towered,
3974,RMG,RICHARD B RUSSELL RGNL - J H TOWERS FLD,ROME,GA,GEORGIA,34.3516375,-85.15857444,34.3516375,-85.15857444,644,PU,PU,Non-towered,
3987.2,OKZ,KAOLIN FLD,SANDERSVILLE,GA,GEORGIA,32.96637472,-82.83748861,32.96637472,-82.83748861,438.5,PU,PU,Non-towered,
3992,SAV,SAVANNAH/HILTON HEAD INTL,SAVANNAH,GA,GEORGIA,32.12758333,-81.20213888,32.12758333,-81.20213888,50.2,PU,PU,Towered,
4008.5,4J8,TREUTLEN COUNTY,SOPERTON,GA,GEORGIA,32.38738888,-82.56338888,32.38738888,-82.56338888,345,PU,PU,Non-towered,
4024.19,SSI,ST SIMONS ISLAND,ST SIMONS ISLAND,GA,GEORGIA,31.15196638,-81.39105972,31.15196638,-81.39105972,18.9,PU,PU,Non-towered,
4017,TBR,STATESBORO-BULLOCH COUNTY,STATESBORO,GA,GEORGIA,32.48275,-81.73694444,32.48275,-81.73694444,186.7,PU,PU,Non-towered,
4026,SBO,EAST GEORGIA RGNL,SWAINSBORO,GA,GEORGIA,32.60913888,-82.36994444,32.60913888,-82.36994444,327.2,PU,PU,Non-towered,
4029,JYL,PLANTATION AIRPARK,SYLVANIA,GA,GEORGIA,32.64552277,-81.59661166,32.64552277,-81.59661166,190.3,PU,PU,Non-towered,
4031.2,SYV,SYLVESTER,SYLVESTER,GA,GEORGIA,31.55715472,-83.89403638,31.55715472,-83.89403638,403,PU,PU,Non-towered,
4047,OPN,THOMASTON-UPSON COUNTY,THOMASTON,GA,GEORGIA,32.95500255,-84.26408619,32.95500255,-84.26408619,797.7,PU,PU,Non-towered,
4051,TVI,THOMASVILLE RGNL,THOMASVILLE,GA,GEORGIA,30.90147222,-83.88144444,30.90147222,-83.88144444,263.6,PU,PU,Non-towered,
4055.1,HQU,THOMSON/MCDUFFIE COUNTY,THOMSON,GA,GEORGIA,33.52973055,-82.51695277,33.52973055,-82.51695277,501.3,PU,PU,Non-towered,
4057,TMA,HENRY TIFT MYERS,TIFTON,GA,GEORGIA,31.42955555,-83.48922222,31.42955555,-83.48922222,354.6,PU,PU,Non-towered,
4059,TOC,TOCCOA RG LETOURNEAU FLD,TOCCOA,GA,GEORGIA,34.59281166,-83.29637166,34.59281166,-83.29637166,996,PU,PU,Non-towered,
4071,VLD,VALDOSTA RGNL,VALDOSTA,GA,GEORGIA,30.78146444,-83.27597166,30.78146444,-83.27597166,203.1,PU,PU,Towered,
4074,VDI,VIDALIA RGNL,VIDALIA,GA,GEORGIA,32.19272222,-82.37116666,32.19272222,-82.37116666,274.3,PU,PU,Non-towered,
4086,5A9,ROOSEVELT MEML,WARM SPRINGS,GA,GEORGIA,32.9385,-84.69644444,32.9385,-84.69644444,882.4,PU,PU,Non-towered,
4091.2,IIY,WASHINGTON/WILKES COUNTY,WASHINGTON,GA,GEORGIA,33.77859805,-82.81449666,33.77859805,-82.81449666,646.1,PU,PU,Non-towered,
4095,AYS,WAYCROSS-WARE COUNTY,WAYCROSS,GA,GEORGIA,31.24838888,-82.39538888,31.24838888,-82.39538888,141.3,PU,PU,Non-towered,
4099.1,BXG,BURKE COUNTY,WAYNESBORO,GA,GEORGIA,33.04083694,-82.00426361,33.04083694,-82.00426361,308.7,PU,PU,Non-towered,
4109,WDR,BARROW COUNTY,WINDER,GA,GEORGIA,33.98268972,-83.66721666,33.98268972,-83.66721666,934.3,PU,PU,Non-towered,
4116,65J,WRENS MEML,WRENS,GA,GEORGIA,33.22277777,-82.3845,33.22277777,-82.3845,450,PU,PU,Non-towered,
5814.1,4C8,ALBIA MUNI,ALBIA,IA,IOWA,40.99627777,-92.76569444,40.99627777,-92.76569444,963.7,PU,PU,Non-towered,
5816,AXA,ALGONA MUNI,ALGONA,IA,IOWA,43.07779777,-94.27177388,43.07779777,-94.27177388,1216.1,PU,PU,Non-towered,
5829,AMW,AMES MUNI,AMES,IA,IOWA,41.99204361,-93.62182083,41.99204361,-93.62182083,955.6,PU,PU,Non-towered,
5835.1,IKV,ANKENY RGNL,ANKENY,IA,IOWA,41.6913468,-93.56634913,41.6913468,-93.56634913,909.9,PU,PU,Non-towered,
5838,AIO,ATLANTIC MUNI,ATLANTIC,IA,IOWA,41.40383333,-95.04875,41.40383333,-95.04875,1164.9,PU,PU,Non-towered,
5839.5,ADU,AUDUBON COUNTY,AUDUBON,IA,IOWA,41.70152777,-94.92044444,41.70152777,-94.92044444,1287.7,PU,PU,Non-towered,
5846.01,TZT,BELLE PLAINE MUNI,BELLE PLAINE,IA,IOWA,41.87877777,-92.28452777,41.87877777,-92.28452777,771,PU,PU,Non-towered,
5860.01,4K6,BLOOMFIELD MUNI,BLOOMFIELD,IA,IOWA,40.73210555,-92.42826888,40.73210555,-92.42826888,888,PU,PU,Non-towered,
5865,BNW,BOONE MUNI,BOONE,IA,IOWA,42.04955555,-93.84761111,42.04955555,-93.84761111,1160.3,PU,PU,Non-towered,
5871,BRL,SOUTHEAST IOWA RGNL,BURLINGTON,IA,IOWA,40.78297222,-91.12558333,40.78297222,-91.12558333,698.7,PU,PU,Non-towered,
5874,CIN,ARTHUR N NEU,CARROLL,IA,IOWA,42.04666666,-94.78869444,42.04666666,-94.78869444,1203.7,PU,PU,Non-towered,
5884,CID,THE EASTERN IOWA,CEDAR RAPIDS,IA,IOWA,41.88469444,-91.71080555,41.88469444,-91.71080555,869.3,PU,PU,Towered,
5889,TVK,CENTERVILLE MUNI,CENTERVILLE,IA,IOWA,40.68442888,-92.90099388,40.68442888,-92.90099388,1023,PU,PU,Non-towered,
5894,CNC,CHARITON MUNI,CHARITON,IA,IOWA,41.01961111,-93.35966666,41.01961111,-93.35966666,1050.5,PU,PU,Non-towered,
5895.2,CCY,NORTHEAST IOWA RGNL,CHARLES CITY,IA,IOWA,43.07250375,-92.61080919,43.07250375,-92.61080919,1125.2,PU,PU,Non-towered,
5898,CKP,CHEROKEE COUNTY RGNL,CHEROKEE,IA,IOWA,42.73158644,-95.55591036,42.73158644,-95.55591036,1227,PU,PU,Non-towered,
5903,ICL,SCHENCK FLD,CLARINDA,IA,IOWA,40.72219444,-95.02661111,40.72219444,-95.02661111,995.9,PU,PU,Non-towered,
5905,CAV,CLARION MUNI,CLARION,IA,IOWA,42.74047222,-93.75905555,42.74047222,-93.75905555,1156.6,PU,PU,Non-towered,
5915,CWI,CLINTON MUNI,CLINTON,IA,IOWA,41.83075,-90.32897222,41.83075,-90.32897222,707.7,PU,PU,Non-towered,
5926.3,CRZ,CORNING MUNI,CORNING,IA,IOWA,40.994125,-94.75502972,40.994125,-94.75502972,1274,PU,PU,Non-towered,
5932.1,CBF,COUNCIL BLUFFS MUNI,COUNCIL BLUFFS,IA,IOWA,41.26011111,-95.75863888,41.26011111,-95.75863888,1244.8,PU,PU,Non-towered,
5935.1,CJJ,ELLEN CHURCH FLD,CRESCO,IA,IOWA,43.36530138,-92.13308305,43.36530138,-92.13308305,1279,PU,PU,Non-towered,
5937,CSQ,CRESTON MUNI,CRESTON,IA,IOWA,41.02144444,-94.36330555,41.02144444,-94.36330555,1299.7,PU,PU,Non-towered,
5941.2,DVN,DAVENPORT MUNI,DAVENPORT,IA,IOWA,41.61027777,-90.58836111,41.61027777,-90.58836111,750.5,PU,PU,Non-towered,
5943.2,DEH,DECORAH MUNI,DECORAH,IA,IOWA,43.2755,-91.73938888,43.2755,-91.73938888,1157.5,PU,PU,Non-towered,
5946,DNS,DENISON MUNI,DENISON,IA,IOWA,41.98613194,-95.38025888,41.98613194,-95.38025888,1274.3,PU,PU,Non-towered,
5950,DSM,DES MOINES INTL,DES MOINES,IA,IOWA,41.53397277,-93.66307222,41.53397277,-93.66307222,957.9,PU,PU,Towered,
5957,DBQ,DUBUQUE RGNL,DUBUQUE,IA,IOWA,42.402,-90.70947222,42.402,-90.70947222,1076.4,PU,PU,Towered,
5966,EAG,EAGLE GROVE MUNI,EAGLE GROVE,IA,IOWA,42.70991666,-93.91611111,42.70991666,-93.91611111,1132.3,PU,PU,Non-towered,
5977,EGQ,EMMETSBURG MUNI,EMMETSBURG,IA,IOWA,43.10205555,-94.70452777,43.10205555,-94.70452777,1206.1,PU,PU,Non-towered,
5981,EST,ESTHERVILLE MUNI,ESTHERVILLE,IA,IOWA,43.40747222,-94.74638888,43.40747222,-94.74638888,1318.8,PU,PU,Non-towered,
5983,FFL,FAIRFIELD MUNI,FAIRFIELD,IA,IOWA,41.05571983,-91.9808218,41.05571983,-91.9808218,800.9,PU,PU,Non-towered,
5996,FXY,FOREST CITY MUNI/TRIMBLE FLD,FOREST CITY,IA,IOWA,43.23475691,-93.62410394,43.23475691,-93.62410394,1229.2,PU,PU,Non-towered,
5999,FOD,FORT DODGE RGNL,FORT DODGE,IA,IOWA,42.55119444,-94.19183333,42.55119444,-94.19183333,1156.3,PU,PU,Non-towered,
6000,FSW,FORT MADISON MUNI,FORT MADISON,IA,IOWA,40.65911111,-91.32775,40.65911111,-91.32775,721.8,PU,PU,Non-towered,
6019.1,GFZ,GREENFIELD MUNI,GREENFIELD,IA,IOWA,41.32722222,-94.44516666,41.32722222,-94.44516666,1363.6,PU,PU,Non-towered,
6022.11,GGI,GRINNELL RGNL,GRINNELL,IA,IOWA,41.70988888,-92.73597222,41.70988888,-92.73597222,1008.4,PU,PU,Non-towered,
6030.01,GCT,GUTHRIE COUNTY RGNL,GUTHRIE CENTER,IA,IOWA,41.68697222,-94.43505555,41.68697222,-94.43505555,1220.5,PU,PU,Non-towered,
6039.1,HPT,HAMPTON MUNI,HAMPTON,IA,IOWA,42.72369444,-93.22633333,42.72369444,-93.22633333,1176.3,PU,PU,Non-towered,
6040,HNR,HARLAN MUNI,HARLAN,IA,IOWA,41.58435805,-95.33969888,41.58435805,-95.33969888,1230.9,PU,PU,Non-towered,
6057.1,0K7,HUMBOLDT MUNI,HUMBOLDT,IA,IOWA,42.73486111,-94.24547222,42.73486111,-94.24547222,1098.3,PU,PU,Non-towered,
6065.2,IDG,IDA GROVE MUNI,IDA GROVE,IA,IOWA,42.33259777,-95.44488777,42.33259777,-95.44488777,1245,PU,PU,Non-towered,
6068.1,IIB,JAMES H CONNELL FLD AT INDEPENDENCE MUNI,INDEPENDENCE,IA,IOWA,42.45688888,-91.94766666,42.45688888,-91.94766666,979,PU,PU,Non-towered,
6070,IOW,IOWA CITY MUNI,IOWA CITY,IA,IOWA,41.63963194,-91.54788916,41.63963194,-91.54788916,683.7,PU,PU,Non-towered,
6074,IFA,IOWA FALLS MUNI,IOWA FALLS,IA,IOWA,42.47135555,-93.27072305,42.47135555,-93.27072305,1137.4,PU,PU,Non-towered,
6075,EFW,JEFFERSON MUNI,JEFFERSON,IA,IOWA,42.00983333,-94.34180555,42.00983333,-94.34180555,1047.3,PU,PU,Non-towered,
6080,EOK,KEOKUK MUNI,KEOKUK,IA,IOWA,40.45990777,-91.42850111,40.45990777,-91.42850111,671.9,PU,PU,Non-towered,
6083.3,OXV,KNOXVILLE MUNI,KNOXVILLE,IA,IOWA,41.29909691,-93.11374277,41.29909691,-93.11374277,928.3,PU,PU,Non-towered,
6089,LWD,LAMONI MUNI,LAMONI,IA,IOWA,40.63239194,-93.90222611,40.63239194,-93.90222611,1130.6,PU,PU,Non-towered,
6109,LRJ,LE MARS MUNI,LE MARS,IA,IOWA,42.77855555,-96.19358333,42.77855555,-96.19358333,1197,PU,PU,Non-towered,
6132.11,C27,MANCHESTER MUNI,MANCHESTER,IA,IOWA,42.49049583,-91.49787361,42.49049583,-91.49787361,987,PU,PU,Non-towered,
6147.1,MEY,JAMES G WHITING MEML FLD,MAPLETON,IA,IOWA,42.178295,-95.79364527,42.178295,-95.79364527,1116,PU,PU,Non-towered,
6149.1,OQW,MAQUOKETA MUNI,MAQUOKETA,IA,IOWA,42.05008333,-90.73880555,42.05008333,-90.73880555,769.4,PU,PU,Non-towered,
6155.6,C17,MARION,MARION,IA,IOWA,42.02981086,-91.5317223,42.02981086,-91.5317223,860.6,PR,PU,Non-towered,
6161.1,MIW,MARSHALLTOWN MUNI,MARSHALLTOWN,IA,IOWA,42.11275,-92.91777777,42.11275,-92.91777777,974.6,PU,PU,Non-towered,
6164,MCW,MASON CITY MUNI,MASON CITY,IA,IOWA,43.15780555,-93.33125,43.15780555,-93.33125,1213.4,PU,PU,Non-towered,
6164.19,SXK,SIOUX COUNTY RGNL,MAURICE,IA,IOWA,42.9858275,-96.16140027,42.9858275,-96.16140027,1408.9,PU,PU,Non-towered,
6173,4D8,FULLER,MILFORD,IA,IOWA,43.33339388,-95.1590925,43.33339388,-95.1590925,1439,PU,PU,Non-towered,
6183.1,MXO,MONTICELLO RGNL,MONTICELLO,IA,IOWA,42.22036194,-91.16329833,42.22036194,-91.16329833,833.3,PU,PU,Non-towered,
6194,MPZ,MOUNT PLEASANT MUNI,MOUNT PLEASANT,IA,IOWA,40.94661222,-91.51117055,40.94661222,-91.51117055,730.6,PU,PU,Non-towered,
6199,MUT,MUSCATINE MUNI,MUSCATINE,IA,IOWA,41.36788888,-91.14822222,41.36788888,-91.14822222,547.2,PU,PU,Non-towered,
6219,1Y5,NEW HAMPTON MUNI,NEW HAMPTON,IA,IOWA,43.08719583,-92.3432325,43.08719583,-92.3432325,1173,PU,PU,Non-towered,
6221.1,TNU,NEWTON MUNI-EARL JOHNSON FLD,NEWTON,IA,IOWA,41.67443,-93.02172833,41.67443,-93.02172833,952.5,PU,PU,Non-towered,
6233,OLZ,OELWEIN MUNI,OELWEIN,IA,IOWA,42.6809245,-91.97439538,42.6809245,-91.97439538,1076.3,PU,PU,Non-towered,
6253.7,D02,OSAGE MUNI,OSAGE,IA,IOWA,43.29233333,-92.79561111,43.29233333,-92.79561111,1168,PU,PU,Non-towered,
6254.21,I75,OSCEOLA MUNI,OSCEOLA,IA,IOWA,41.05222222,-93.68913888,41.05222222,-93.68913888,1115.2,PU,PU,Non-towered,
6255.1,OOA,OSKALOOSA MUNI,OSKALOOSA,IA,IOWA,41.22611111,-92.49383333,41.22611111,-92.49383333,840.2,PU,PU,Non-towered,
6258,OTM,OTTUMWA RGNL,OTTUMWA,IA,IOWA,41.10722222,-92.44716666,41.10722222,-92.44716666,845.6,PU,PU,Non-towered,
6271.1,PEA,PELLA MUNI,PELLA,IA,IOWA,41.40122222,-92.94586111,41.40122222,-92.94586111,884.8,PU,PU,Non-towered,
6273,PRO,PERRY MUNI,PERRY,IA,IOWA,41.82644444,-94.15955555,41.82644444,-94.15955555,1013,PU,PU,Non-towered,
6277,POH,POCAHONTAS MUNI,POCAHONTAS,IA,IOWA,42.74288888,-94.64736111,42.74288888,-94.64736111,1225.5,PU,PU,Non-towered,
6283,RDK,RED OAK MUNI,RED OAK,IA,IOWA,41.01083333,-95.25886111,41.01083333,-95.25886111,1045,PU,PU,Non-towered,
6292.1,RRQ,ROCK RAPIDS MUNI,ROCK RAPIDS,IA,IOWA,43.45222111,-96.17977694,43.45222111,-96.17977694,1363,PU,PU,Non-towered,
6298.12,2Y4,ROCKWELL CITY MUNI,ROCKWELL CITY,IA,IOWA,42.38782222,-94.61890277,42.38782222,-94.61890277,1215.9,PU,PU,Non-towered,
6304,SKI,SAC CITY MUNI,SAC CITY,IA,IOWA,42.37905555,-94.97961111,42.37905555,-94.97961111,1249.5,PU,PU,Non-towered,
6322,SHL,SHELDON RGNL,SHELDON,IA,IOWA,43.20838888,-95.83341666,43.20838888,-95.83341666,1419.2,PU,PU,Non-towered,
6327,SDA,SHENANDOAH MUNI,SHENANDOAH,IA,IOWA,40.75158722,-95.41362416,40.75158722,-95.41362416,971.1,PU,PU,Non-towered,
6334,ISB,SIBLEY MUNI,SIBLEY,IA,IOWA,43.36935277,-95.75963888,43.36935277,-95.75963888,1537.7,PU,PU,Non-towered,
6341,SUX,SIOUX GATEWAY/BRIG GENERAL BUD DAY FLD,SIOUX CITY,IA,IOWA,42.40130555,-96.38441666,42.40130555,-96.38441666,1098.5,PU,PU,Towered,
6348,SPW,SPENCER MUNI,SPENCER,IA,IOWA,43.16565194,-95.20279305,43.16565194,-95.20279305,1338.9,PU,PU,Non-towered,
6350.11,0F3,SPIRIT LAKE MUNI,SPIRIT LAKE,IA,IOWA,43.38742083,-95.13946805,43.38742083,-95.13946805,1434,PU,PU,Non-towered,
6357,SLB,STORM LAKE MUNI,STORM LAKE,IA,IOWA,42.59723488,-95.24066555,42.59723488,-95.24066555,1487.9,PU,PU,Non-towered,
6380.11,8C4,MATHEWS MEML,TIPTON,IA,IOWA,41.76335416,-91.15293583,41.76335416,-91.15293583,840,PU,PU,Non-towered,
6394.61,VTI,VINTON VETERANS MEML AIRPARK,VINTON,IA,IOWA,42.21863888,-92.02591666,42.21863888,-92.02591666,842,PU,PU,Non-towered,
6398,AWG,WASHINGTON MUNI,WASHINGTON,IA,IOWA,41.27569444,-91.67608333,41.27569444,-91.67608333,754.4,PU,PU,Non-towered,
6402,ALO,WATERLOO RGNL,WATERLOO,IA,IOWA,42.55844916,-92.40102333,42.55844916,-92.40102333,873,PU,PU,Towered,
6406.1,Y01,WAUKON MUNI,WAUKON,IA,IOWA,43.28047611,-91.46952805,43.28047611,-91.46952805,1281,PU,PU,Non-towered,
6410.2,C25,WAVERLY MUNI,WAVERLY,IA,IOWA,42.74179555,-92.50721333,42.74179555,-92.50721333,992.3,PU,PU,Non-towered,
6413,EBS,WEBSTER CITY MUNI,WEBSTER CITY,IA,IOWA,42.43641352,-93.86896702,42.43641352,-93.86896702,1121.5,PU,PU,Non-towered,
6416.6,3Y2,GEORGE L SCOTT MUNI,WEST UNION,IA,IOWA,42.98522222,-91.79063888,42.98522222,-91.79063888,1231.8,PU,PU,Non-towered,
6420,3Y3,WINTERSET MUNI,WINTERSET,IA,IOWA,41.36280555,-94.02119444,41.36280555,-94.02119444,1115.5,PU,PU,Non-towered,
4125,U36,ABERDEEN MUNI,ABERDEEN,ID,IDAHO,42.92109722,-112.8809083,42.92109722,-112.8809083,4473.5,PU,PU,Non-towered,
4134,U01,SAVAGE FLD,AMERICAN FALLS,ID,IDAHO,42.79731666,-112.8251867,42.79731666,-112.8251867,4419,PU,PU,Non-towered,
4138,AOC,ARCO-BUTTE COUNTY,ARCO,ID,IDAHO,43.60352777,-113.33425,43.60352777,-113.33425,5335.4,PU,PU,Non-towered,
4146,U02,MCCARLEY FLD,BLACKFOOT,ID,IDAHO,43.20924888,-112.3495853,43.20924888,-112.3495853,4491.6,PU,PU,Non-towered,
4149,BOI,BOISE AIR TRML/GOWEN FLD,BOISE,ID,IDAHO,43.56436111,-116.2228611,43.56436111,-116.2228611,2871.7,PU,PU,Towered,
4153,65S,BOUNDARY COUNTY,BONNERS FERRY,ID,IDAHO,48.72597222,-116.2951667,48.72597222,-116.2951667,2337.1,PU,PU,Non-towered,
4155.1,U03,BUHL MUNI,BUHL,ID,IDAHO,42.59738888,-114.8006389,42.59738888,-114.8006389,3662.7,PU,PU,Non-towered,
4158,BYI,BURLEY MUNI,BURLEY,ID,IDAHO,42.54261111,-113.7715278,42.54261111,-113.7715278,4153.5,PU,PU,Non-towered,
4161.01,EUL,CALDWELL EXEC,CALDWELL,ID,IDAHO,43.64184888,-116.6357642,43.64184888,-116.6357642,2431.4,PU,PU,Non-towered,
4164.1,U70,CASCADE,CASCADE,ID,IDAHO,44.49233333,-116.0147778,44.49233333,-116.0147778,4748,PU,PU,Non-towered,
4167,LLJ,CHALLIS,CHALLIS,ID,IDAHO,44.52360666,-114.2179383,44.52360666,-114.2179383,5075.9,PU,PU,Non-towered,
4177,COE,COEUR D'ALENE/PAPPY BOYINGTON FLD,COEUR D'ALENE,ID,IDAHO,47.77430555,-116.8195833,47.77430555,-116.8195833,2320.3,PU,PU,Non-towered,
4178.3,S84,COTTONWOOD MUNI,COTTONWOOD,ID,IDAHO,46.03876972,-116.3315347,46.03876972,-116.3315347,3474,PU,PU,Non-towered,
4178.6,U82,COUNCIL MUNI,COUNCIL,ID,IDAHO,44.75033333,-116.4450556,44.75033333,-116.4450556,2966,PU,PU,Non-towered,
4178.7,S89,CRAIGMONT MUNI,CRAIGMONT,ID,IDAHO,46.24772222,-116.4793611,46.24772222,-116.4793611,3805,PU,PU,Non-towered,
4183,U58,DOWNEY/HYDE MEML/,DOWNEY,ID,IDAHO,42.42423333,-112.1095556,42.42423333,-112.1095556,4919,PU,PU,Non-towered,
4184,DIJ,DRIGGS/REED MEML,DRIGGS,ID,IDAHO,43.7462575,-111.0913,43.7462575,-111.0913,6257.2,PU,PU,Non-towered,
4191,S78,EMMETT MUNI,EMMETT,ID,IDAHO,43.85265,-116.5390694,43.85265,-116.5390694,2354,PU,PU,Non-towered,
4197,U89,GLENNS FERRY MUNI,GLENNS FERRY,ID,IDAHO,42.94366666,-115.3300833,42.94366666,-115.3300833,2536,PU,PU,Non-towered,
4201,GNG,GOODING MUNI,GOODING,ID,IDAHO,42.91708083,-114.7663381,42.91708083,-114.7663381,3732.3,PU,PU,Non-towered,
4204,GIC,IDAHO COUNTY,GRANGEVILLE,ID,IDAHO,45.94266666,-116.1230278,45.94266666,-116.1230278,3313.1,PU,PU,Non-towered,
4206,SUN,FRIEDMAN MEML,HAILEY,ID,IDAHO,43.50378055,-114.2955583,43.50378055,-114.2955583,5319.5,PU,PU,Towered,
4207,U94,HAZELTON MUNI,HAZELTON,ID,IDAHO,42.57640972,-114.1352403,42.57640972,-114.1352403,4172,PU,PU,Non-towered,
4208.21,S66,HOMEDALE MUNI,HOMEDALE,ID,IDAHO,43.61463888,-116.9213611,43.61463888,-116.9213611,2220,PU,PU,Non-towered,
4209,IDA,IDAHO FALLS RGNL,IDAHO FALLS,ID,IDAHO,43.51367333,-112.0708203,43.51367333,-112.0708203,4743.7,PU,PU,Towered,
4215,JER,JEROME COUNTY,JEROME,ID,IDAHO,42.72668333,-114.4566472,42.72668333,-114.4566472,4053.1,PU,PU,Non-towered,
4224.1,S83,SHOSHONE COUNTY,KELLOGG,ID,IDAHO,47.54726111,-116.1890639,47.54726111,-116.1890639,2227,PU,PU,Non-towered,
4234,LWS,LEWISTON/NEZ PERCE COUNTY,LEWISTON,ID,IDAHO,46.37449861,-117.0153964,46.37449861,-117.0153964,1442.1,PU,PU,Towered,
4242,U62,MACKAY,MACKAY,ID,IDAHO,43.91000833,-113.6023667,43.91000833,-113.6023667,5892,PU,PU,Non-towered,
4246,MLD,MALAD CITY,MALAD CITY,ID,IDAHO,42.17012633,-112.2926793,42.17012633,-112.2926793,4503,PU,PU,Non-towered,
4236,MYL,MC CALL MUNI,MC CALL,ID,IDAHO,44.88874416,-116.1017519,44.88874416,-116.1017519,5024.1,PU,PU,Non-towered,
4255,0U9,LEE WILLIAMS MEML,MIDVALE,ID,IDAHO,44.46127777,-116.7580278,44.46127777,-116.7580278,2617,PU,PU,Non-towered,
4269,U76,MOUNTAIN HOME MUNI,MOUNTAIN HOME,ID,IDAHO,43.13160944,-115.7305667,43.13160944,-115.7305667,3166.6,PU,PU,Non-towered,
4270.5,1U2,MUD LAKE/WEST JEFFERSON COUNTY,MUD LAKE,ID,IDAHO,43.85126527,-112.5010278,43.85126527,-112.5010278,4795,PU,PU,Non-towered,
4273,1U3,MURPHY,MURPHY,ID,IDAHO,43.21594444,-116.5483611,43.21594444,-116.5483611,2855,PU,PU,Non-towered,
4275,MAN,NAMPA MUNI,NAMPA,ID,IDAHO,43.58134111,-116.5230631,43.58134111,-116.5230631,2537,PU,PU,Non-towered,
4275.9,0S5,NEZPERCE MUNI,NEZPERCE,ID,IDAHO,46.23847327,-116.2385693,46.23847327,-116.2385693,3204,PU,PU,Non-towered,
4278,S68,OROFINO MUNI,OROFINO,ID,IDAHO,46.49202111,-116.2753994,46.49202111,-116.2753994,1004.7,PU,PU,Non-towered,
4280,1U7,BEAR LAKE COUNTY,PARIS,ID,IDAHO,42.24976111,-111.3416272,42.24976111,-111.3416272,5932.9,PU,PU,Non-towered,
4282,50S,PARMA,PARMA,ID,IDAHO,43.7787725,-116.9384861,43.7787725,-116.9384861,2228,PU,PU,Non-towered,
4284,S75,PAYETTE MUNI,PAYETTE,ID,IDAHO,44.09397361,-116.9031056,44.09397361,-116.9031056,2230,PU,PU,Non-towered,
4288,PIH,POCATELLO RGNL,POCATELLO,ID,IDAHO,42.9097925,-112.5959189,42.9097925,-112.5959189,4451.9,PU,PU,Towered,
4296,U10,PRESTON,PRESTON,ID,IDAHO,42.10693611,-111.9125708,42.10693611,-111.9125708,4727.8,PU,PU,Non-towered,
4302,1S6,PRIEST RIVER MUNI,PRIEST RIVER,ID,IDAHO,48.19064583,-116.9098611,48.19064583,-116.9098611,2193,PU,PU,Non-towered,
4305.1,RXE,REXBURG-MADISON COUNTY,REXBURG,ID,IDAHO,43.83391666,-111.8051111,43.83391666,-111.8051111,4862,PU,PU,Non-towered,
4308,U56,RIGBY,RIGBY,ID,IDAHO,43.642725,-111.9291625,43.642725,-111.9291625,4845,PU,PU,Non-towered,
4308.65,2U4,ROCKFORD MUNI,ROCKFORD,ID,IDAHO,43.1895,-112.5318056,43.1895,-112.5318056,4465,PU,PU,Non-towered,
4323,SMN,LEMHI COUNTY,SALMON,ID,IDAHO,45.12327777,-113.8814444,45.12327777,-113.8814444,4044.2,PU,PU,Non-towered,
4326,SZT,SANDPOINT,SANDPOINT,ID,IDAHO,48.29952777,-116.5601389,48.29952777,-116.5601389,2131,PU,PU,Non-towered,
4335,U78,ALLEN H TIGERT,SODA SPRINGS,ID,IDAHO,42.6485,-111.5818056,42.6485,-111.5818056,5843,PU,PU,Non-towered,
4314,U12,STANFORD FLD,ST ANTHONY,ID,IDAHO,43.95016666,-111.6846944,43.95016666,-111.6846944,4966,PU,PU,Non-towered,
4320,S72,JACK A BUELL,ST MARIES,ID,IDAHO,47.32581111,-116.5766778,47.32581111,-116.5766778,2131.3,PU,PU,Non-towered,
4344.1,TWF,JOSLIN FLD/MAGIC VALLEY RGNL,TWIN FALLS,ID,IDAHO,42.48180916,-114.4877361,42.48180916,-114.4877361,4153.4,PU,PU,Towered,
4353,S87,WEISER MUNI,WEISER,ID,IDAHO,44.20466666,-116.9605278,44.20466666,-116.9605278,2120.3,PU,PU,Non-towered,
4366,C00,MERCER COUNTY,ALEDO,IL,ILLINOIS,41.248645,-90.73708361,41.248645,-90.73708361,740,PR,PU,Non-towered,
4372,ALN,ST LOUIS RGNL,ALTON/ST LOUIS,IL,ILLINOIS,38.88991666,-90.046,38.88991666,-90.046,543.5,PU,PU,Towered,
4411.21,K06,GREATER BEARDSTOWN,BEARDSTOWN,IL,ILLINOIS,39.97338138,-90.40373555,39.97338138,-90.40373555,465,PU,PU,Non-towered,
4413,BLV,SCOTT AFB/MIDAMERICA ST LOUIS,BELLEVILLE,IL,ILLINOIS,38.54517305,-89.83518555,38.54517305,-89.83518555,459.1,MA,PU,Towered,
4427,H96,BENTON MUNI,BENTON,IL,ILLINOIS,38.0085,-88.93444444,38.0085,-88.93444444,444.1,PU,PU,Non-towered,
4431,BMI,CENTRAL IL RGNL/BLOOMINGTON-NORMAL,BLOOMINGTON/NORMAL,IL,ILLINOIS,40.47711111,-88.91591666,40.47711111,-88.91591666,871.4,PU,PU,Towered,
4444,1C5,BOLINGBROOK'S CLOW INTL,BOLINGBROOK,IL,ILLINOIS,41.69591666,-88.1295,41.69591666,-88.1295,674.9,PU,PU,Non-towered,
4458.8,CPS,ST LOUIS DOWNTOWN,CAHOKIA/ST LOUIS,IL,ILLINOIS,38.57036111,-90.15508333,38.57036111,-90.15508333,412.9,PU,PU,Towered,
4459.1,CIR,CAIRO RGNL,CAIRO,IL,ILLINOIS,37.06413888,-89.21952777,37.06413888,-89.21952777,322,PU,PU,Non-towered,
4463.1,CTK,INGERSOLL,CANTON,IL,ILLINOIS,40.56908333,-90.07483333,40.56908333,-90.07483333,683.9,PU,PU,Non-towered,
4477,MDH,SOUTHERN ILLINOIS,CARBONDALE/MURPHYSBORO,IL,ILLINOIS,37.77808333,-89.25202777,37.77808333,-89.25202777,411.2,PU,PU,Towered,
4480.12,CUL,CARMI MUNI,CARMI,IL,ILLINOIS,38.08947916,-88.12306111,38.08947916,-88.12306111,387.9,PU,PU,Non-towered,
4487,1H8,CASEY MUNI,CASEY,IL,ILLINOIS,39.30250916,-88.00406194,39.30250916,-88.00406194,654.9,PU,PU,Non-towered,
4490,ENL,CENTRALIA MUNI,CENTRALIA,IL,ILLINOIS,38.51508333,-89.09113888,38.51508333,-89.09113888,534.1,PU,PU,Non-towered,
4494,CMI,UNIVERSITY OF ILLINOIS/WILLARD,CHAMPAIGN/URBANA,IL,ILLINOIS,40.03856083,-88.27653916,40.03856083,-88.27653916,754.9,PU,PU,Towered,
4507,MDW,CHICAGO MIDWAY INTL,CHICAGO,IL,ILLINOIS,41.78564333,-87.75272861,41.78564333,-87.75272861,619.8,PU,PU,Towered,1
4508,ORD,CHICAGO O'HARE INTL,CHICAGO,IL,ILLINOIS,41.97694027,-87.90814972,41.97694027,-87.90814972,680,PU,PU,Towered,1
4518,IGQ,LANSING MUNI,CHICAGO,IL,ILLINOIS,41.53491666,-87.52952777,41.53491666,-87.52952777,619.7,PU,PU,Non-towered,
4506,ARR,AURORA MUNI,CHICAGO/AURORA,IL,ILLINOIS,41.77191666,-88.47566666,41.77191666,-88.47566666,712,PU,PU,Towered,
4508.2,3CK,LAKE IN THE HILLS,CHICAGO/LAKE IN THE HILLS,IL,ILLINOIS,42.20686111,-88.32269444,42.20686111,-88.32269444,887.2,PU,PU,Non-towered,
4508.1,PWK,CHICAGO EXEC,CHICAGO/PROSPECT HEIGHTS/WHEELING,IL,ILLINOIS,42.11427944,-87.90154083,42.11427944,-87.90154083,647,PU,PU,Towered,
4974,RFD,CHICAGO/ROCKFORD INTL,CHICAGO/ROCKFORD,IL,ILLINOIS,42.19536111,-89.09722222,42.19536111,-89.09722222,742,PU,PU,Towered,
4503.04,LOT,LEWIS UNIVERSITY,CHICAGO/ROMEOVILLE,IL,ILLINOIS,41.60809694,-88.09638972,41.60809694,-88.09638972,679,PU,PU,Towered,
4518.8,06C,SCHAUMBURG RGNL,CHICAGO/SCHAUMBURG,IL,ILLINOIS,41.98934083,-88.10124277,41.98934083,-88.10124277,801,PU,PU,Non-towered,
4503,UGN,WAUKEGAN NTL,CHICAGO/WAUKEGAN,IL,ILLINOIS,42.42214861,-87.86791611,42.42214861,-87.86791611,728.1,PU,PU,Towered,
4508.6,DPA,DUPAGE,CHICAGO/WEST CHICAGO,IL,ILLINOIS,41.90705305,-88.247995,41.90705305,-88.247995,758.5,PU,PU,Towered,
4533.23,C26,CLINTON,CLINTON,IL,ILLINOIS,40.16349166,-88.935,40.16349166,-88.935,730,PR,PU,Non-towered,
4562.1,DNV,VERMILION RGNL,DANVILLE,IL,ILLINOIS,40.19982722,-87.59516638,40.19982722,-87.59516638,696.9,PU,PU,Non-towered,
4567,DKB,DE KALB TAYLOR MUNI,DE KALB,IL,ILLINOIS,41.93383425,-88.70568638,41.93383425,-88.70568638,912.6,PU,PU,Non-towered,
4564,DEC,DECATUR,DECATUR,IL,ILLINOIS,39.8345625,-88.86568916,39.8345625,-88.86568916,681.9,PU,PU,Towered,
4581,C73,DIXON MUNI-CHARLES R WALGREEN FLD,DIXON,IL,ILLINOIS,41.83369888,-89.44621333,41.83369888,-89.44621333,785,PU,PU,Non-towered,
4614,1H2,EFFINGHAM COUNTY RGNL,EFFINGHAM,IL,ILLINOIS,39.07044444,-88.53352777,39.07044444,-88.53352777,585.2,PU,PU,Non-towered,
4635.1,FWC,FAIRFIELD MUNI,FAIRFIELD,IL,ILLINOIS,38.37863305,-88.41265222,38.37863305,-88.41265222,434.4,PU,PU,Non-towered,
4650.1,FOA,FLORA MUNI,FLORA,IL,ILLINOIS,38.66499022,-88.45311202,38.66499022,-88.45311202,472.6,PU,PU,Non-towered,
4660,FEP,ALBERTUS,FREEPORT,IL,ILLINOIS,42.24611472,-89.58197666,42.24611472,-89.58197666,859,PU,PU,Non-towered,
4667.1,GBG,HARREL W TIMMONS GALESBURG RGNL,GALESBURG,IL,ILLINOIS,40.93800052,-90.43112358,40.93800052,-90.43112358,764.3,PU,PU,Non-towered,
4703.1,C81,CAMPBELL,GRAYSLAKE,IL,ILLINOIS,42.32461111,-88.07408805,42.32461111,-88.07408805,788,PR,PU,Non-towered,
4713.1,GRE,GREENVILLE,GREENVILLE,IL,ILLINOIS,38.83622222,-89.37888888,38.83622222,-89.37888888,540.8,PU,PU,Non-towered,
4715,10C,GALT FLD,GREENWOOD/WONDER LAKE,IL,ILLINOIS,42.40288888,-88.37511111,42.40288888,-88.37511111,875,PR,PU,Non-towered,
4722,HSB,HARRISBURG-RALEIGH,HARRISBURG,IL,ILLINOIS,37.81125611,-88.55025963,37.81125611,-88.55025963,398,PU,PU,Non-towered,
4760,IJX,JACKSONVILLE MUNI,JACKSONVILLE,IL,ILLINOIS,39.77461111,-90.23827777,39.77461111,-90.23827777,623.9,PU,PU,Non-towered,
4767,JOT,JOLIET RGNL,JOLIET,IL,ILLINOIS,41.51774138,-88.17539722,41.51774138,-88.17539722,582.3,PU,PU,Non-towered,
4773.1,IKK,GREATER KANKAKEE,KANKAKEE,IL,ILLINOIS,41.07138888,-87.84627777,41.07138888,-87.84627777,629.5,PU,PU,Non-towered,
4781.1,EZI,KEWANEE MUNI,KEWANEE,IL,ILLINOIS,41.20519444,-89.96386111,41.20519444,-89.96386111,858,PU,PU,Non-towered,
4786,C75,MARSHALL COUNTY,LACON,IL,ILLINOIS,41.01883333,-89.38577777,41.01883333,-89.38577777,584.5,PU,PU,Non-towered,
4803,LWV,LAWRENCEVILLE-VINCENNES INTL,LAWRENCEVILLE,IL,ILLINOIS,38.76427777,-87.6055,38.76427777,-87.6055,429.8,PU,PU,Non-towered,
4822,AAA,LOGAN COUNTY,LINCOLN,IL,ILLINOIS,40.15869444,-89.33502777,40.15869444,-89.33502777,594.3,PU,PU,Non-towered,
4824,3LF,LITCHFIELD MUNI,LITCHFIELD,IL,ILLINOIS,39.1625,-89.67463888,39.1625,-89.67463888,690.5,PU,PU,Non-towered,
4841.1,MQB,MACOMB MUNI,MACOMB,IL,ILLINOIS,40.52008333,-90.65238888,40.52008333,-90.65238888,705.7,PU,PU,Non-towered,
4850,MWA,VETERANS AIRPORT OF SOUTHERN ILLINOIS,MARION,IL,ILLINOIS,37.75497222,-89.01108333,37.75497222,-89.01108333,471.7,PU,PU,Towered,
4858.1,MTO,COLES COUNTY MEML,MATTOON/CHARLESTON,IL,ILLINOIS,39.47788888,-88.27997222,39.47788888,-88.27997222,722.3,PU,PU,Non-towered,
4864,M30,METROPOLIS MUNI,METROPOLIS,IL,ILLINOIS,37.18294444,-88.75066666,37.18294444,-88.75066666,384.3,PU,PU,Non-towered,
4868,MLI,QUAD CITIES INTL,MOLINE,IL,ILLINOIS,41.44820916,-90.50777,41.44820916,-90.50777,589.6,PU,PU,Towered,
4869.5,C56,BULT FLD,MONEE,IL,ILLINOIS,41.37741666,-87.67975,41.37741666,-87.67975,790.2,PU,PU,Non-towered,
4870,C66,MONMOUTH MUNI,MONMOUTH,IL,ILLINOIS,40.92970444,-90.63110722,40.92970444,-90.63110722,753,PU,PU,Non-towered,
4876,C09,MORRIS MUNI/JAMES R WASHBURN FLD,MORRIS,IL,ILLINOIS,41.42475,-88.41866666,41.42475,-88.41866666,584.7,PU,PU,Non-towered,
4886,AJG,MOUNT CARMEL MUNI,MOUNT CARMEL,IL,ILLINOIS,38.60652777,-87.72669444,38.60652777,-87.72669444,429.4,PU,PU,Non-towered,
4890.21,I63,MOUNT STERLING MUNI,MOUNT STERLING,IL,ILLINOIS,39.98538888,-90.80413888,39.98538888,-90.80413888,733.7,PU,PU,Non-towered,
4891,MVN,MOUNT VERNON,MOUNT VERNON,IL,ILLINOIS,38.32336111,-88.8585,38.32336111,-88.8585,480.4,PU,PU,Non-towered,
4922.1,OLY,OLNEY-NOBLE,OLNEY-NOBLE,IL,ILLINOIS,38.72182722,-88.17643277,38.72182722,-88.17643277,482.1,PU,PU,Non-towered,
4925.03,8N2,SKYDIVE CHICAGO,OTTAWA,IL,ILLINOIS,41.39977777,-88.79391666,41.39977777,-88.79391666,616,PR,PU,Non-towered,
4928.8,5K1,ZELMER MEML AIRPARK INC,PALMYRA,IL,ILLINOIS,39.4200475,-89.9912175,39.4200475,-89.9912175,663,PR,PU,Non-towered,
4931.41,PRG,EDGAR COUNTY,PARIS,IL,ILLINOIS,39.69966666,-87.67077777,39.69966666,-87.67077777,654.2,PU,PU,Non-towered,
4933.51,1C1,PAXTON,PAXTON,IL,ILLINOIS,40.44897888,-88.12773805,40.44897888,-88.12773805,779,PR,PU,Non-towered,
4936.1,C15,PEKIN MUNI,PEKIN,IL,ILLINOIS,40.48819444,-89.67588888,40.48819444,-89.67588888,530,PU,PU,Non-towered,
4938,PIA,GENERAL DOWNING - PEORIA INTL,PEORIA,IL,ILLINOIS,40.66419444,-89.69325,40.66419444,-89.69325,660.7,PU,PU,Towered,
4937.2,3MY,MOUNT HAWLEY AUXILIARY,PEORIA,IL,ILLINOIS,40.79580555,-89.61347222,40.79580555,-89.61347222,793.4,PU,PU,Non-towered,
4939.82,VYS,ILLINOIS VALLEY RGNL-WALTER A DUNCAN FLD,PERU,IL,ILLINOIS,41.35013888,-89.15294444,41.35013888,-89.15294444,654.2,PU,PU,Non-towered,
4941.77,PJY,PINCKNEYVILLE/DU QUOIN,PINCKNEYVILLE,IL,ILLINOIS,37.97788416,-89.36044888,37.97788416,-89.36044888,400.4,PU,PU,Non-towered,
4945.51,PPQ,PITTSFIELD PENSTONE MUNI,PITTSFIELD,IL,ILLINOIS,39.63889008,-90.77855897,39.63889008,-90.77855897,709.8,PU,PU,Non-towered,
4952,PNT,PONTIAC MUNI,PONTIAC,IL,ILLINOIS,40.92444444,-88.62394444,40.92444444,-88.62394444,666.2,PU,PU,Non-towered,
4952.43,C77,POPLAR GROVE,POPLAR GROVE,IL,ILLINOIS,42.32286111,-88.83630555,42.32286111,-88.83630555,857.4,PR,PU,Non-towered,
4958,UIN,QUINCY RGNL-BALDWIN FLD,QUINCY,IL,ILLINOIS,39.94227527,-91.19240444,39.94227527,-91.19240444,768.7,PU,PU,Non-towered,
4958.85,TIP,RANTOUL NTL AVN CNTR-FRANK ELLIOTT FLD,RANTOUL,IL,ILLINOIS,40.29355555,-88.14238888,40.29355555,-88.14238888,737.9,PU,PU,Non-towered,
4968.1,RSV,CRAWFORD COUNTY,ROBINSON,IL,ILLINOIS,39.01602777,-87.64977777,39.01602777,-87.64977777,461.3,PU,PU,Non-towered,
4970,RPJ,ROCHELLE MUNI/KORITZ FLD,ROCHELLE,IL,ILLINOIS,41.89263888,-89.07961111,41.89263888,-89.07961111,780.9,PU,PU,Non-towered,
4975.41,I26,CORPORAL JASON G PAUTSCH,ROCK ISLAND,IL,ILLINOIS,41.50999925,-90.55788966,41.50999925,-90.55788966,571,PR,PU,Non-towered,
4989,SLO,SALEM-LECKRONE,SALEM,IL,ILLINOIS,38.64287222,-88.96418527,38.64287222,-88.96418527,573.2,PU,PU,Non-towered,
4992.1,SFY,TRI-TOWNSHIP,SAVANNA,IL,ILLINOIS,42.04583333,-90.10794444,42.04583333,-90.10794444,616.3,PU,PU,Non-towered,
4997,2H0,SHELBY COUNTY,SHELBYVILLE,IL,ILLINOIS,39.41130277,-88.84552222,39.41130277,-88.84552222,618.9,PU,PU,Non-towered,
5002.3,SAR,SPARTA COMMUNITY-HUNTER FLD,SPARTA,IL,ILLINOIS,38.14886361,-89.69850388,38.14886361,-89.69850388,537.6,PU,PU,Non-towered,
5008,SPI,ABRAHAM LINCOLN CAPITAL,SPRINGFIELD,IL,ILLINOIS,39.84461361,-89.67754666,39.84461361,-89.67754666,597.8,PU,PU,Towered,
5012.1,SQI,WHITESIDE COUNTY/JOS H BITTORF FLD,STERLING/ROCKFALLS,IL,ILLINOIS,41.74283333,-89.67627777,41.74283333,-89.67627777,647.6,PU,PU,Non-towered,
5023.6,TAZ,TAYLORVILLE MUNI,TAYLORVILLE,IL,ILLINOIS,39.5325855,-89.33070691,39.5325855,-89.33070691,622,PU,PU,Non-towered,
5030.1,K96,TUSCOLA,TUSCOLA,IL,ILLINOIS,39.78119722,-88.30644583,39.78119722,-88.30644583,665,PR,PU,Non-towered,
5032,C16,FRASCA FLD,URBANA,IL,ILLINOIS,40.14639977,-88.19848758,40.14639977,-88.19848758,735,PR,PU,Non-towered,
5035,VLA,VANDALIA MUNI,VANDALIA,IL,ILLINOIS,38.99146583,-89.16618944,38.99146583,-89.16618944,537.2,PU,PU,Non-towered,
5087.3,I99,ALEXANDRIA,ALEXANDRIA,IN,INDIANA,40.23251333,-85.63753055,40.23251333,-85.63753055,900,PR,PU,Non-towered,
5090.1,AID,ANDERSON RGNL,ANDERSON,IN,INDIANA,40.10861111,-85.613,40.10861111,-85.613,919.1,PU,PU,Towered,
5092,ANQ,TRI-STATE STEUBEN COUNTY,ANGOLA,IN,INDIANA,41.63969833,-85.08349333,41.63969833,-85.08349333,995,PU,PU,Non-towered,
5101.1,GWB,AUBURN/DEKALB EXEC,AUBURN,IN,INDIANA,41.3071975,-85.06051694,41.3071975,-85.06051694,880.4,PU,PU,Non-towered,
5108.1,HLB,BATESVILLE,BATESVILLE,IN,INDIANA,39.34311111,-85.25841666,39.34311111,-85.25841666,975,PR,PU,Non-towered,
5110,BFR,VIRGIL I GRISSOM MUNI,BEDFORD,IN,INDIANA,38.84002777,-86.44536111,38.84002777,-86.44536111,727.4,PU,PU,Non-towered,
5126,BMG,MONROE COUNTY,BLOOMINGTON,IN,INDIANA,39.14602111,-86.61668027,39.14602111,-86.61668027,845.5,PU,PU,Towered,
5140.11,0I2,BRAZIL CLAY COUNTY,BRAZIL,IN,INDIANA,39.47673555,-87.09970916,39.47673555,-87.09970916,645,PU,PU,Non-towered,
5192,BAK,COLUMBUS MUNI,COLUMBUS,IN,INDIANA,39.261915,-85.89633888,39.261915,-85.89633888,656.1,PU,PU,Towered,
5194,CEV,METTEL FLD,CONNERSVILLE,IN,INDIANA,39.69819444,-85.13113888,39.69819444,-85.13113888,866.3,PU,PU,Non-towered,
5196,1I8,CONVERSE,CONVERSE,IN,INDIANA,40.57320277,-85.89959722,40.57320277,-85.89959722,840,PU,PU,Non-towered,
5210,CFJ,CRAWFORDSVILLE RGNL,CRAWFORDSVILLE,IN,INDIANA,39.974625,-86.921075,39.974625,-86.921075,800.4,PU,PU,Non-towered,
5232.11,1I9,DELPHI MUNI,DELPHI,IN,INDIANA,40.54081083,-86.68146638,40.54081083,-86.68146638,671.1,PU,PU,Non-towered,
5248,EKM,ELKHART MUNI,ELKHART,IN,INDIANA,41.71940616,-86.00321897,41.71940616,-86.00321897,777.6,PU,PU,Towered,
5247.2,3C1,MISHAWAKA PILOTS CLUB,ELKHART,IN,INDIANA,41.65699305,-86.03472388,41.65699305,-86.03472388,755,PR,PU,Non-towered,
5257,EVV,EVANSVILLE RGNL,EVANSVILLE,IN,INDIANA,38.04080416,-87.52849361,38.04080416,-87.52849361,421.7,PU,PU,Towered,
5282,FWA,FORT WAYNE INTL,FORT WAYNE,IN,INDIANA,40.97847222,-85.19516666,40.97847222,-85.19516666,814.5,PU,PU,Towered,
5281,SMD,SMITH FLD,FORT WAYNE,IN,INDIANA,41.14336111,-85.15277777,41.14336111,-85.15277777,835.7,PU,PU,Non-towered,
5291,FKR,FRANKFORT CLINTON COUNTY RGNL,FRANKFORT,IN,INDIANA,40.27343083,-86.56217027,40.27343083,-86.56217027,860.7,PU,PU,Non-towered,
5293,3FK,FRANKLIN FLYING FLD,FRANKLIN,IN,INDIANA,39.42643888,-86.05832194,39.42643888,-86.05832194,740,PR,PU,Non-towered,
5296.1,FRH,FRENCH LICK MUNI,FRENCH LICK,IN,INDIANA,38.50622222,-86.63694444,38.50622222,-86.63694444,792.2,PU,PU,Non-towered,
5303,GYY,GARY/CHICAGO INTL,GARY/CHICAGO,IN,INDIANA,41.61725,-87.41452777,41.61725,-87.41452777,596.8,PU,PU,Towered,
5308,GSH,GOSHEN MUNI,GOSHEN,IN,INDIANA,41.52613266,-85.7943255,41.52613266,-85.7943255,826.4,PU,PU,Non-towered,
5311,GPC,PUTNAM COUNTY RGNL,GREENCASTLE,IN,INDIANA,39.63352777,-86.81380555,39.63352777,-86.81380555,842,PU,PU,Non-towered,
5319,I34,GREENSBURG MUNI,GREENSBURG,IN,INDIANA,39.3200125,-85.52511805,39.3200125,-85.52511805,908.9,PU,PU,Non-towered,
5327,05C,GRIFFITH-MERRILLVILLE,GRIFFITH,IN,INDIANA,41.519841,-87.39950797,41.519841,-87.39950797,634,PU,PU,Non-towered,
5353,3HO,HOBART SKY RANCH,HOBART,IN,INDIANA,41.5559,-87.26392222,41.5559,-87.26392222,630.1,PR,PU,Non-towered,
5362,HNB,HUNTINGBURG,HUNTINGBURG,IN,INDIANA,38.24901694,-86.95281944,38.24901694,-86.95281944,529.1,PU,PU,Non-towered,
5365,HHG,HUNTINGTON MUNI,HUNTINGTON,IN,INDIANA,40.85291666,-85.45705555,40.85291666,-85.45705555,805.7,PU,PU,Non-towered,
5370.3,EYE,EAGLE CREEK AIRPARK,INDIANAPOLIS,IN,INDIANA,39.83071741,-86.29438575,39.83071741,-86.29438575,822.5,PU,PU,Non-towered,
5370.9,2R2,HENDRICKS COUNTY-GORDON GRAHAM FLD,INDIANAPOLIS,IN,INDIANA,39.74677777,-86.47516666,39.74677777,-86.47516666,897.8,PU,PU,Non-towered,
5370.8,8A4,INDIANAPOLIS DOWNTOWN,INDIANAPOLIS,IN,INDIANA,39.76587638,-86.148875,39.76587638,-86.148875,732,PU,PU,Non-towered,
5370.7,TYQ,INDIANAPOLIS EXEC,INDIANAPOLIS,IN,INDIANA,40.02860944,-86.25140555,40.02860944,-86.25140555,922.2,PU,PU,Non-towered,
5375,IND,INDIANAPOLIS INTL,INDIANAPOLIS,IN,INDIANA,39.71730555,-86.29463888,39.71730555,-86.29463888,796.2,PU,PU,Towered,
5370.4,UMP,INDIANAPOLIS METRO,INDIANAPOLIS,IN,INDIANA,39.93539847,-86.04506772,39.93539847,-86.04506772,811.3,PU,PU,Non-towered,
5370.5,MQJ,INDIANAPOLIS RGNL,INDIANAPOLIS,IN,INDIANA,39.84313777,-85.89773555,39.84313777,-85.89773555,862.3,PU,PU,Non-towered,
5370,HFY,INDY SOUTH GREENWOOD,INDIANAPOLIS,IN,INDIANA,39.62761111,-86.08802777,39.62761111,-86.08802777,822.1,PU,PU,Non-towered,
5370.6,7L8,POST-AIR,INDIANAPOLIS,IN,INDIANA,39.75004277,-86.01387111,39.75004277,-86.01387111,861,PR,PU,Non-towered,
5388.11,JVY,CLARK RGNL,JEFFERSONVILLE,IN,INDIANA,38.36661833,-85.73814472,38.36661833,-85.73814472,477.7,PU,PU,Non-towered,
5398,C62,KENDALLVILLE MUNI,KENDALLVILLE,IN,INDIANA,41.47271555,-85.2607975,41.47271555,-85.2607975,1004.3,PU,PU,Non-towered,
5398.8,50I,KENTLAND MUNI,KENTLAND,IN,INDIANA,40.75874233,-87.4291253,40.75874233,-87.4291253,699,PU,PU,Non-towered,
5406.1,OXI,STARKE COUNTY,KNOX,IN,INDIANA,41.32970194,-86.66460944,41.32970194,-86.66460944,685.3,PU,PU,Non-towered,
5410,OKK,KOKOMO MUNI,KOKOMO,IN,INDIANA,40.52765583,-86.05973722,40.52765583,-86.05973722,832.2,PU,PU,Non-towered,
5424,PPO,LA PORTE MUNI,LA PORTE,IN,INDIANA,41.57246694,-86.73452777,41.57246694,-86.73452777,812,PU,PU,Non-towered,
5412,LAF,PURDUE UNIVERSITY,LAFAYETTE,IN,INDIANA,40.41230444,-86.9368975,40.41230444,-86.9368975,605.8,PU,PU,Towered,
5431.1,6I4,BOONE COUNTY,LEBANON,IN,INDIANA,40.00726361,-86.44055527,40.00726361,-86.44055527,959,PR,PU,Non-towered,
5444.1,GGP,LOGANSPORT/CASS COUNTY,LOGANSPORT,IN,INDIANA,40.71126444,-86.37270472,40.71126444,-86.37270472,738.4,PU,PU,Non-towered,
5453.1,IMS,MADISON MUNI,MADISON,IN,INDIANA,38.75991666,-85.46469444,38.75991666,-85.46469444,819.1,PU,PU,Non-towered,
5460,MZZ,MARION MUNI - MCKINNEY FLD,MARION,IN,INDIANA,40.48991666,-85.67977777,40.48991666,-85.67977777,858.7,PU,PU,Non-towered,
5470,C92,MENTONE,MENTONE,IN,INDIANA,41.15004333,-86.06249666,41.15004333,-86.06249666,860,PR,PU,Non-towered,
5472,MGC,MICHIGAN CITY MUNI-PHILLIPS FLD,MICHIGAN CITY,IN,INDIANA,41.70331527,-86.82124,41.70331527,-86.82124,654.9,PU,PU,Non-towered,
5496.1,MCX,WHITE COUNTY,MONTICELLO,IN,INDIANA,40.71019388,-86.76679388,40.71019388,-86.76679388,678.5,PU,PU,Non-towered,
5511,MIE,DELAWARE COUNTY RGNL,MUNCIE,IN,INDIANA,40.24247222,-85.39575,40.24247222,-85.39575,937.4,PU,PU,Towered,
5511.1,7I2,REESE,MUNCIE,IN,INDIANA,40.15523888,-85.31894583,40.15523888,-85.31894583,991,PR,PU,Non-towered,
5517,C03,NAPPANEE MUNI,NAPPANEE,IN,INDIANA,41.44615694,-85.93604583,41.44615694,-85.93604583,860,PU,PU,Non-towered,
5526.1,UWL,NEW CASTLE HENRY COUNTY MARLATT FLD,NEW CASTLE,IN,INDIANA,39.87673166,-85.32528666,39.87673166,-85.32528666,1090.2,PU,PU,Non-towered,
5544,OVO,NORTH VERNON,NORTH VERNON,IN,INDIANA,39.04533333,-85.60561111,39.04533333,-85.60561111,757.2,PU,PU,Non-towered,
5548,I20,ED-AIR,OAKTOWN,IN,INDIANA,38.85149861,-87.49979305,38.85149861,-87.49979305,426,PR,PU,Non-towered,
5560.1,7I4,ORLEANS,ORLEANS,IN,INDIANA,38.65838694,-86.44304416,38.65838694,-86.44304416,655,PU,PU,Non-towered,
5568,I42,PAOLI MUNI,PAOLI,IN,INDIANA,38.58480388,-86.46494833,38.58480388,-86.46494833,816.4,PU,PU,Non-towered,
5575,GUS,GRISSOM ARB,PERU,IN,INDIANA,40.64809166,-86.15211944,40.64809166,-86.15211944,810.6,MA,PU,Towered,
5574.01,I76,PERU MUNI,PERU,IN,INDIANA,40.78577222,-86.14643333,40.78577222,-86.14643333,778.8,PU,PU,Non-towered,
5586.1,C65,PLYMOUTH MUNI,PLYMOUTH,IN,INDIANA,41.36513055,-86.30025777,41.36513055,-86.30025777,799.9,PU,PU,Non-towered,
5590,PLD,PORTLAND MUNI,PORTLAND,IN,INDIANA,40.4515175,-84.99171777,40.4515175,-84.99171777,925.3,PU,PU,Non-towered,
5598,RZL,JASPER COUNTY,RENSSELAER,IN,INDIANA,40.94782333,-87.18264805,40.94782333,-87.18264805,698.3,PU,PU,Non-towered,
5602,RID,RICHMOND MUNI,RICHMOND,IN,INDIANA,39.75608333,-84.84269444,39.75608333,-84.84269444,1139.8,PU,PU,Non-towered,
5613,RCR,FULTON COUNTY,ROCHESTER,IN,INDIANA,41.06554752,-86.18170288,41.06554752,-86.18170288,789.5,PU,PU,Non-towered,
5629.1,I83,SALEM MUNI,SALEM,IN,INDIANA,38.60407569,-86.15225161,38.60407569,-86.15225161,839.9,PU,PU,Non-towered,
5643,SER,FREEMAN MUNI,SEYMOUR,IN,INDIANA,38.92425644,-85.90972058,38.92425644,-85.90972058,582.7,PU,PU,Non-towered,
5649.1,GEZ,SHELBYVILLE MUNI,SHELBYVILLE,IN,INDIANA,39.58313888,-85.80480555,39.58313888,-85.80480555,802.5,PU,PU,Non-towered,
5655,5I4,SHERIDAN,SHERIDAN,IN,INDIANA,40.17815555,-86.21706944,40.17815555,-86.21706944,936,PR,PU,Non-towered,
5661,SBN,SOUTH BEND INTL,SOUTH BEND,IN,INDIANA,41.70822388,-86.3173375,41.70822388,-86.3173375,798.4,PU,PU,Towered,
5675.1,SIV,SULLIVAN COUNTY,SULLIVAN,IN,INDIANA,39.1147125,-87.44832916,39.1147125,-87.44832916,539.2,PU,PU,Non-towered,
5684,TEL,PERRY COUNTY MUNI,TELL CITY,IN,INDIANA,38.01886111,-86.69241666,38.01886111,-86.69241666,659.5,PU,PU,Non-towered,
5688.1,3I3,SKY KING,TERRE HAUTE,IN,INDIANA,39.54778666,-87.3773525,39.54778666,-87.3773525,496,PR,PU,Non-towered,
5689,HUF,TERRE HAUTE RGNL,TERRE HAUTE,IN,INDIANA,39.45063194,-87.30699,39.45063194,-87.30699,589.2,PU,PU,Towered,
5701,VPZ,PORTER COUNTY RGNL,VALPARAISO,IN,INDIANA,41.45397222,-87.00708333,41.45397222,-87.00708333,770.3,PU,PU,Non-towered,
5720,IWH,WABASH MUNI,WABASH,IN,INDIANA,40.76197222,-85.79875,40.76197222,-85.79875,795.6,PU,PU,Non-towered,
5738,ASW,WARSAW MUNI,WARSAW,IN,INDIANA,41.27469444,-85.84008333,41.27469444,-85.84008333,849.7,PU,PU,Non-towered,
5740.1,DCY,DAVIESS COUNTY,WASHINGTON,IN,INDIANA,38.70076694,-87.13129,38.70076694,-87.13129,472.3,PU,PU,Non-towered,
5771.1,RWN,ARENS FLD,WINAMAC,IN,INDIANA,41.09226305,-86.61287111,41.09226305,-86.61287111,708.3,PU,PU,Non-towered,
5774,I22,RANDOLPH COUNTY,WINCHESTER,IN,INDIANA,40.16769444,-84.92938888,40.16769444,-84.92938888,1122.8,PU,PU,Non-towered,
6460,K78,ABILENE MUNI,ABILENE,KS,KANSAS,38.90405555,-97.23586111,38.90405555,-97.23586111,1152.9,PU,PU,Non-towered,
6463,ANY,ANTHONY MUNI,ANTHONY,KS,KANSAS,37.15988888,-98.07952777,37.15988888,-98.07952777,1343.1,PU,PU,Non-towered,
6476,K59,AMELIA EARHART,ATCHISON,KS,KANSAS,39.57052472,-95.18033138,39.57052472,-95.18033138,1073,PU,PU,Non-towered,
6479,ADT,ATWOOD-RAWLINS COUNTY CITY-COUNTY,ATWOOD,KS,KANSAS,39.8403385,-101.0424829,39.8403385,-101.0424829,2990.7,PU,PU,Non-towered,
6483.1,3AU,AUGUSTA MUNI,AUGUSTA,KS,KANSAS,37.66983444,-97.07802611,37.66983444,-97.07802611,1325.5,PU,PU,Non-towered,
6487,RPB,BELLEVILLE MUNI,BELLEVILLE,KS,KANSAS,39.81775972,-97.65958638,39.81775972,-97.65958638,1538,PU,PU,Non-towered,
6492,K61,MORITZ MEML,BELOIT,KS,KANSAS,39.47236111,-98.12833944,39.47236111,-98.12833944,1418.4,PU,PU,Non-towered,
6492.5,1K1,LLOYD STEARMAN FLD,BENTON,KS,KANSAS,37.77444444,-97.11322222,37.77444444,-97.11322222,1364.1,PR,PU,Non-towered,
6508.92,UKL,COFFEY COUNTY,BURLINGTON,KS,KANSAS,38.30248194,-95.7249575,38.30248194,-95.7249575,1174.4,PU,PU,Non-towered,
6519,CNU,CHANUTE MARTIN JOHNSON,CHANUTE,KS,KANSAS,37.66788388,-95.48671555,37.66788388,-95.48671555,1002.5,PU,PU,Non-towered,
6529,8K8,CIMARRON MUNI,CIMARRON,KS,KANSAS,37.83286472,-100.3481583,37.83286472,-100.3481583,2749.5,PU,PU,Non-towered,
6533,CYW,CLAY CENTER MUNI,CLAY CENTER,KS,KANSAS,39.38713888,-97.15722222,39.38713888,-97.15722222,1208.9,PU,PU,Non-towered,
6540,CFV,COFFEYVILLE MUNI,COFFEYVILLE,KS,KANSAS,37.094,-95.572,37.094,-95.572,754.4,PU,PU,Non-towered,
6542,CBK,SHALZ FLD,COLBY,KS,KANSAS,39.42745861,-101.0466197,39.42745861,-101.0466197,3188.2,PU,PU,Non-towered,
6545.1,3K8,COMANCHE COUNTY,COLDWATER,KS,KANSAS,37.22286111,-99.33202777,37.22286111,-99.33202777,2086.1,PU,PU,Non-towered,
6550,CNK,BLOSSER MUNI,CONCORDIA,KS,KANSAS,39.54986777,-97.65204055,39.54986777,-97.65204055,1488.1,PU,PU,Non-towered,
6555,K65,DIGHTON,DIGHTON,KS,KANSAS,38.48890808,-100.4816716,38.48890808,-100.4816716,2779,PU,PU,Non-towered,
6557,DDC,DODGE CITY RGNL,DODGE CITY,KS,KANSAS,37.76311111,-99.96541666,37.76311111,-99.96541666,2595.5,PU,PU,Non-towered,
6565,EQA,EL DORADO/CAPT JACK THOMAS MEML,EL DORADO,KS,KANSAS,37.77411111,-96.81772222,37.77411111,-96.81772222,1379.3,PU,PU,Non-towered,
6566,EHA,ELKHART-MORTON COUNTY,ELKHART,KS,KANSAS,37.00078222,-101.8800278,37.00078222,-101.8800278,3621.9,PU,PU,Non-towered,
6574,9K7,ELLSWORTH MUNI,ELLSWORTH,KS,KANSAS,38.751,-98.22916666,38.751,-98.22916666,1632.9,PU,PU,Non-towered,
6580,EMP,EMPORIA MUNI,EMPORIA,KS,KANSAS,38.33056333,-96.18993194,38.33056333,-96.18993194,1207.7,PU,PU,Non-towered,
6589,13K,LT WILLIAM M MILLIKEN,EUREKA,KS,KANSAS,37.85161611,-96.29202444,37.85161611,-96.29202444,1208.1,PU,PU,Non-towered,
6595,FLV,SHERMAN AAF,FORT LEAVENWORTH,KS,KANSAS,39.36757555,-94.91433972,39.36757555,-94.91433972,771,MR,PU,Non-towered,
6599,FSK,FORT SCOTT MUNI,FORT SCOTT,KS,KANSAS,37.79836111,-94.76936111,37.79836111,-94.76936111,918,PU,PU,Non-towered,
6613,1K7,FREDONIA,FREDONIA,KS,KANSAS,37.58070416,-95.83715555,37.58070416,-95.83715555,882,PU,PU,Non-towered,
6621,GCK,GARDEN CITY RGNL,GARDEN CITY,KS,KANSAS,37.92752777,-100.7244167,37.92752777,-100.7244167,2890.8,PU,PU,Towered,
6623,K34,GARDNER MUNI,GARDNER,KS,KANSAS,38.80684833,-94.95674944,38.80684833,-94.95674944,1040,PU,PU,Non-towered,
6625,K68,GARNETT MUNI,GARNETT,KS,KANSAS,38.27730555,-95.21522222,38.27730555,-95.21522222,988.6,PU,PU,Non-towered,
6632,GLD,RENNER FLD/GOODLAND MUNI,GOODLAND,KS,KANSAS,39.37074083,-101.6987339,39.37074083,-101.6987339,3657.6,PU,PU,Non-towered,
6636,GBD,GREAT BEND MUNI,GREAT BEND,KS,KANSAS,38.34425138,-98.85919694,38.34425138,-98.85919694,1886.7,PU,PU,Non-towered,
6648.1,8K2,HARPER MUNI,HARPER,KS,KANSAS,37.27818638,-98.04347833,37.27818638,-98.04347833,1427,PU,PU,Non-towered,
6650.1,HYS,HAYS RGNL,HAYS,KS,KANSAS,38.84222222,-99.27316666,38.84222222,-99.27316666,1999.1,PU,PU,Non-towered,
6653,HRU,HERINGTON RGNL,HERINGTON,KS,KANSAS,38.69472222,-96.80797222,38.69472222,-96.80797222,1480.6,PU,PU,Non-towered,
6659.3,HLC,HILL CITY MUNI,HILL CITY,KS,KANSAS,39.38019444,-99.83147222,39.38019444,-99.83147222,2238.4,PU,PU,Non-towered,
6659.5,M66,ALFRED SCHROEDER FLD,HILLSBORO,KS,KANSAS,38.34157083,-97.21387222,38.34157083,-97.21387222,1434,PU,PU,Non-towered,
6675,1F5,HOXIE-SHERIDAN COUNTY,HOXIE,KS,KANSAS,39.36508333,-100.4380833,39.36508333,-100.4380833,2733,PU,PU,Non-towered,
6678,HQG,HUGOTON MUNI,HUGOTON,KS,KANSAS,37.16335833,-101.3706775,37.16335833,-101.3706775,3134.3,PU,PU,Non-towered,
6685,HUT,HUTCHINSON RGNL,HUTCHINSON,KS,KANSAS,38.06615472,-97.86048972,38.06615472,-97.86048972,1542.5,PU,PU,Towered,
6690,IDP,INDEPENDENCE MUNI,INDEPENDENCE,KS,KANSAS,37.1579263,-95.77895025,37.1579263,-95.77895025,824.7,PU,PU,Non-towered,
6690.5,30K,INGALLS MUNI,INGALLS,KS,KANSAS,37.90686111,-100.5314167,37.90686111,-100.5314167,2814,PU,PU,Non-towered,
6691,K88,ALLEN COUNTY,IOLA,KS,KANSAS,37.86822222,-95.38694444,37.86822222,-95.38694444,1015.6,PU,PU,Non-towered,
6692,K79,JETMORE MUNI,JETMORE,KS,KANSAS,37.98444444,-99.89433333,37.98444444,-99.89433333,2467,PU,PU,Non-towered,
6695.1,JHN,STANTON COUNTY MUNI,JOHNSON CITY,KS,KANSAS,37.58539,-101.7323031,37.58539,-101.7323031,3325.3,PU,PU,Non-towered,
6697,3JC,FREEMAN FLD,JUNCTION CITY,KS,KANSAS,39.04333333,-96.84327777,39.04333333,-96.84327777,1101.6,PU,PU,Non-towered,
6706,9K8,KINGMAN/CLYDE CESSNA FLD,KINGMAN,KS,KANSAS,37.66901611,-98.12389169,37.66901611,-98.12389169,1606.6,PU,PU,Non-towered,
6710,33K,KINSLEY MUNI,KINSLEY,KS,KANSAS,37.90899444,-99.40310555,37.90899444,-99.40310555,2171.1,PU,PU,Non-towered,
6713.11,K94,RUSH COUNTY,LA CROSSE,KS,KANSAS,38.54681944,-99.28975,38.54681944,-99.28975,2076,PU,PU,Non-towered,
6715,36K,KEARNY COUNTY,LAKIN,KS,KANSAS,37.96944444,-101.2555833,37.96944444,-101.2555833,3076.4,PU,PU,Non-towered,
6719,LQR,LARNED-PAWNEE COUNTY,LARNED,KS,KANSAS,38.20860408,-99.08591408,38.20860408,-99.08591408,2012.1,PU,PU,Non-towered,
6721,LWC,LAWRENCE RGNL,LAWRENCE,KS,KANSAS,39.01111111,-95.21647222,39.01111111,-95.21647222,833.2,PU,PU,Non-towered,
6728.61,3K7,MARK HOARD MEML,LEOTI,KS,KANSAS,38.45752638,-101.3508647,38.45752638,-101.3508647,3302.9,PU,PU,Non-towered,
6729,LBL,LIBERAL MID-AMERICA RGNL,LIBERAL,KS,KANSAS,37.04392111,-100.9599686,37.04392111,-100.9599686,2885.4,PU,PU,Non-towered,
6737.51,38K,LUCAS,LUCAS,KS,KANSAS,39.061955,-98.52534416,39.061955,-98.52534416,1485,PU,PU,Non-towered,
6737.9,39K,DRAGOON CREEK,LYNDON,KS,KANSAS,38.69172222,-95.69016666,38.69172222,-95.69016666,1052,PR,PU,Non-towered,
6739,LYO,LYONS-RICE COUNTY MUNI,LYONS,KS,KANSAS,38.34025,-98.22855555,38.34025,-98.22855555,1691.7,PU,PU,Non-towered,
6748,MHK,MANHATTAN RGNL,MANHATTAN,KS,KANSAS,39.14141666,-96.67155555,39.14141666,-96.67155555,1066.1,PU,PU,Towered,
6752,TKO,MANKATO,MANKATO,KS,KANSAS,39.80279,-98.22116194,39.80279,-98.22116194,1859,PU,PU,Non-towered,
6755,43K,MARION MUNI,MARION,KS,KANSAS,38.33761111,-96.98825,38.33761111,-96.98825,1390,PU,PU,Non-towered,
6757,MYZ,MARYSVILLE MUNI,MARYSVILLE,KS,KANSAS,39.85642916,-96.6307125,39.85642916,-96.6307125,1283,PU,PU,Non-towered,
6743,MPR,MC PHERSON,MC PHERSON,KS,KANSAS,38.35239361,-97.69129833,38.35239361,-97.69129833,1498.3,PU,PU,Non-towered,
6760.1,MEJ,MEADE MUNI,MEADE,KS,KANSAS,37.27867505,-100.3564557,37.27867505,-100.3564557,2527,PU,PU,Non-towered,
6766,K51,MEDICINE LODGE,MEDICINE LODGE,KS,KANSAS,37.26541116,-98.54790588,37.26541116,-98.54790588,1549,PU,PU,Non-towered,
6775.5,45K,MINNEAPOLIS CITY COUNTY,MINNEAPOLIS,KS,KANSAS,39.09433333,-97.72105555,39.09433333,-97.72105555,1246,PU,PU,Non-towered,
6777,2K6,ELK COUNTY,MOLINE,KS,KANSAS,37.38091666,-96.27111111,37.38091666,-96.27111111,1063,PU,PU,Non-towered,
6780.02,K17,MONTEZUMA MUNI,MONTEZUMA,KS,KANSAS,37.58566666,-100.4701389,37.58566666,-100.4701389,2780,PU,PU,Non-towered,
6785.11,47K,MOUNDRIDGE MUNI,MOUNDRIDGE,KS,KANSAS,38.20909166,-97.502725,38.20909166,-97.502725,1489,PU,PU,Non-towered,
6791,2K7,NEODESHA MUNI,NEODESHA,KS,KANSAS,37.43536444,-95.64611888,37.43536444,-95.64611888,841,PU,PU,Non-towered,
6792.4,48K,NESS CITY MUNI,NESS CITY,KS,KANSAS,38.47375694,-99.90911888,38.47375694,-99.90911888,2321.6,PU,PU,Non-towered,
6794,EWK,NEWTON-CITY-COUNTY,NEWTON,KS,KANSAS,38.05710138,-97.27522833,38.05710138,-97.27522833,1533.5,PU,PU,Non-towered,
6799,NRN,NORTON MUNI,NORTON,KS,KANSAS,39.85047222,-99.89469444,39.85047222,-99.89469444,2384,PU,PU,Non-towered,
6801.1,OEL,OAKLEY MUNI,OAKLEY,KS,KANSAS,39.11175,-100.81675,39.11175,-100.81675,3045.2,PU,PU,Non-towered,
6802,OIN,OBERLIN MUNI,OBERLIN,KS,KANSAS,39.83438444,-100.5398342,39.83438444,-100.5398342,2706.8,PU,PU,Non-towered,
6811,OJC,JOHNSON COUNTY EXEC,OLATHE,KS,KANSAS,38.84759777,-94.73758388,38.84759777,-94.73758388,1096.3,PU,PU,Towered,
6809,IXD,NEW CENTURY AIRCENTER,OLATHE,KS,KANSAS,38.83091666,-94.89030555,38.83091666,-94.89030555,1087.3,PU,PU,Towered,
6818,53K,OSAGE CITY MUNI,OSAGE CITY,KS,KANSAS,38.6335,-95.80180555,38.6335,-95.80180555,1105.9,PU,PU,Non-towered,
6821,K75,OSBORNE MUNI,OSBORNE,KS,KANSAS,39.43329305,-98.68001805,39.43329305,-98.68001805,1547,PU,PU,Non-towered,
6822,K67,OSWEGO MUNI,OSWEGO,KS,KANSAS,37.15938888,-95.0415,37.15938888,-95.0415,832,PU,PU,Non-towered,
6824,OWI,OTTAWA MUNI,OTTAWA,KS,KANSAS,38.53917425,-95.25318461,38.53917425,-95.25318461,966.4,PU,PU,Non-towered,
6828,55K,OXFORD MUNI,OXFORD,KS,KANSAS,37.26910833,-97.09335416,37.26910833,-97.09335416,1194,PU,PU,Non-towered,
6833.62,K81,MIAMI COUNTY,PAOLA,KS,KANSAS,38.54064138,-94.92022333,38.54064138,-94.92022333,943.1,PU,PU,Non-towered,
6834,PPF,TRI-CITY,PARSONS,KS,KANSAS,37.33081361,-95.506175,37.33081361,-95.506175,900.5,PU,PU,Non-towered,
6841,PHG,PHILLIPSBURG MUNI,PHILLIPSBURG,KS,KANSAS,39.73567888,-99.31753027,39.73567888,-99.31753027,1910.1,PU,PU,Non-towered,
6844,PTS,ATKINSON MUNI,PITTSBURG,KS,KANSAS,37.45005555,-94.73122222,37.45005555,-94.73122222,946.2,PU,PU,Non-towered,
6851.14,1KS,LINN COUNTY,PLEASANTON,KS,KANSAS,38.17343333,-94.690325,38.17343333,-94.690325,860,PU,PU,Non-towered,
6854,PTT,PRATT RGNL,PRATT,KS,KANSAS,37.70252777,-98.747,37.70252777,-98.747,1952.6,PU,PU,Non-towered,
6857.07,1QK,GOVE COUNTY,QUINTER,KS,KANSAS,39.03859,-100.2338883,39.03859,-100.2338883,2637.1,PU,PU,Non-towered,
6859,K50,COOK AIRFIELD,ROSE HILL,KS,KANSAS,37.56538519,-97.17462486,37.56538519,-97.17462486,1342,PR,PU,Non-towered,
6860,RSL,RUSSELL MUNI,RUSSELL,KS,KANSAS,38.87136358,-98.81160372,38.87136358,-98.81160372,1863.5,PU,PU,Non-towered,
6864,K83,SABETHA MUNI,SABETHA,KS,KANSAS,39.90544444,-95.77669444,39.90544444,-95.77669444,1327.6,PU,PU,Non-towered,
6878,SLN,SALINA RGNL,SALINA,KS,KANSAS,38.79061111,-97.65222222,38.79061111,-97.65222222,1288,PU,PU,Towered,
6881,1K9,SATANTA MUNI,SATANTA,KS,KANSAS,37.45666666,-100.9846111,37.45666666,-100.9846111,2976,PU,PU,Non-towered,
6886,TQK,SCOTT CITY MUNI,SCOTT CITY,KS,KANSAS,38.47502305,-100.8844389,38.47502305,-100.8844389,2968.7,PU,PU,Non-towered,
6902,K82,SMITH CENTER MUNI,SMITH CENTER,KS,KANSAS,39.76261111,-98.7945,39.76261111,-98.7945,1799.5,PU,PU,Non-towered,
6868,SYF,CHEYENNE COUNTY MUNI,ST FRANCIS,KS,KANSAS,39.75916666,-101.7946658,39.75916666,-101.7946658,3429.5,PU,PU,Non-towered,
6916.2,RCP,ROOKS COUNTY RGNL,STOCKTON,KS,KANSAS,39.34658333,-99.30463888,39.34658333,-99.30463888,1999,PU,PU,Non-towered,
6917,19S,SUBLETTE MUNI,SUBLETTE,KS,KANSAS,37.49686111,-100.8329167,37.49686111,-100.8329167,2910.7,PU,PU,Non-towered,
6922,3K3,SYRACUSE-HAMILTON COUNTY MUNI,SYRACUSE,KS,KANSAS,37.99858305,-101.7476078,37.99858305,-101.7476078,3326.1,PU,PU,Non-towered,
6931,TOP,PHILIP BILLARD MUNI,TOPEKA,KS,KANSAS,39.068823,-95.62237591,39.068823,-95.62237591,881.3,PU,PU,Towered,
6932,FOE,TOPEKA RGNL,TOPEKA,KS,KANSAS,38.95094916,-95.66361361,38.95094916,-95.66361361,1077.9,PU,PU,Towered,
6937.2,5K2,TRIBUNE MUNI,TRIBUNE,KS,KANSAS,38.45146333,-101.7500792,38.45146333,-101.7500792,3609.9,PU,PU,Non-towered,
6941,ULS,ULYSSES,ULYSSES,KS,KANSAS,37.604,-101.3735556,37.604,-101.3735556,3071,PU,PU,Non-towered,
6948.51,0H1,TREGO WAKEENEY,WAKEENEY,KS,KANSAS,39.00652777,-99.89294444,39.00652777,-99.89294444,2438.9,PU,PU,Non-towered,
6957.1,69K,WAMEGO MUNI,WAMEGO,KS,KANSAS,39.19785833,-96.25894027,39.19785833,-96.25894027,966,PU,PU,Non-towered,
6962.1,K38,WASHINGTON COUNTY VETERAN'S MEML,WASHINGTON,KS,KANSAS,39.73516666,-97.04758333,39.73516666,-97.04758333,1436.5,PU,PU,Non-towered,
6967,EGT,WELLINGTON MUNI,WELLINGTON,KS,KANSAS,37.32499572,-97.38835597,37.32499572,-97.38835597,1277,PU,PU,Non-towered,
6973,BEC,BEECH FACTORY,WICHITA,KS,KANSAS,37.69391666,-97.21491666,37.69391666,-97.21491666,1408.6,PR,PU,Towered,
6975,CEA,CESSNA ACFT FLD,WICHITA,KS,KANSAS,37.64859833,-97.25059944,37.64859833,-97.25059944,1378,PR,PU,Non-towered,
6976,AAO,COLONEL JAMES JABARA,WICHITA,KS,KANSAS,37.74757416,-97.22111777,37.74757416,-97.22111777,1420.8,PU,PU,Non-towered,
6975.6,71K,WESTPORT,WICHITA,KS,KANSAS,37.64769444,-97.38369444,37.64769444,-97.38369444,1290,PR,PU,Non-towered,
6975.4,ICT,WICHITA DWIGHT D EISENHOWER NTL,WICHITA,KS,KANSAS,37.6499525,-97.43304277,37.6499525,-97.43304277,1332.6,PU,PU,Towered,
6988,WLD,STROTHER FLD,WINFIELD/ARKANSAS CITY,KS,KANSAS,37.16861111,-97.03752777,37.16861111,-97.03752777,1160.3,PU,PU,Non-towered,
7022,DWU,ASHLAND RGNL,ASHLAND,KY,KENTUCKY,38.55446083,-82.73766194,38.55446083,-82.73766194,546.7,PU,PU,Non-towered,
7033.3,BRY,SAMUELS FLD,BARDSTOWN,KY,KENTUCKY,37.81433333,-85.49963888,37.81433333,-85.49963888,668.8,PU,PU,Non-towered,
7055,BWG,BOWLING GREEN-WARREN COUNTY RGNL,BOWLING GREEN,KY,KENTUCKY,36.96452777,-86.41966666,36.96452777,-86.41966666,547.2,PU,PU,Non-towered,
7077.2,1M9,LAKE BARKLEY STATE PARK,CADIZ,KY,KENTUCKY,36.81780138,-87.90751666,36.81780138,-87.90751666,570.9,PU,PU,Non-towered,
7079.13,M34,KENTUCKY DAM STATE PARK,CALVERT CITY,KY,KENTUCKY,37.00981361,-88.29940222,37.00981361,-88.29940222,350.8,PU,PU,Non-towered,
7080.1,AAS,TAYLOR COUNTY,CAMPBELLSVILLE,KY,KENTUCKY,37.35827777,-85.30941666,37.35827777,-85.30941666,921,PU,PU,Non-towered,
7089.4,I96,COLUMBIA-ADAIR COUNTY,COLUMBIA,KY,KENTUCKY,37.08474583,-85.34867916,37.08474583,-85.34867916,819,PU,PU,Non-towered,
7090,CVG,CINCINNATI/NORTHERN KENTUCKY INTL,COVINGTON,KY,KENTUCKY,39.0488375,-84.66782083,39.0488375,-84.66782083,896.1,PU,PU,Towered,1
7097,0I8,CYNTHIANA-HARRISON COUNTY,CYNTHIANA,KY,KENTUCKY,38.36616388,-84.28334444,38.36616388,-84.28334444,720.9,PU,PU,Non-towered,
7101,DVK,STUART POWELL FLD,DANVILLE,KY,KENTUCKY,37.57756138,-84.76948777,37.57756138,-84.76948777,1021.4,PU,PU,Non-towered,
7107.01,EKX,ADDINGTON FLD,ELIZABETHTOWN,KY,KENTUCKY,37.686,-85.92502777,37.686,-85.92502777,775.9,PU,PU,Non-towered,
7120,2I3,ROUGH RIVER STATE PARK,FALLS-OF-ROUGH,KY,KENTUCKY,37.60981527,-86.50716527,37.60981527,-86.50716527,575.9,PU,PU,Non-towered,
7122,K62,GENE SNYDER,FALMOUTH,KY,KENTUCKY,38.70406388,-84.39182666,38.70406388,-84.39182666,899.7,PU,PU,Non-towered,
7137.1,FGX,FLEMING-MASON,FLEMINGSBURG,KY,KENTUCKY,38.54160555,-83.74401861,38.54160555,-83.74401861,913.3,PU,PU,Non-towered,
7144.1,FFT,CAPITAL CITY,FRANKFORT,KY,KENTUCKY,38.18173166,-84.90675027,38.18173166,-84.90675027,812.5,PU,PU,Non-towered,
7151.4,1M7,FULTON,FULTON,KY,KENTUCKY,36.52563888,-88.91783333,36.52563888,-88.91783333,403.6,PU,PU,Non-towered,
7152.1,27K,GEORGETOWN-SCOTT COUNTY RGNL,GEORGETOWN,KY,KENTUCKY,38.23443416,-84.43468361,38.23443416,-84.43468361,947.7,PU,PU,Non-towered,
7157.1,GLW,GLASGOW MUNI,GLASGOW,KY,KENTUCKY,37.03177638,-85.95375583,37.03177638,-85.95375583,716.2,PU,PU,Non-towered,
7170,M21,MUHLENBERG COUNTY,GREENVILLE,KY,KENTUCKY,37.22622222,-87.15638888,37.22622222,-87.15638888,428.2,PU,PU,Non-towered,
7182.5,I93,BRECKINRIDGE COUNTY,HARDINSBURG,KY,KENTUCKY,37.78480555,-86.44127777,37.78480555,-86.44127777,732.1,PU,PU,Non-towered,
7183.1,I35,TUCKER-GUTHRIE MEML,HARLAN,KY,KENTUCKY,36.85933138,-83.35847444,36.85933138,-83.35847444,1564.1,PU,PU,Non-towered,
7186,JQD,OHIO COUNTY,HARTFORD,KY,KENTUCKY,37.45854777,-86.84982416,37.45854777,-86.84982416,537,PU,PU,Non-towered,
7191.1,CPF,WENDELL H FORD,HAZARD,KY,KENTUCKY,37.38736361,-83.26159944,37.38736361,-83.26159944,1256.8,PU,PU,Non-towered,
7194,EHR,HENDERSON CITY-COUNTY,HENDERSON,KY,KENTUCKY,37.80783333,-87.68569444,37.80783333,-87.68569444,386.7,PU,PU,Non-towered,
7198,HVC,HOPKINSVILLE-CHRISTIAN COUNTY,HOPKINSVILLE,KY,KENTUCKY,36.85696861,-87.45507861,36.85696861,-87.45507861,563.6,PU,PU,Non-towered,
7216,JKL,JULIAN CARROLL,JACKSON,KY,KENTUCKY,37.59386111,-83.31725,37.59386111,-83.31725,1380.9,PU,PU,Non-towered,
7217.02,0KY,JAMESTOWN MARINA/PELA,JAMESTOWN,KY,KENTUCKY,36.93726666,-85.04663888,36.93726666,-85.04663888,745,PU,PU,Non-towered,
7217,K24,RUSSELL COUNTY,JAMESTOWN,KY,KENTUCKY,37.00969444,-85.10275,37.00969444,-85.10275,1010.3,PU,PU,Non-towered,
7232,M20,LEITCHFIELD-GRAYSON COUNTY,LEITCHFIELD,KY,KENTUCKY,37.39975,-86.26127777,37.39975,-86.26127777,782,PU,PU,Non-towered,
7232.08,KY8,HANCOCK COUNTY/RON LEWIS FLD,LEWISPORT,KY,KENTUCKY,37.95420916,-86.85598472,37.95420916,-86.85598472,411.4,PU,PU,Non-towered,
7233,LEX,BLUE GRASS,LEXINGTON,KY,KENTUCKY,38.03674166,-84.60861722,38.03674166,-84.60861722,979.5,PU,PU,Towered,
7239.1,LOZ,LONDON/CORBIN/MAGEE,LONDON,KY,KENTUCKY,37.08689166,-84.07739333,37.08689166,-84.07739333,1212.3,PU,PU,Non-towered,
7244,LOU,BOWMAN FLD,LOUISVILLE,KY,KENTUCKY,38.22798472,-85.66374833,38.22798472,-85.66374833,545.5,PU,PU,Towered,
7243,SDF,LOUISVILLE MUHAMMAD ALI INTL,LOUISVILLE,KY,KENTUCKY,38.174085,-85.73649361,38.174085,-85.73649361,500.8,PU,PU,Towered,
7259,2I0,MADISONVILLE RGNL,MADISONVILLE,KY,KENTUCKY,37.3559275,-87.39821972,37.3559275,-87.39821972,439.1,PU,PU,Non-towered,
7264,GDA,MARION-CRITTENDEN COUNTY JAMES C JOHNSON RGNL,MARION,KY,KENTUCKY,37.33593944,-88.11067083,37.33593944,-88.11067083,652.7,PU,PU,Non-towered,
7267,M25,MAYFIELD GRAVES COUNTY,MAYFIELD,KY,KENTUCKY,36.76962916,-88.58466805,36.76962916,-88.58466805,522.4,PU,PU,Non-towered,
7274,1A6,MIDDLESBORO/BELL COUNTY,MIDDLESBORO,KY,KENTUCKY,36.61026,-83.73731527,36.61026,-83.73731527,1154.3,PU,PU,Non-towered,
7284.01,EKQ,WAYNE COUNTY,MONTICELLO,KY,KENTUCKY,36.85527777,-84.85613888,36.85527777,-84.85613888,962.6,PU,PU,Non-towered,
7286,SYM,MOREHEAD-ROWAN COUNTY CLYDE A THOMAS RGNL,MOREHEAD,KY,KENTUCKY,38.215,-83.58761111,38.215,-83.58761111,1028.4,PU,PU,Non-towered,
7292.01,IOB,MOUNT STERLING/MONTGOMERY COUNTY,MOUNT STERLING,KY,KENTUCKY,38.05813472,-83.97957333,38.05813472,-83.97957333,1019.5,PU,PU,Non-towered,
7295.2,CEY,KYLE-OAKLEY FLD,MURRAY,KY,KENTUCKY,36.66458111,-88.37277555,36.66458111,-88.37277555,577.3,PU,PU,Non-towered,
7308.1,OWB,OWENSBORO/DAVIESS COUNTY RGNL,OWENSBORO,KY,KENTUCKY,37.73883416,-87.16682855,37.73883416,-87.16682855,407.3,PU,PU,Towered,
7312,PAH,BARKLEY RGNL,PADUCAH,KY,KENTUCKY,37.06028833,-88.77295888,37.06028833,-88.77295888,410.4,PU,PU,Towered,
7337.1,PBX,PIKE COUNTY/HATCHER FLD,PIKEVILLE,KY,KENTUCKY,37.56181144,-82.56643197,37.56181144,-82.56643197,1464.5,PU,PU,Non-towered,
7339,18I,MC CREARY COUNTY,PINE KNOT,KY,KENTUCKY,36.69538888,-84.3915,36.69538888,-84.3915,1370.4,PU,PU,Non-towered,
7345,SJS,BIG SANDY RGNL,PRESTONSBURG,KY,KENTUCKY,37.75096027,-82.63673166,37.75096027,-82.63673166,1221.5,PU,PU,Non-towered,
7346.1,2M0,PRINCETON-CALDWELL COUNTY,PRINCETON,KY,KENTUCKY,37.11513216,-87.85708216,37.11513216,-87.85708216,584.3,PU,PU,Non-towered,
7347.5,8M9,PROVIDENCE-WEBSTER COUNTY,PROVIDENCE,KY,KENTUCKY,37.42411111,-87.73597222,37.42411111,-87.73597222,395,PU,PU,Non-towered,
7350,RGA,CENTRAL KENTUCKY RGNL,RICHMOND,KY,KENTUCKY,37.63153416,-84.33244,37.63153416,-84.33244,1002.3,PU,PU,Non-towered,
7357.1,4M7,RUSSELLVILLE-LOGAN COUNTY,RUSSELLVILLE,KY,KENTUCKY,36.79961111,-86.81091666,36.79961111,-86.81091666,691.7,PU,PU,Non-towered,
7368,SME,LAKE CUMBERLAND RGNL,SOMERSET,KY,KENTUCKY,37.05358333,-84.61563888,37.05358333,-84.61563888,927.3,PU,PU,Non-towered,
7383.01,8GK,GALLATIN COUNTY,SPARTA,KY,KENTUCKY,38.67949916,-84.92889805,38.67949916,-84.92889805,830,PU,PU,Non-towered,
7369.31,6I2,LEBANON SPRINGFIELD-GEORGE HOERTER FLD,SPRINGFIELD,KY,KENTUCKY,37.63347694,-85.24183805,37.63347694,-85.24183805,871.1,PU,PU,Non-towered,
7369.71,I50,STANTON,STANTON,KY,KENTUCKY,37.84981047,-83.84583341,37.84981047,-83.84583341,651.1,PU,PU,Non-towered,
7374,TWT,STURGIS MUNI,STURGIS,KY,KENTUCKY,37.54177777,-87.95436111,37.54177777,-87.95436111,372.2,PU,PU,Non-towered,
7375,TZV,TOMPKINSVILLE/MONROE COUNTY,TOMPKINSVILLE,KY,KENTUCKY,36.72902777,-85.65238888,36.72902777,-85.65238888,1036.2,PU,PU,Non-towered,
7384.1,9I3,WEST LIBERTY,WEST LIBERTY,KY,KENTUCKY,37.91443333,-83.25194305,37.91443333,-83.25194305,934,PU,PU,Non-towered,
7388,BYL,WILLIAMSBURG-WHITLEY COUNTY,WILLIAMSBURG,KY,KENTUCKY,36.79499916,-84.1995175,36.79499916,-84.1995175,1177.7,PU,PU,Non-towered,
7405,IYA,ABBEVILLE CHRIS CRUSTA MEML,ABBEVILLE,LA,LOUISIANA,29.97577777,-92.08422222,29.97577777,-92.08422222,15.9,PU,PU,Non-towered,
7411,AEX,ALEXANDRIA INTL,ALEXANDRIA,LA,LOUISIANA,31.32737166,-92.54855583,31.32737166,-92.54855583,88.1,PU,PU,Towered,
7413,ESF,ESLER RGNL,ALEXANDRIA,LA,LOUISIANA,31.39490416,-92.29577305,31.39490416,-92.29577305,111.8,PU,PU,Non-towered,
7418.01,5F0,ARCADIA-BIENVILLE PARISH,ARCADIA,LA,LOUISIANA,32.53208333,-92.95277777,32.53208333,-92.95277777,440,PU,PU,Non-towered,
7421,BQP,MOREHOUSE MEML,BASTROP,LA,LOUISIANA,32.75608333,-91.88058333,32.75608333,-91.88058333,167.7,PU,PU,Non-towered,
7425,BTR,"BATON ROUGE METRO, RYAN FLD",BATON ROUGE,LA,LOUISIANA,30.53291666,-91.14988888,30.53291666,-91.14988888,69.7,PU,PU,Towered,
7436,BXA,GEORGE R CARR MEML AIR FLD,BOGALUSA,LA,LOUISIANA,30.81368638,-89.86496444,30.81368638,-89.86496444,119,PU,PU,Non-towered,
7450.1,2R6,BUNKIE MUNI,BUNKIE,LA,LOUISIANA,30.95674722,-92.23409972,30.95674722,-92.23409972,62,PU,PU,Non-towered,
7476.1,F86,CALDWELL PARISH,COLUMBIA,LA,LOUISIANA,32.12216666,-92.0545,32.12216666,-92.0545,66.9,PU,PU,Non-towered,
7477.2,0R7,THE RED RIVER,COUSHATTA,LA,LOUISIANA,31.99027777,-93.30761111,31.99027777,-93.30761111,177.2,PU,PU,Non-towered,
7478.11,L31,ST TAMMANY RGNL,COVINGTON,LA,LOUISIANA,30.44504638,-89.98889388,30.44504638,-89.98889388,37.7,PU,PU,Non-towered,
7481,3R2,LE GROS MEML,CROWLEY,LA,LOUISIANA,30.16177777,-92.48397222,30.16177777,-92.48397222,14.1,PU,PU,Non-towered,
7490.11,5R8,DE QUINCY INDUSTRIAL AIRPARK,DE QUINCY,LA,LOUISIANA,30.44108333,-93.47361111,30.44108333,-93.47361111,82.8,PU,PU,Non-towered,
7493,DRI,BEAUREGARD RGNL,DE RIDDER,LA,LOUISIANA,30.83172277,-93.33991555,30.83172277,-93.33991555,201.8,PU,PU,Non-towered,
7487.1,0M9,DELHI MUNI,DELHI,LA,LOUISIANA,32.41072222,-91.49852777,32.41072222,-91.49852777,91,PU,PU,Non-towered,
7509.1,4R7,EUNICE,EUNICE,LA,LOUISIANA,30.46628388,-92.42379916,30.46628388,-92.42379916,42,PU,PU,Non-towered,
7512,F87,UNION PARISH,FARMERVILLE,LA,LOUISIANA,32.72482472,-92.33716055,32.72482472,-92.33716055,118.7,PU,PU,Non-towered,
7522.41,2R7,FRANKLINTON,FRANKLINTON,LA,LOUISIANA,30.81944444,-90.11252777,30.81944444,-90.11252777,175,PU,PU,Non-towered,
7522.71,GAO,SOUTH LAFOURCHE LEONARD MILLER JR,GALLIANO,LA,LOUISIANA,29.44111111,-90.26111111,29.44111111,-90.26111111,0,PU,PU,Non-towered,
7527.7,REG,LOUISIANA RGNL,GONZALES,LA,LOUISIANA,30.17136638,-90.94039305,30.17136638,-90.94039305,14,PU,PU,Non-towered,
7541,HDC,HAMMOND NORTHSHORE RGNL,HAMMOND,LA,LOUISIANA,30.5216875,-90.41837972,30.5216875,-90.41837972,46.1,PU,PU,Towered,
7552,5F4,HOMER MUNI,HOMER,LA,LOUISIANA,32.7885,-93.00364416,32.7885,-93.00364416,244.1,PU,PU,Non-towered,
7556,HUM,HOUMA-TERREBONNE,HOUMA,LA,LOUISIANA,29.56650222,-90.66042666,29.56650222,-90.66042666,8.5,PU,PU,Towered,
7558.5,L87,IDAS,IDA,LA,LOUISIANA,33.00430111,-93.89323444,33.00430111,-93.89323444,286,PU,PU,Non-towered,
7568.1,LA3,FELICIANA AIRPARK,JACKSON,LA,LOUISIANA,30.80777777,-91.21333333,30.80777777,-91.21333333,204,PU,PU,Non-towered,
7571,2R1,LE MAIRE MEML,JEANERETTE,LA,LOUISIANA,29.89906944,-91.666,29.89906944,-91.666,14,PU,PU,Non-towered,
7572.9,1R1,JENA,JENA,LA,LOUISIANA,31.66881472,-92.15759555,31.66881472,-92.15759555,216.1,PU,PU,Non-towered,
7574,3R7,JENNINGS,JENNINGS,LA,LOUISIANA,30.24269902,-92.67349927,30.24269902,-92.67349927,22.8,PU,PU,Non-towered,
7582.1,F88,JONESBORO,JONESBORO,LA,LOUISIANA,32.202,-92.73294444,32.202,-92.73294444,255.6,PU,PU,Non-towered,
7583,L32,JONESVILLE,JONESVILLE,LA,LOUISIANA,31.620258,-91.83429205,31.620258,-91.83429205,56,PU,PU,Non-towered,
7589,LFT,LAFAYETTE RGNL/PAUL FOURNET FLD,LAFAYETTE,LA,LOUISIANA,30.20502666,-91.98775388,30.20502666,-91.98775388,40.9,PU,PU,Towered,
7594.3,CWF,CHENNAULT INTL,LAKE CHARLES,LA,LOUISIANA,30.21058694,-93.14318916,30.21058694,-93.14318916,16.5,PU,PU,Towered,
7594.1,LCH,LAKE CHARLES RGNL,LAKE CHARLES,LA,LOUISIANA,30.12609444,-93.22341277,30.12609444,-93.22341277,14.5,PU,PU,Towered,
7599,0M8,BYERLEY,LAKE PROVIDENCE,LA,LOUISIANA,32.82587916,-91.187665,32.82587916,-91.187665,106,PU,PU,Non-towered,
7608.11,L39,LEESVILLE,LEESVILLE,LA,LOUISIANA,31.16819444,-93.34247222,31.16819444,-93.34247222,281.5,PU,PU,Non-towered,
7632,3F3,C E 'RUSTY' WILLIAMS,MANSFIELD,LA,LOUISIANA,32.07277777,-93.76561111,32.07277777,-93.76561111,324.3,PU,PU,Non-towered,
7637,3R4,HART,MANY,LA,LOUISIANA,31.54424722,-93.48380555,31.54424722,-93.48380555,318.5,PU,PU,Non-towered,
7639,MKV,MARKSVILLE MUNI,MARKSVILLE,LA,LOUISIANA,31.09465333,-92.06905861,31.09465333,-92.06905861,78.3,PU,PU,Non-towered,
7640.3,7L9,PETE ANTIE MUNI,MELVILLE,LA,LOUISIANA,30.69433611,-91.74636388,30.69433611,-91.74636388,30,PU,PU,Non-towered,
7645.2,MNE,MINDEN,MINDEN,LA,LOUISIANA,32.64602777,-93.29808333,32.64602777,-93.29808333,278.4,PU,PU,Non-towered,
7658,MLU,MONROE RGNL,MONROE,LA,LOUISIANA,32.51055583,-92.03613361,32.51055583,-92.03613361,78.9,PU,PU,Towered,
7667,IER,NATCHITOCHES RGNL,NATCHITOCHES,LA,LOUISIANA,31.73570188,-93.099163,31.73570188,-93.099163,121,PU,PU,Non-towered,
7670,ARA,ACADIANA RGNL,NEW IBERIA,LA,LOUISIANA,30.03775833,-91.88389611,30.03775833,-91.88389611,24,PU,PU,Towered,
7676,NEW,LAKEFRONT,NEW ORLEANS,LA,LOUISIANA,30.04241666,-90.02825,30.04241666,-90.02825,7.3,PU,PU,Towered,
7675,MSY,LOUIS ARMSTRONG NEW ORLEANS INTL,NEW ORLEANS,LA,LOUISIANA,29.99327222,-90.2590275,29.99327222,-90.2590275,3,PU,PU,Towered,1
7678,HZR,FALSE RIVER RGNL,NEW ROADS,LA,LOUISIANA,30.71833333,-91.47866666,30.71833333,-91.47866666,39.1,PU,PU,Non-towered,
7685.2,9M6,KELLY-DUMAS,OAK GROVE,LA,LOUISIANA,32.84764861,-91.40405555,32.84764861,-91.40405555,111.9,PU,PU,Non-towered,
7682.2,ACP,ALLEN PARISH,OAKDALE,LA,LOUISIANA,30.75050861,-92.68849083,30.75050861,-92.68849083,107.1,PU,PU,Non-towered,
7691,OPL,ST LANDRY PARISH,OPELOUSAS,LA,LOUISIANA,30.55839972,-92.09937611,30.55839972,-92.09937611,74.3,PU,PU,Non-towered,
7692.07,2LA,ZACH POURCIAU,OSCAR,LA,LOUISIANA,30.610639,-91.441682,30.610639,-91.441682,36,PU,PU,Non-towered,
7697,PTN,HARRY P WILLIAMS MEML,PATTERSON,LA,LOUISIANA,29.70954638,-91.33897861,29.70954638,-91.33897861,8.5,PU,PU,Non-towered,
7703.1,2L0,PINEVILLE MUNI,PINEVILLE,LA,LOUISIANA,31.34219166,-92.44357777,31.34219166,-92.44357777,100,PU,PU,Non-towered,
7710,L66,POLLOCK MUNI,POLLOCK,LA,LOUISIANA,31.47747222,-92.46116666,31.47747222,-92.46116666,203,PU,PU,Non-towered,
7722,M79,JOHN H HOOKS JR MEML,RAYVILLE,LA,LOUISIANA,32.48541972,-91.77106638,32.48541972,-91.77106638,82.7,PU,PU,Non-towered,
7722.2,APS,PORT OF SOUTH LOUISIANA EXEC RGNL,RESERVE,LA,LOUISIANA,30.08747222,-90.58283333,30.08747222,-90.58283333,6.5,PU,PU,Non-towered,
7726.1,RSN,RUSTON RGNL,RUSTON,LA,LOUISIANA,32.51322472,-92.58844472,32.51322472,-92.58844472,316.8,PU,PU,Non-towered,
7739,DTN,SHREVEPORT DOWNTOWN,SHREVEPORT,LA,LOUISIANA,32.54082166,-93.74383527,32.54082166,-93.74383527,179.3,PU,PU,Towered,
7735,SHV,SHREVEPORT RGNL,SHREVEPORT,LA,LOUISIANA,32.44651527,-93.82604,32.44651527,-93.82604,257.6,PU,PU,Towered,
7744.31,ASD,SLIDELL,SLIDELL,LA,LOUISIANA,30.34633333,-89.82080555,30.34633333,-89.82080555,28.3,PU,PU,Non-towered,
7745.1,SPH,SPRINGHILL,SPRINGHILL,LA,LOUISIANA,32.98372222,-93.40916666,32.98372222,-93.40916666,217.6,PU,PU,Non-towered,
7730,L33,TENSAS PARISH,ST JOSEPH,LA,LOUISIANA,31.97321944,-91.23873333,31.97321944,-91.23873333,74.2,PU,PU,Non-towered,
7747.1,UXL,SOUTHLAND FLD,SULPHUR,LA,LOUISIANA,30.13144444,-93.37616666,30.13144444,-93.37616666,10.2,PU,PU,Non-towered,
7751,M80,SCOTT,TALLULAH,LA,LOUISIANA,32.41626333,-91.14895083,32.41626333,-91.14895083,85.8,PU,PU,Non-towered,
7751.11,TVR,VICKSBURG TALLULAH RGNL,TALLULAH,LA,LOUISIANA,32.35161111,-91.02768872,32.35161111,-91.02768872,85.7,PU,PU,Non-towered,
7755,L83,THIBODAUX MUNI,THIBODAUX,LA,LOUISIANA,29.74779194,-90.83289888,29.74779194,-90.83289888,9,PU,PU,Non-towered,
7764.1,0R4,CONCORDIA PARISH,VIDALIA,LA,LOUISIANA,31.562,-91.50647222,31.562,-91.50647222,54.7,PU,PU,Non-towered,
7775,3F4,VIVIAN,VIVIAN,LA,LOUISIANA,32.86133333,-94.01015361,32.86133333,-94.01015361,260,PU,PU,Non-towered,
7784,6R1,WELSH,WELSH,LA,LOUISIANA,30.24185455,-92.83073833,30.24185455,-92.83073833,18,PU,PU,Non-towered,
7793,0R5,DAVID G JOYCE,WINNFIELD,LA,LOUISIANA,31.96366222,-92.66026055,31.96366222,-92.66026055,146,PU,PU,Non-towered,
7796,F89,WINNSBORO MUNI,WINNSBORO,LA,LOUISIANA,32.15302777,-91.69858333,32.15302777,-91.69858333,78.3,PU,PU,Non-towered,
7801.1,1R4,WOODWORTH,WOODWORTH,LA,LOUISIANA,31.12635277,-92.50128888,31.12635277,-92.50128888,140,PU,PU,Non-towered,
8750,BED,LAURENCE G HANSCOM FLD,BEDFORD,MA,MASSACHUSETTS,42.46994444,-71.289,42.46994444,-71.289,132,PU,PU,Towered,
8762,BVY,BEVERLY RGNL,BEVERLY,MA,MASSACHUSETTS,42.58414138,-70.91614444,42.58414138,-70.91614444,107.2,PU,PU,Towered,
8778,BOS,GENERAL EDWARD LAWRENCE LOGAN INTL,BOSTON,MA,MASSACHUSETTS,42.36294444,-71.00638888,42.36294444,-71.00638888,19.1,PU,PU,Towered,1
8812,CQX,CHATHAM MUNI,CHATHAM,MA,MASSACHUSETTS,41.68830416,-69.98965194,41.68830416,-69.98965194,63.6,PU,PU,Non-towered,
8907.1,5B6,FALMOUTH AIRPARK,FALMOUTH,MA,MASSACHUSETTS,41.58558333,-70.54036111,41.58558333,-70.54036111,41,PR,PU,Non-towered,
8916,FIT,FITCHBURG MUNI,FITCHBURG,MA,MASSACHUSETTS,42.55384722,-71.75917388,42.55384722,-71.75917388,344.5,PU,PU,Non-towered,
8929,GDM,GARDNER MUNI,GARDNER,MA,MASSACHUSETTS,42.54988305,-72.01601888,42.54988305,-72.01601888,954.1,PU,PU,Non-towered,
8941,GBR,WALTER J KOLADZA,GREAT BARRINGTON,MA,MASSACHUSETTS,42.18421416,-73.40324055,42.18421416,-73.40324055,739.4,PR,PU,Non-towered,
8957.2,28M,CRANLAND,HANSON,MA,MASSACHUSETTS,42.02513888,-70.83811111,42.02513888,-70.83811111,71,PR,PU,Non-towered,
8977,1B6,HOPEDALE INDUSTRIAL PARK,HOPEDALE,MA,MASSACHUSETTS,42.10648583,-71.51009,42.10648583,-71.51009,269,PR,PU,Non-towered,
8995,HYA,CAPE COD GATEWAY,HYANNIS,MA,MASSACHUSETTS,41.66933722,-70.28035916,41.66933722,-70.28035916,54.1,PU,PU,Towered,
9011,LWM,LAWRENCE MUNI,LAWRENCE,MA,MASSACHUSETTS,42.71704222,-71.12353333,42.71704222,-71.12353333,147.6,PU,PU,Towered,
9054,1B9,MANSFIELD MUNI,MANSFIELD,MA,MASSACHUSETTS,42.00087916,-71.19804111,42.00087916,-71.19804111,122.9,PU,PU,Non-towered,
9061,GHG,MARSHFIELD MUNI - GEORGE HARLOW FLD,MARSHFIELD,MA,MASSACHUSETTS,42.09749883,-70.67301986,42.09749883,-70.67301986,8.9,PU,PU,Non-towered,
9090,0B5,TURNERS FALLS,MONTAGUE,MA,MASSACHUSETTS,42.59161111,-72.523,42.59161111,-72.523,358.7,PU,PU,Non-towered,
9110,ACK,NANTUCKET MEML,NANTUCKET,MA,MASSACHUSETTS,41.25329916,-70.06051138,41.25329916,-70.06051138,46.8,PU,PU,Towered,
9112,EWB,NEW BEDFORD RGNL,NEW BEDFORD,MA,MASSACHUSETTS,41.67656611,-70.95783611,41.67656611,-70.95783611,79.1,PU,PU,Towered,
9112.8,2B2,PLUM ISLAND,NEWBURYPORT,MA,MASSACHUSETTS,42.79536111,-70.83944444,42.79536111,-70.83944444,11,PR,PU,Non-towered,
9127,AQW,HARRIMAN-AND-WEST,NORTH ADAMS,MA,MASSACHUSETTS,42.6962538,-73.17055305,42.6962538,-73.17055305,653.8,PU,PU,Non-towered,
9131,7B2,NORTHAMPTON,NORTHAMPTON,MA,MASSACHUSETTS,42.32800972,-72.61124027,42.32800972,-72.61124027,121.4,PR,PU,Non-towered,
9180,OWD,NORWOOD MEML,NORWOOD,MA,MASSACHUSETTS,42.19052777,-71.17294444,42.19052777,-71.17294444,49.2,PU,PU,Towered,
9187,ORE,ORANGE MUNI,ORANGE,MA,MASSACHUSETTS,42.56999694,-72.28849833,42.56999694,-72.28849833,555.6,PU,PU,Non-towered,
9203,PSF,PITTSFIELD MUNI,PITTSFIELD,MA,MASSACHUSETTS,42.42763027,-73.29079222,42.42763027,-73.29079222,1188.5,PU,PU,Non-towered,
9207,PYM,PLYMOUTH MUNI,PLYMOUTH,MA,MASSACHUSETTS,41.90878833,-70.72762805,41.90878833,-70.72762805,148.1,PU,PU,Non-towered,
9211,PVC,PROVINCETOWN MUNI,PROVINCETOWN,MA,MASSACHUSETTS,42.07227777,-70.22072222,42.07227777,-70.22072222,7.8,PU,PU,Non-towered,
9281,3B0,SOUTHBRIDGE MUNI,SOUTHBRIDGE,MA,MASSACHUSETTS,42.10111111,-72.03883333,42.10111111,-72.03883333,698.8,PU,PU,Non-towered,
9301,60M,SPENCER,SPENCER,MA,MASSACHUSETTS,42.2905,-71.96469444,42.2905,-71.96469444,1042.7,PR,PU,Non-towered,
9304.02,CEF,WESTOVER ARB/METRO,SPRINGFIELD/CHICOPEE,MA,MASSACHUSETTS,42.19401555,-72.53478666,42.19401555,-72.53478666,241.1,MA,PU,Towered,
9315,3B3,STERLING,STERLING,MA,MASSACHUSETTS,42.4259025,-71.79285083,42.4259025,-71.79285083,459,PR,PU,Non-towered,
9316,6B6,MINUTE MAN AIR FLD,STOW,MA,MASSACHUSETTS,42.46038541,-71.51801188,42.46038541,-71.51801188,280,PR,PU,Non-towered,
9336,TAN,TAUNTON MUNI/KING FLD,TAUNTON,MA,MASSACHUSETTS,41.87408027,-71.01523277,41.87408027,-71.01523277,41.3,PU,PU,Non-towered,
9362,MVY,MARTHA'S VINEYARD,VINEYARD HAVEN,MA,MASSACHUSETTS,41.3934175,-70.61387444,41.3934175,-70.61387444,66.9,PU,PU,Towered,
9398,BAF,WESTFIELD-BARNES RGNL,WESTFIELD/SPRINGFIELD,MA,MASSACHUSETTS,42.15794444,-72.71586111,42.15794444,-72.71586111,270,PU,PU,Towered,
9462,ORH,WORCESTER RGNL,WORCESTER,MA,MASSACHUSETTS,42.26713888,-71.87561111,42.26713888,-71.87561111,1009,PU,PU,Towered,
8443,ANP,LEE,ANNAPOLIS,MD,MARYLAND,38.94287638,-76.56839,38.94287638,-76.56839,34.2,PR,PU,Non-towered,
8456,BWI,BALTIMORE/WASHINGTON INTL THURGOOD MARSHALL,BALTIMORE,MD,MARYLAND,39.17572833,-76.66899111,39.17572833,-76.66899111,143.4,PU,PU,Towered,1
8457,W48,ESSEX SKYPARK,BALTIMORE,MD,MARYLAND,39.26241666,-76.432125,39.26241666,-76.432125,14,PR,PU,Non-towered,
8452,MTN,MARTIN STATE,BALTIMORE,MD,MARYLAND,39.32565944,-76.4137625,39.32565944,-76.4137625,22.2,PU,PU,Towered,
8452.12,4MD,PIER 7,BALTIMORE,MD,MARYLAND,39.27154166,-76.57239166,39.27154166,-76.57239166,16,PR,PU,Non-towered,
8595,W00,FREEWAY,BOWIE,MD,MARYLAND,38.94135194,-76.77238305,38.94135194,-76.77238305,168.1,PR,PU,Non-towered,
8483.4,CGE,CAMBRIDGE-DORCHESTER RGNL,CAMBRIDGE,MD,MARYLAND,38.53932138,-76.03039527,38.53932138,-76.03039527,19.6,PU,PU,Non-towered,
8491,0W3,HARFORD COUNTY,CHURCHVILLE,MD,MARYLAND,39.56790027,-76.20305194,39.56790027,-76.20305194,412,PR,PU,Non-towered,
8500,CGS,COLLEGE PARK,COLLEGE PARK,MD,MARYLAND,38.98047777,-76.92216861,38.98047777,-76.92216861,48.9,PU,PU,Non-towered,
8506,W41,CRISFIELD-SOMERSET COUNTY,CRISFIELD,MD,MARYLAND,38.01816666,-75.82686111,38.01816666,-75.82686111,4.1,PU,PU,Non-towered,
8512.1,CBE,GREATER CUMBERLAND RGNL,CUMBERLAND,MD,MARYLAND,39.61530583,-78.76147833,39.61530583,-78.76147833,775,PU,PU,Non-towered,
8525,ESN,EASTON/NEWNAM FLD,EASTON,MD,MARYLAND,38.80416,-76.06899027,38.80416,-76.06899027,72.2,PU,PU,Towered,
8536.02,58M,CLAREMONT,ELKTON,MD,MARYLAND,39.57416666,-75.86977777,39.57416666,-75.86977777,106.4,PR,PU,Non-towered,
8542,W42,FALLSTON,FALLSTON,MD,MARYLAND,39.50132361,-76.41133472,39.50132361,-76.41133472,460,PR,PU,Non-towered,
8551,FME,TIPTON,FORT MEADE (ODENTON),MD,MARYLAND,39.08533388,-76.75945972,39.08533388,-76.75945972,149.5,PU,PU,Non-towered,
8556,FDK,FREDERICK MUNI,FREDERICK,MD,MARYLAND,39.41702111,-77.37473222,39.41702111,-77.37473222,308.9,PU,PU,Towered,
8558,VKX,POTOMAC AIRFIELD,FRIENDLY,MD,MARYLAND,38.74864166,-76.95592222,38.74864166,-76.95592222,117.7,PR,PU,Non-towered,
8559,GAI,MONTGOMERY COUNTY AIRPARK,GAITHERSBURG,MD,MARYLAND,39.16833333,-77.166,39.16833333,-77.166,538.7,PU,PU,Non-towered,
8569,HGR,HAGERSTOWN RGNL/RICHARD A HENSON FLD,HAGERSTOWN,MD,MARYLAND,39.7085,-77.7265,39.7085,-77.7265,703.1,PU,PU,Towered,
8577,2W5,MARYLAND,INDIAN HEAD,MD,MARYLAND,38.59704861,-77.07245833,38.59704861,-77.07245833,175,PR,PU,Non-towered,
8584,W50,DAVIS,LAYTONSVILLE,MD,MARYLAND,39.24323055,-77.15084722,39.24323055,-77.15084722,609,PR,PU,Non-towered,
8589,2W6,ST MARY'S COUNTY RGNL,LEONARDTOWN,MD,MARYLAND,38.31570861,-76.55215888,38.31570861,-76.55215888,141.6,PU,PU,Non-towered,
8604.1,2G4,GARRETT COUNTY,OAKLAND,MD,MARYLAND,39.58080555,-79.33594444,39.58080555,-79.33594444,2933.4,PU,PU,Non-towered,
8610,OXB,OCEAN CITY MUNI,OCEAN CITY,MD,MARYLAND,38.31047916,-75.12402527,38.31047916,-75.12402527,15.9,PU,PU,Non-towered,
8628,RJD,GOODEN AIRPARK,RIDGELY,MD,MARYLAND,38.97011333,-75.86632444,38.97011333,-75.86632444,64,PR,PU,Non-towered,
8645,SBY,SALISBURY-OCEAN CITY WICOMICO RGNL,SALISBURY,MD,MARYLAND,38.34018944,-75.50947805,38.34018944,-75.50947805,52.5,PU,PU,Towered,
8656.2,W29,BAY BRIDGE,STEVENSVILLE,MD,MARYLAND,38.97645472,-76.32996694,38.97645472,-76.32996694,14.5,PU,PU,Non-towered,
8677,DMW,CARROLL COUNTY RGNL/JACK B POAGE FLD,WESTMINSTER,MD,MARYLAND,39.60827777,-77.00766666,39.60827777,-77.00766666,789.2,PU,PU,Non-towered,
8677.1,2W2,CLEARVIEW AIRPARK,WESTMINSTER,MD,MARYLAND,39.46701833,-77.01743194,39.46701833,-77.01743194,798.6,PR,PU,Non-towered,
7816,LEW,AUBURN/LEWISTON MUNI,AUBURN/LEWISTON,ME,MAINE,44.04847277,-70.2835075,44.04847277,-70.2835075,287.5,PU,PU,Non-towered,
7819,AUG,AUGUSTA STATE,AUGUSTA,ME,MAINE,44.32068694,-69.79730861,44.32068694,-69.79730861,351.7,PU,PU,Non-towered,
7825,BGR,BANGOR INTL,BANGOR,ME,MAINE,44.80744444,-68.82813888,44.80744444,-68.82813888,192.1,PU,PU,Towered,
7828,BHB,HANCOCK COUNTY/BAR HARBOR,BAR HARBOR,ME,MAINE,44.44970527,-68.36148972,44.44970527,-68.36148972,83.2,PU,PU,Non-towered,
7837,BST,BELFAST MUNI,BELFAST,ME,MAINE,44.40938888,-69.01183333,44.40938888,-69.01183333,197.6,PU,PU,Non-towered,
7840,0B1,BETHEL RGNL,BETHEL,ME,MAINE,44.42516666,-70.80991666,44.42516666,-70.80991666,674,PU,PU,Non-towered,
7849,B19,BIDDEFORD MUNI,BIDDEFORD,ME,MAINE,43.46411111,-70.47238888,43.46411111,-70.47238888,157,PU,PU,Non-towered,
7885,BXM,BRUNSWICK EXEC,BRUNSWICK,ME,MAINE,43.89235511,-69.93882969,43.89235511,-69.93882969,74.7,PU,PU,Non-towered,
7903,CAR,CARIBOU MUNI,CARIBOU,ME,MAINE,46.87163888,-68.01819444,46.87163888,-68.01819444,620.3,PU,PU,Non-towered,
7906.5,B21,SUGARLOAF RGNL,CARRABASSETT,ME,MAINE,45.08531972,-70.2163225,45.08531972,-70.2163225,880,PU,PU,Non-towered,
7935,43B,DEBLOIS FLIGHT STRIP,DEBLOIS,ME,MAINE,44.726875,-67.99136111,44.726875,-67.99136111,217.7,PU,PU,Non-towered,
7939,1B0,DEXTER RGNL,DEXTER,ME,MAINE,45.0045075,-69.23743666,45.0045075,-69.23743666,533.3,PU,PU,Non-towered,
7963,EPM,EASTPORT MUNI,EASTPORT,ME,MAINE,44.91011111,-67.01269444,44.91011111,-67.01269444,45.3,PU,PU,Non-towered,
7966,3B4,SEACOAST AIRFIELD,ELIOT,ME,MAINE,43.1431343,-70.77343611,43.1431343,-70.77343611,124.8,PR,PU,Non-towered,
7979.5,FVE,NORTHERN AROOSTOOK RGNL,FRENCHVILLE,ME,MAINE,47.2855,-68.31272222,47.2855,-68.31272222,987.2,PU,PU,Non-towered,
7980.1,IZG,WHITE MOUNTAIN RGNL,FRYEBURG,ME,MAINE,43.99113888,-70.94788888,43.99113888,-70.94788888,454.6,PU,PU,Non-towered,
8014,3B1,GREENVILLE MUNI,GREENVILLE,ME,MAINE,45.46283138,-69.55164944,45.46283138,-69.55164944,1401.8,PU,PU,Non-towered,
8038,HUL,HOULTON INTL,HOULTON,ME,MAINE,46.12460694,-67.79236027,46.12460694,-67.79236027,489.4,PU,PU,Non-towered,
8049.65,57B,ISLESBORO,ISLESBORO,ME,MAINE,44.30247222,-68.91058333,44.30247222,-68.91058333,88.3,PU,PU,Non-towered,
8050,59B,NEWTON FLD,JACKMAN,ME,MAINE,45.63244416,-70.24749472,45.63244416,-70.24749472,1177.9,PU,PU,Non-towered,
8081.7,63B,LIMINGTON-HARMON,LIMINGTON,ME,MAINE,43.76302777,-70.67247222,43.76302777,-70.67247222,292.3,PR,PU,Non-towered,
8084.2,LRG,LINCOLN RGNL,LINCOLN,ME,MAINE,45.36185,-68.53445777,45.36185,-68.53445777,207.9,PU,PU,Non-towered,
8108.1,MVM,MACHIAS VALLEY,MACHIAS,ME,MAINE,44.70309555,-67.47859027,44.70309555,-67.47859027,96.2,PU,PU,Non-towered,
8137,MLT,MILLINOCKET MUNI,MILLINOCKET,ME,MAINE,45.64783333,-68.68555555,45.64783333,-68.68555555,408.1,PU,PU,Non-towered,
8167,OWK,CENTRAL MAINE/NORRIDGEWOCK,NORRIDGEWOCK,ME,MAINE,44.7155,-69.86647222,44.7155,-69.86647222,270.2,PU,PU,Non-towered,
8191,OLD,DEWITT FLD/OLD TOWN MUNI,OLD TOWN,ME,MAINE,44.952335,-68.67449555,44.952335,-68.67449555,126.5,PU,PU,Non-towered,
8193,81B,OXFORD COUNTY RGNL,OXFORD,ME,MAINE,44.15744444,-70.48127777,44.15744444,-70.48127777,345,PU,PU,Non-towered,
8209,2B7,PITTSFIELD MUNI,PITTSFIELD,ME,MAINE,44.76852777,-69.37441666,44.76852777,-69.37441666,197.1,PU,PU,Non-towered,
8215,PWM,PORTLAND INTL JETPORT,PORTLAND,ME,MAINE,43.6456435,-70.30861636,43.6456435,-70.30861636,75.7,PU,PU,Towered,
8221,PQI,PRESQUE ISLE INTL,PRESQUE ISLE,ME,MAINE,46.68896388,-68.04479138,46.68896388,-68.04479138,534,PU,PU,Non-towered,
8224,PNN,PRINCETON MUNI,PRINCETON,ME,MAINE,45.20065972,-67.56439888,45.20065972,-67.56439888,264.9,PU,PU,Non-towered,
8230,8B0,STEPHEN A BEAN MUNI,RANGELEY,ME,MAINE,44.99209138,-70.66508527,44.99209138,-70.66508527,1821.2,PU,PU,Non-towered,
8246,RKD,KNOX COUNTY RGNL,ROCKLAND,ME,MAINE,44.06014222,-69.09966972,44.06014222,-69.09966972,55.4,PU,PU,Non-towered,
8275,SFM,SANFORD SEACOAST RGNL,SANFORD,ME,MAINE,43.39380555,-70.708,43.39380555,-70.708,244.1,PU,PU,Non-towered,
8343.1,93B,STONINGTON MUNI,STONINGTON,ME,MAINE,44.17322222,-68.68025,44.17322222,-68.68025,32,PU,PU,Non-towered,
8344,ME5,BANKS,SWANS ISLAND,ME,MAINE,44.16538888,-68.42816666,44.16538888,-68.42816666,100,PR,PU,Non-towered,
8389,WVL,WATERVILLE RGNL,WATERVILLE,ME,MAINE,44.53325,-69.67552777,44.53325,-69.67552777,332.8,PU,PU,Non-towered,
8424,IWI,WISCASSET,WISCASSET,ME,MAINE,43.96141666,-69.71255555,43.96141666,-69.71255555,70.2,PU,PU,Non-towered,
9501,ADG,LENAWEE COUNTY,ADRIAN,MI,MICHIGAN,41.86763666,-84.07730583,41.86763666,-84.07730583,802.2,PU,PU,Non-towered,
9509,35D,PADGHAM FLD,ALLEGAN,MI,MICHIGAN,42.53043652,-85.823779,42.53043652,-85.823779,706,PU,PU,Non-towered,
9515.1,AMN,GRATIOT COMMUNITY,ALMA,MI,MICHIGAN,43.32214194,-84.68793861,43.32214194,-84.68793861,754.1,PU,PU,Non-towered,
9518,APN,ALPENA COUNTY RGNL,ALPENA,MI,MICHIGAN,45.07808333,-83.56030555,45.07808333,-83.56030555,689.5,PU,PU,Towered,
9524,ARB,ANN ARBOR MUNI,ANN ARBOR,MI,MICHIGAN,42.22292755,-83.74570883,42.22292755,-83.74570883,839,PU,PU,Towered,
9527,Y93,ATLANTA MUNI,ATLANTA,MI,MICHIGAN,44.99689488,-84.12723436,44.99689488,-84.12723436,880,PU,PU,Non-towered,
9532,BAX,HURON COUNTY MEML,BAD AXE,MI,MICHIGAN,43.78022777,-82.98541694,43.78022777,-82.98541694,763.8,PU,PU,Non-towered,
9536,7D3,BALDWIN MUNI,BALDWIN,MI,MICHIGAN,43.87553563,-85.8420825,43.87553563,-85.8420825,828,PU,PU,Non-towered,
9548,BTL,BATTLE CREEK EXEC AT KELLOGG FLD,BATTLE CREEK,MI,MICHIGAN,42.3064728,-85.25008894,42.3064728,-85.25008894,951.8,PU,PU,Towered,
9551,3CM,JAMES CLEMENTS MUNI,BAY CITY,MI,MICHIGAN,43.54694444,-83.89547222,43.54694444,-83.89547222,584.6,PU,PU,Non-towered,
9555,SJX,BEAVER ISLAND,BEAVER ISLAND,MI,MICHIGAN,45.69222222,-85.56661111,45.69222222,-85.56661111,669.8,PU,PU,Non-towered,
9555.1,6Y8,WELKE,BEAVER ISLAND,MI,MICHIGAN,45.72129261,-85.51972622,45.72129261,-85.51972622,664,PR,PU,Non-towered,
9562,ACB,ANTRIM COUNTY,BELLAIRE,MI,MICHIGAN,44.9885775,-85.19834666,44.9885775,-85.19834666,623,PU,PU,Non-towered,
9566,BEH,SOUTHWEST MICHIGAN RGNL,BENTON HARBOR,MI,MICHIGAN,42.12838083,-86.42488111,42.12838083,-86.42488111,649.1,PU,PU,Non-towered,
9568,C20,ANDREWS UNIVERSITY AIRPARK,BERRIEN SPRINGS,MI,MICHIGAN,41.95105555,-86.36808333,41.95105555,-86.36808333,673.7,PR,PU,Non-towered,
9581,RQB,ROBEN-HOOD,BIG RAPIDS,MI,MICHIGAN,43.72263888,-85.50405555,43.72263888,-85.50405555,989.8,PU,PU,Non-towered,
9593,6Y1,BOIS BLANC ISLAND,BOIS BLANC ISLAND,MI,MICHIGAN,45.76629766,-84.50381394,45.76629766,-84.50381394,664,PU,PU,Non-towered,
9594,N98,BOYNE CITY MUNI,BOYNE CITY,MI,MICHIGAN,45.20881344,-84.98988555,45.20881344,-84.98988555,659.6,PU,PU,Non-towered,
9594.1,BFA,BOYNE MOUNTAIN,BOYNE FALLS,MI,MICHIGAN,45.16584152,-84.92411388,45.16584152,-84.92411388,719,PR,PU,Non-towered,
9605,45G,BRIGHTON,BRIGHTON,MI,MICHIGAN,42.56995694,-83.7785125,42.56995694,-83.7785125,973,PR,PU,Non-towered,
9614,CAD,WEXFORD COUNTY,CADILLAC,MI,MICHIGAN,44.2753475,-85.41894444,44.2753475,-85.41894444,1306.5,PU,PU,Non-towered,
9623,CFS,TUSCOLA AREA,CARO,MI,MICHIGAN,43.45886083,-83.44544666,43.45886083,-83.44544666,704.3,PU,PU,Non-towered,
9654,CVX,CHARLEVOIX MUNI,CHARLEVOIX,MI,MICHIGAN,45.30486111,-85.27530555,45.30486111,-85.27530555,668.9,PU,PU,Non-towered,
9657,FPK,FITCH H BEACH,CHARLOTTE,MI,MICHIGAN,42.57408888,-84.81209722,42.57408888,-84.81209722,891,PU,PU,Non-towered,
9662.1,SLH,CHEBOYGAN COUNTY,CHEBOYGAN,MI,MICHIGAN,45.65373777,-84.51929777,45.65373777,-84.51929777,639.7,PU,PU,Non-towered,
9674,48D,CLARE MUNI,CLARE,MI,MICHIGAN,43.83444444,-84.74022222,43.83444444,-84.74022222,856,PU,PU,Non-towered,
9685,OEB,BRANCH COUNTY MEML,COLDWATER,MI,MICHIGAN,41.93348888,-85.05230833,41.93348888,-85.05230833,958.3,PU,PU,Non-towered,
9701.1,50D,IRON COUNTY,CRYSTAL FALLS,MI,MICHIGAN,46.00907966,-88.27402563,46.00907966,-88.27402563,1340,PU,PU,Non-towered,
9725,DET,COLEMAN A YOUNG MUNI,DETROIT,MI,MICHIGAN,42.41236361,-83.01059777,42.41236361,-83.01059777,624.2,PU,PU,Towered,
9749,DTW,DETROIT METRO WAYNE COUNTY,DETROIT,MI,MICHIGAN,42.21243111,-83.35339333,42.21243111,-83.35339333,645.2,PU,PU,Towered,1
9750,YIP,WILLOW RUN,DETROIT,MI,MICHIGAN,42.24027388,-83.53146111,42.24027388,-83.53146111,715.9,PU,PU,Towered,
9746,ONZ,GROSSE ILE MUNI,DETROIT/GROSSE ILE,MI,MICHIGAN,42.09907805,-83.16146,42.09907805,-83.16146,590.5,PU,PU,Non-towered,
9764,C91,DOWAGIAC MUNI,DOWAGIAC,MI,MICHIGAN,41.99291666,-86.12827777,41.99291666,-86.12827777,747.3,PU,PU,Non-towered,
9768,DRM,DRUMMOND ISLAND,DRUMMOND ISLAND,MI,MICHIGAN,46.00931138,-83.74393416,46.00931138,-83.74393416,668.4,PU,PU,Non-towered,
9776,Y94,EAST JORDAN CITY,EAST JORDAN,MI,MICHIGAN,45.13018391,-85.106815,45.13018391,-85.106815,641,PU,PU,Non-towered,
9778.1,6D9,IOSCO COUNTY,EAST TAWAS,MI,MICHIGAN,44.31283333,-83.42230555,44.31283333,-83.42230555,605.3,PU,PU,Non-towered,
9787.3,Y87,WILLIAM B BOLTON,EMPIRE,MI,MICHIGAN,44.79051638,-86.0027698,44.79051638,-86.0027698,944,PU,PU,Non-towered,
9788,ESC,DELTA COUNTY,ESCANABA,MI,MICHIGAN,45.72267416,-87.09371583,45.72267416,-87.09371583,609.1,PU,PU,Non-towered,
9791,9C8,EVART MUNI,EVART,MI,MICHIGAN,43.89486111,-85.28475,43.89486111,-85.28475,1019.9,PU,PU,Non-towered,
9809,FNT,BISHOP INTL,FLINT,MI,MICHIGAN,42.96546388,-83.74473805,42.96546388,-83.74473805,782.1,PU,PU,Towered,
9811,3DA,DALTON,FLUSHING,MI,MICHIGAN,43.05684069,-83.80460008,43.05684069,-83.80460008,733,PR,PU,Non-towered,
9818.02,E66,MAPLE GROVE,FOWLERVILLE,MI,MICHIGAN,42.71708333,-84.06194444,42.71708333,-84.06194444,897,PR,PU,Non-towered,
9821,FKS,FRANKFORT DOW MEML FLD,FRANKFORT,MI,MICHIGAN,44.62520166,-86.20085527,44.62520166,-86.20085527,633.2,PU,PU,Non-towered,
9829,FFX,FREMONT MUNI,FREMONT,MI,MICHIGAN,43.43930555,-85.99488888,43.43930555,-85.99488888,771.6,PU,PU,Non-towered,
9834,GLR,GAYLORD RGNL,GAYLORD,MI,MICHIGAN,45.01302777,-84.70344444,45.01302777,-84.70344444,1328.1,PU,PU,Non-towered,
9834.01,4Y4,LAKES OF THE NORTH,GAYLORD,MI,MICHIGAN,44.91180555,-84.87533888,44.91180555,-84.87533888,1287.2,PR,PU,Non-towered,
9839,GDW,GLADWIN ZETTEL MEML,GLADWIN,MI,MICHIGAN,43.97058944,-84.47501972,43.97058944,-84.47501972,774.1,PU,PU,Non-towered,
9847,3GM,GRAND HAVEN MEML AIRPARK,GRAND HAVEN,MI,MICHIGAN,43.03405555,-86.19816666,43.03405555,-86.19816666,603.8,PU,PU,Non-towered,
9848,4D0,ABRAMS MUNI,GRAND LEDGE,MI,MICHIGAN,42.77488194,-84.73313638,42.77488194,-84.73313638,841.1,PU,PU,Non-towered,
9852,GRR,GERALD R FORD INTL,GRAND RAPIDS,MI,MICHIGAN,42.88083333,-85.52280555,42.88083333,-85.52280555,793.6,PU,PU,Towered,
9857,GOV,GRAYLING AAF,GRAYLING,MI,MICHIGAN,44.68033333,-84.72886111,44.68033333,-84.72886111,1158.1,MR,PU,Towered,
9863,6D6,GREENVILLE MUNI,GREENVILLE,MI,MICHIGAN,43.14213888,-85.25386111,43.14213888,-85.25386111,854.6,PU,PU,Non-towered,
9881,CMX,HOUGHTON COUNTY MEML,HANCOCK,MI,MICHIGAN,47.16841694,-88.48906944,47.16841694,-88.48906944,1095.1,PU,PU,Non-towered,
9888,MGN,HARBOR SPRINGS,HARBOR SPRINGS,MI,MICHIGAN,45.42547222,-84.91347222,45.42547222,-84.91347222,685.8,PU,PU,Non-towered,
9893,80D,CLARE COUNTY,HARRISON,MI,MICHIGAN,44.05235116,-84.81317663,44.05235116,-84.81317663,1142,PU,PU,Non-towered,
9901,C04,OCEANA COUNTY,HART/SHELBY,MI,MICHIGAN,43.64163333,-86.32906611,43.64163333,-86.32906611,915.8,PU,PU,Non-towered,
9903,9D9,HASTINGS,HASTINGS,MI,MICHIGAN,42.66330611,-85.34575333,42.66330611,-85.34575333,800.4,PU,PU,Non-towered,
9914,5Y1,ALBERT J LINDBERG,HESSEL,MI,MICHIGAN,46.03542916,-84.41769722,46.03542916,-84.41769722,760,PU,PU,Non-towered,
9918.81,13D,PONDEROSA,HIGHLAND,MI,MICHIGAN,42.62916666,-83.68308333,42.62916666,-83.68308333,1017,PR,PU,Non-towered,
9920,Y95,HILLMAN,HILLMAN,MI,MICHIGAN,45.0832195,-83.9384945,45.0832195,-83.9384945,852,PU,PU,Non-towered,
9923.1,JYM,HILLSDALE MUNI,HILLSDALE,MI,MICHIGAN,41.92130277,-84.58669861,41.92130277,-84.58669861,1184.2,PU,PU,Non-towered,
9925,BIV,WEST MICHIGAN RGNL,HOLLAND,MI,MICHIGAN,42.74277777,-86.10783333,42.74277777,-86.10783333,697.9,PU,PU,Non-towered,
9937,HTL,ROSCOMMON COUNTY/BLODGETT MEML,HOUGHTON LAKE,MI,MICHIGAN,44.35986902,-84.66948302,44.35986902,-84.66948302,1149.7,PU,PU,Non-towered,
9943,OZW,LIVINGSTON COUNTY SPENCER J HARDY,HOWELL,MI,MICHIGAN,42.62942777,-83.98219305,42.62942777,-83.98219305,962,PU,PU,Non-towered,
9953,Y65,CAMPBELL-PRATT,INDIAN RIVER,MI,MICHIGAN,45.40617083,-84.5984,45.40617083,-84.5984,614,PU,PU,Non-towered,
9959,Y70,IONIA COUNTY,IONIA,MI,MICHIGAN,42.93792786,-85.06057302,42.93792786,-85.06057302,817.8,PU,PU,Non-towered,
9962,IMT,FORD,IRON MOUNTAIN KINGSFORD,MI,MICHIGAN,45.81835638,-88.11454444,45.81835638,-88.11454444,1182,PU,PU,Non-towered,
9965,Y73,STAMBAUGH,IRON RIVER,MI,MICHIGAN,46.07881944,-88.6355,46.07881944,-88.6355,1618,PU,PU,Non-towered,
9968,IWD,GOGEBIC/IRON COUNTY,IRONWOOD,MI,MICHIGAN,46.52748138,-90.13139444,46.52748138,-90.13139444,1230.3,PU,PU,Non-towered,
9977,JXN,JACKSON COUNTY/REYNOLDS FLD,JACKSON,MI,MICHIGAN,42.26044305,-84.46213861,42.26044305,-84.46213861,1000.8,PU,PU,Towered,
9978,08C,RIVERVIEW,JENISON,MI,MICHIGAN,42.93672263,-85.8057525,42.93672263,-85.8057525,603,PR,PU,Non-towered,
9986,AZO,KALAMAZOO/BATTLE CREEK INTL,KALAMAZOO,MI,MICHIGAN,42.23438888,-85.55155555,42.23438888,-85.55155555,873.9,PU,PU,Towered,
9989.1,Y89,KALKASKA CITY,KALKASKA,MI,MICHIGAN,44.72518888,-85.20329027,44.72518888,-85.20329027,1029,PU,PU,Non-towered,
9998,D15,LAKE ISABELLA/CAL BREWER MEML,LAKE ISABELLA,MI,MICHIGAN,43.64447277,-84.98196833,43.64447277,-84.98196833,886,PU,PU,Non-towered,
10005,13C,LAKEVIEW/GRIFFITH FLD,LAKEVIEW,MI,MICHIGAN,43.45225,-85.26463888,43.45225,-85.26463888,968.9,PU,PU,Non-towered,
10007,DUH,TOLEDO SUBURBAN,LAMBERTVILLE,MI,MICHIGAN,41.735875,-83.65576388,41.735875,-83.65576388,671,PR,PU,Non-towered,
10010,LAN,CAPITAL REGION INTL,LANSING,MI,MICHIGAN,42.7786475,-84.58620555,42.7786475,-84.58620555,860.5,PU,PU,Towered,
10013,D95,DUPONT/LAPEER,LAPEER,MI,MICHIGAN,43.06647222,-83.27155555,43.06647222,-83.27155555,834.6,PU,PU,Non-towered,
10023.9,9G2,PRICES,LINDEN,MI,MICHIGAN,42.80761111,-83.76897222,42.80761111,-83.76897222,919.4,PR,PU,Non-towered,
10033,24C,LOWELL CITY,LOWELL,MI,MICHIGAN,42.95465833,-85.34561666,42.95465833,-85.34561666,681,PU,PU,Non-towered,
10034,LDM,MASON COUNTY,LUDINGTON,MI,MICHIGAN,43.96253111,-86.40791638,43.96253111,-86.40791638,646.6,PU,PU,Non-towered,
10037,MCD,MACKINAC ISLAND,MACKINAC ISLAND,MI,MICHIGAN,45.86498333,-84.63709444,45.86498333,-84.63709444,741,PU,PU,Non-towered,
10049,MBL,MANISTEE COUNTY/BLACKER,MANISTEE,MI,MICHIGAN,44.272465,-86.24690083,44.272465,-86.24690083,621.4,PU,PU,Non-towered,
10052,ISQ,SCHOOLCRAFT COUNTY,MANISTIQUE,MI,MICHIGAN,45.97463888,-86.17183333,45.97463888,-86.17183333,684.3,PU,PU,Non-towered,
10058,76G,MARINE CITY,MARINE CITY,MI,MICHIGAN,42.72137916,-82.59626527,42.72137916,-82.59626527,613.8,PR,PU,Non-towered,
10062.11,77G,MARLETTE TOWNSHIP,MARLETTE,MI,MICHIGAN,43.31183305,-83.09092027,43.31183305,-83.09092027,894.9,PU,PU,Non-towered,
10064.02,SAW,MARQUETTE/SAWYER RGNL,MARQUETTE,MI,MICHIGAN,46.34915833,-87.39637166,46.34915833,-87.39637166,1204.5,PU,PU,Towered,
10067,RMY,BROOKS FLD,MARSHALL,MI,MICHIGAN,42.25119316,-84.9554443,42.25119316,-84.9554443,941.2,PU,PU,Non-towered,
10073,TEW,MASON JEWETT FLD,MASON,MI,MICHIGAN,42.56576777,-84.42320611,42.56576777,-84.42320611,919.4,PU,PU,Non-towered,
10083,MNM,MENOMINEE RGNL,MENOMINEE,MI,MICHIGAN,45.12668777,-87.63854277,45.12668777,-87.63854277,624.6,PU,PU,Non-towered,
10092,IKW,JACK BARSTOW,MIDLAND,MI,MICHIGAN,43.66292555,-84.26131277,43.66292555,-84.26131277,634.7,PU,PU,Non-towered,
10100,51M,OSCODA COUNTY/DENNIS KAUFFMAN MEML,MIO,MI,MICHIGAN,44.67483333,-84.12204166,44.67483333,-84.12204166,1033,PU,PU,Non-towered,
10104,TTF,CUSTER,MONROE,MI,MICHIGAN,41.93988888,-83.43466666,41.93988888,-83.43466666,615.6,PU,PU,Non-towered,
10121,MOP,MOUNT PLEASANT MUNI,MOUNT PLEASANT,MI,MICHIGAN,43.62163888,-84.73730555,43.62163888,-84.73730555,754.7,PU,PU,Non-towered,
10127,MKG,MUSKEGON COUNTY,MUSKEGON,MI,MICHIGAN,43.16767277,-86.23543805,43.16767277,-86.23543805,628.2,PU,PU,Towered,
10157,Y47,OAKLAND SOUTHWEST,NEW HUDSON,MI,MICHIGAN,42.50312388,-83.62370138,42.50312388,-83.62370138,926.1,PU,PU,Non-towered,
10154,ERY,LUCE COUNTY,NEWBERRY,MI,MICHIGAN,46.311,-85.45716666,46.311,-85.45716666,869.2,PU,PU,Non-towered,
10160,3TR,JERRY TYLER MEML,NILES,MI,MICHIGAN,41.83588888,-86.22516666,41.83588888,-86.22516666,750.4,PU,PU,Non-towered,
10185,OGM,ONTONAGON COUNTY/SCHUSTER FLD,ONTONAGON,MI,MICHIGAN,46.84547027,-89.36709166,46.84547027,-89.36709166,665.2,PU,PU,Non-towered,
10193,OSC,OSCODA/WURTSMITH,OSCODA,MI,MICHIGAN,44.45152388,-83.39416472,44.45152388,-83.39416472,633,PU,PU,Non-towered,
10202,RNP,OWOSSO COMMUNITY,OWOSSO,MI,MICHIGAN,42.99297222,-84.1385,42.99297222,-84.1385,736.7,PU,PU,Non-towered,
10218,PLN,PELLSTON RGNL/EMMET COUNTY,PELLSTON,MI,MICHIGAN,45.57091666,-84.79672222,45.57091666,-84.79672222,720.6,PU,PU,Non-towered,
10226,61D,VIRGIL L WILLIAMS PLAINWELL MUNI,PLAINWELL,MI,MICHIGAN,42.467791,-85.64801344,42.467791,-85.64801344,722,PU,PU,Non-towered,
10228,1D2,CANTON-PLYMOUTH-METTETAL,PLYMOUTH,MI,MICHIGAN,42.34780555,-83.45633333,42.34780555,-83.45633333,696.1,PU,PU,Non-towered,
10232,PTK,OAKLAND COUNTY INTL,PONTIAC,MI,MICHIGAN,42.66563619,-83.42050563,42.66563619,-83.42050563,980.6,PU,PU,Towered,
10235.1,PHN,ST CLAIR COUNTY INTL,PORT HURON,MI,MICHIGAN,42.91095861,-82.52884972,42.91095861,-82.52884972,650.1,PU,PU,Non-towered,
10255,57D,RAY COMMUNITY,RAY,MI,MICHIGAN,42.73675155,-82.88883755,42.73675155,-82.88883755,632,PR,PU,Non-towered,
10280,PZQ,PRESQUE ISLE COUNTY,ROGERS CITY,MI,MICHIGAN,45.40708333,-83.81286111,45.40708333,-83.81286111,670.3,PU,PU,Non-towered,
10283,D98,ROMEO STATE,ROMEO,MI,MICHIGAN,42.79633055,-82.97424861,42.79633055,-82.97424861,738.2,PU,PU,Non-towered,
10287,3RC,ROSCOMMON CONSERVATION,ROSCOMMON,MI,MICHIGAN,44.47369627,-84.56367416,44.47369627,-84.56367416,1157,PU,PU,Non-towered,
10299,MBS,MBS INTL,SAGINAW,MI,MICHIGAN,43.53292694,-84.07963583,43.53292694,-84.07963583,668.2,PU,PU,Towered,
10298,HYX,SAGINAW COUNTY/H W BROWNE,SAGINAW,MI,MICHIGAN,43.43337444,-83.86230194,43.43337444,-83.86230194,601.5,PU,PU,Non-towered,
10323.1,Y83,SANDUSKY CITY,SANDUSKY,MI,MICHIGAN,43.45563561,-82.84178119,43.45563561,-82.84178119,776.9,PU,PU,Non-towered,
10329,CIU,CHIPPEWA COUNTY INTL,SAULT STE MARIE,MI,MICHIGAN,46.25075166,-84.47238416,46.25075166,-84.47238416,799.3,PU,PU,Non-towered,
10328,ANJ,SAULT STE MARIE MUNI/SANDERSON FLD,SAULT STE MARIE,MI,MICHIGAN,46.47922222,-84.36838888,46.47922222,-84.36838888,716.4,PU,PU,Non-towered,
10335,98G,SEBEWAING TOWNSHIP,SEBEWAING,MI,MICHIGAN,43.72950752,-83.46360225,43.72950752,-83.46360225,584,PU,PU,Non-towered,
10343,LWA,SOUTH HAVEN AREA RGNL,SOUTH HAVEN,MI,MICHIGAN,42.35132638,-86.2557375,42.35132638,-86.2557375,665.5,PU,PU,Non-towered,
10349,8D4,PAUL C MILLER/SPARTA,SPARTA,MI,MICHIGAN,43.1274375,-85.67913,43.1274375,-85.67913,774.7,PU,PU,Non-towered,
10313,83D,MACKINAC COUNTY,ST IGNACE,MI,MICHIGAN,45.89144444,-84.73813888,45.89144444,-84.73813888,623.5,PU,PU,Non-towered,
10361,IRS,KIRSCH MUNI,STURGIS,MI,MICHIGAN,41.81328761,-85.43896072,41.81328761,-85.43896072,924.8,PU,PU,Non-towered,
10367,3TE,AL MEYERS,TECUMSEH,MI,MICHIGAN,42.02511083,-83.93929694,42.02511083,-83.93929694,812,PR,PU,Non-towered,
10367.22,22T,TECUMSEH MILLS,TECUMSEH,MI,MICHIGAN,42.03384863,-83.87835352,42.03384863,-83.87835352,797,PR,PU,Non-towered,
10370,7Y2,THOMPSONVILLE,THOMPSONVILLE,MI,MICHIGAN,44.51779461,-85.97056783,44.51779461,-85.97056783,793,PU,PU,Non-towered,
10377,HAI,THREE RIVERS MUNI/DR HAINES,THREE RIVERS,MI,MICHIGAN,41.95974027,-85.59306222,41.95974027,-85.59306222,822.7,PU,PU,Non-towered,
10379,TVC,CHERRY CAPITAL,TRAVERSE CITY,MI,MICHIGAN,44.74157861,-85.58187,44.74157861,-85.58187,623.9,PU,PU,Towered,
10382.2,VLL,OAKLAND/TROY,TROY,MI,MICHIGAN,42.54294444,-83.17788888,42.54294444,-83.17788888,727.2,PU,PU,Non-towered,
10438.1,Y31,WEST BRANCH COMMUNITY,WEST BRANCH,MI,MICHIGAN,44.24481694,-84.17980861,44.24481694,-84.17980861,882.1,PU,PU,Non-towered,
10442,42C,WHITE CLOUD,WHITE CLOUD,MI,MICHIGAN,43.55984722,-85.77415277,43.55984722,-85.77415277,914,PU,PU,Non-towered,
10475.2,Z98,OTTAWA EXEC,ZEELAND,MI,MICHIGAN,42.81717638,-85.92791666,42.81717638,-85.92791666,756,PR,PU,Non-towered,
10504.11,D00,NORMAN COUNTY ADA/TWIN VALLEY,ADA/TWIN VALLEY,MN,MINNESOTA,47.2604675,-96.40026388,47.2604675,-96.40026388,954,PU,PU,Non-towered,
10505,AIT,AITKIN MUNI/STEVE KURTZ FLD,AITKIN,MN,MINNESOTA,46.54846194,-93.67663216,46.54846194,-93.67663216,1206,PU,PU,Non-towered,
10509,AEL,ALBERT LEA MUNI,ALBERT LEA,MN,MINNESOTA,43.68131425,-93.36814836,43.68131425,-93.36814836,1261,PU,PU,Non-towered,
10512,AXN,ALEXANDRIA RGNL/CHANDLER FLD,ALEXANDRIA,MN,MINNESOTA,45.86630555,-95.39466666,45.86630555,-95.39466666,1425.3,PU,PU,Non-towered,
10518,AQP,APPLETON MUNI,APPLETON,MN,MINNESOTA,45.22750175,-96.00452941,45.22750175,-96.00452941,1021,PU,PU,Non-towered,
10524,AUM,AUSTIN MUNI,AUSTIN,MN,MINNESOTA,43.66263888,-92.93291666,43.66263888,-92.93291666,1233.5,PU,PU,Non-towered,
10527,7Y4,BAGLEY MUNI,BAGLEY,MN,MINNESOTA,47.52403125,-95.3637125,47.52403125,-95.3637125,1502.6,PU,PU,Non-towered,
10535,BDE,BAUDETTE INTL,BAUDETTE,MN,MINNESOTA,48.73025,-94.61105555,48.73025,-94.61105555,1085.4,PU,PU,Non-towered,
10546,BJI,BEMIDJI RGNL,BEMIDJI,MN,MINNESOTA,47.51072222,-94.93472222,47.51072222,-94.93472222,1391.4,PU,PU,Non-towered,
10551.1,BBB,BENSON MUNI,BENSON,MN,MINNESOTA,45.33191666,-95.65058333,45.33191666,-95.65058333,1039.3,PU,PU,Non-towered,
10562,FOZ,BIGFORK MUNI,BIGFORK,MN,MINNESOTA,47.78393402,-93.65099369,47.78393402,-93.65099369,1351,PU,PU,Non-towered,
10569,SBU,BLUE EARTH MUNI,BLUE EARTH,MN,MINNESOTA,43.59536111,-94.09286111,43.59536111,-94.09286111,1107.4,PU,PU,Non-towered,
10576,BRD,BRAINERD LAKES RGNL,BRAINERD,MN,MINNESOTA,46.40422222,-94.13380555,46.40422222,-94.13380555,1232.2,PU,PU,Non-towered,
10592,6D1,BROOTEN MUNI/JOHN O BOHMER FLD,BROOTEN,MN,MINNESOTA,45.49751333,-95.10261916,45.49751333,-95.10261916,1304,PU,PU,Non-towered,
10605,CFE,BUFFALO MUNI,BUFFALO,MN,MINNESOTA,45.15883333,-93.84330555,45.15883333,-93.84330555,967.7,PU,PU,Non-towered,
10610,CHU,HOUSTON COUNTY,CALEDONIA,MN,MINNESOTA,43.59635861,-91.50394638,43.59635861,-91.50394638,1179,PU,PU,Non-towered,
10612.2,CBG,CAMBRIDGE MUNI,CAMBRIDGE,MN,MINNESOTA,45.55749472,-93.26418444,45.55749472,-93.26418444,945.4,PU,PU,Non-towered,
10615.2,CNB,MYERS FLD,CANBY,MN,MINNESOTA,44.7295,-96.26602777,44.7295,-96.26602777,1194.1,PU,PU,Non-towered,
10623,COQ,CLOQUET/CARLTON COUNTY,CLOQUET,MN,MINNESOTA,46.70111111,-92.50355555,46.70111111,-92.50355555,1279.1,PU,PU,Non-towered,
10635,CQM,COOK MUNI,COOK,MN,MINNESOTA,47.82228169,-92.689525,47.82228169,-92.689525,1328.9,PU,PU,Non-towered,
10642,CKN,CROOKSTON MUNI/KIRKWOOD FLD,CROOKSTON,MN,MINNESOTA,47.84165722,-96.62145361,47.84165722,-96.62145361,900.3,PU,PU,Non-towered,
10650,DTL,DETROIT LAKES/WETHING FLD,DETROIT LAKES,MN,MINNESOTA,46.82304611,-95.88278583,46.82304611,-95.88278583,1395.9,PU,PU,Non-towered,
10651,TOB,DODGE CENTER,DODGE CENTER,MN,MINNESOTA,44.01799563,-92.83162005,44.01799563,-92.83162005,1303.7,PU,PU,Non-towered,
10653,DLH,DULUTH INTL,DULUTH,MN,MINNESOTA,46.84206975,-92.19323722,46.84206975,-92.19323722,1427.8,PU,PU,Towered,
10655,DYT,SKY HARBOR,DULUTH,MN,MINNESOTA,46.7221225,-92.04438583,46.7221225,-92.04438583,608.6,PU,PU,Non-towered,
10665,Y63,ELBOW LAKE MUNI/PRIDE OF THE PRAIRIE,ELBOW LAKE,MN,MINNESOTA,45.98616666,-95.98575,45.98616666,-95.98575,1205.8,PU,PU,Non-towered,
10668.01,ELO,ELY MUNI,ELY,MN,MINNESOTA,47.82401308,-91.82932058,47.82401308,-91.82932058,1456,PU,PU,Non-towered,
10677,EVM,EVELETH/VIRGINIA MUNI,EVELETH,MN,MINNESOTA,47.42416666,-92.49655555,47.42416666,-92.49655555,1376,PU,PU,Non-towered,
10684,FRM,FAIRMONT MUNI,FAIRMONT,MN,MINNESOTA,43.64393833,-94.41561583,43.64393833,-94.41561583,1161.8,PU,PU,Non-towered,
10689,FBL,FARIBAULT MUNI-LIZ WALL STROHFUS FLD,FARIBAULT,MN,MINNESOTA,44.32896938,-93.31307363,44.32896938,-93.31307363,1060.1,PU,PU,Non-towered,
10692,FFM,FERGUS FALLS MUNI/EINAR MICKELSON FLD,FERGUS FALLS,MN,MINNESOTA,46.284395,-96.1566875,46.284395,-96.1566875,1182.4,PU,PU,Non-towered,
10693,D14,FERTILE MUNI,FERTILE,MN,MINNESOTA,47.55185777,-96.29215527,47.55185777,-96.29215527,1136.7,PU,PU,Non-towered,
10695.15,25D,FOREST LAKE,FOREST LAKE,MN,MINNESOTA,45.24740972,-92.99285416,45.24740972,-92.99285416,929.5,PU,PU,Non-towered,
10696,FSE,FOSSTON MUNI/ANDERSON FLD,FOSSTON,MN,MINNESOTA,47.59282972,-95.77348666,47.59282972,-95.77348666,1278.7,PU,PU,Non-towered,
10706.7,GYL,GLENCOE MUNI,GLENCOE,MN,MINNESOTA,44.75600583,-94.08146055,44.75600583,-94.08146055,992.5,PU,PU,Non-towered,
10707,GHW,GLENWOOD MUNI,GLENWOOD,MN,MINNESOTA,45.64383013,-95.32044891,45.64383013,-95.32044891,1393.9,PU,PU,Non-towered,
10713.4,CKC,GRAND MARAIS/COOK COUNTY,GRAND MARAIS,MN,MINNESOTA,47.83843166,-90.38457805,47.83843166,-90.38457805,1803,PU,PU,Non-towered,
10716,GPZ,GRAND RAPIDS/ITASCA COUNTY-GORDON NEWSTROM FLD,GRAND RAPIDS,MN,MINNESOTA,47.20928388,-93.50994472,47.20928388,-93.50994472,1355.7,PU,PU,Non-towered,
10722,GDB,GRANITE FALLS MUNI/LENZEN-ROE-FAGEN MEML FLD,GRANITE FALLS,MN,MINNESOTA,44.75245922,-95.55553008,44.75245922,-95.55553008,1047.5,PU,PU,Non-towered,
10733.1,HCO,HALLOCK MUNI,HALLOCK,MN,MINNESOTA,48.75273138,-96.94300305,48.75273138,-96.94300305,820.2,PU,PU,Non-towered,
10734.8,04Y,HAWLEY MUNI,HAWLEY,MN,MINNESOTA,46.88377777,-96.35061111,46.88377777,-96.35061111,1209.7,PU,PU,Non-towered,
10736,1D6,HECTOR MUNI,HECTOR,MN,MINNESOTA,44.73110252,-94.713786,44.73110252,-94.713786,1078,PU,PU,Non-towered,
10736.3,06Y,HERMAN MUNI,HERMAN,MN,MINNESOTA,45.82996055,-96.16061444,45.82996055,-96.16061444,1068,PU,PU,Non-towered,
10737,HIB,RANGE RGNL,HIBBING,MN,MINNESOTA,47.386575,-92.83897805,47.386575,-92.83897805,1353.7,PU,PU,Non-towered,
10739.01,04W,FIELD OF DREAMS,HINCKLEY,MN,MINNESOTA,46.02286811,-92.89517441,46.02286811,-92.89517441,1021,PR,PU,Non-towered,
10746.2,HCD,HUTCHINSON MUNI/BUTLER FLD,HUTCHINSON,MN,MINNESOTA,44.85988888,-94.3825,44.85988888,-94.3825,1062.3,PU,PU,Non-towered,
10749,INL,FALLS INTL/EINARSON FLD,INTERNATIONAL FALLS,MN,MINNESOTA,48.56558777,-93.40217916,48.56558777,-93.40217916,1184.4,PU,PU,Non-towered,
10753,MJQ,JACKSON MUNI,JACKSON,MN,MINNESOTA,43.65078472,-94.98657472,43.65078472,-94.98657472,1445.7,PU,PU,Non-towered,
10780,12Y,LE SUEUR MUNI,LE SUEUR,MN,MINNESOTA,44.44088808,-93.91584727,44.44088808,-93.91584727,867.5,PU,PU,Non-towered,
10786.01,LJF,LITCHFIELD MUNI,LITCHFIELD,MN,MINNESOTA,45.09713888,-94.50725,45.09713888,-94.50725,1139.9,PU,PU,Non-towered,
10793,LXL,LITTLE FALLS/MORRISON COUNTY-LINDBERGH FLD,LITTLE FALLS,MN,MINNESOTA,45.949065,-94.34703638,45.949065,-94.34703638,1122.8,PU,PU,Non-towered,
10797.3,14Y,TODD FLD,LONG PRAIRIE,MN,MINNESOTA,45.89759416,-94.87362277,45.89759416,-94.87362277,1331.8,PU,PU,Non-towered,
10798.1,XVG,LONGVILLE MUNI,LONGVILLE,MN,MINNESOTA,46.9899075,-94.20363194,46.9899075,-94.20363194,1336.8,PU,PU,Non-towered,
10802.2,LYV,QUENTIN AANENSON FLD,LUVERNE,MN,MINNESOTA,43.61676925,-96.21773638,43.61676925,-96.21773638,1435,PU,PU,Non-towered,
10806,DXX,LAC QUI PARLE COUNTY,MADISON,MN,MINNESOTA,44.98643527,-96.1778595,44.98643527,-96.1778595,1082.7,PU,PU,Non-towered,
10807.5,3N8,MAHNOMEN COUNTY,MAHNOMEN,MN,MINNESOTA,47.26050516,-95.92808683,47.26050516,-95.92808683,1245.5,PU,PU,Non-towered,
10812.1,MKT,MANKATO RGNL,MANKATO,MN,MINNESOTA,44.22277777,-93.91930555,44.22277777,-93.91930555,1020.8,PU,PU,Non-towered,
10812.71,MGG,MAPLE LAKE MUNI-BILL MAVENCAMP SR FLD,MAPLE LAKE,MN,MINNESOTA,45.23599277,-93.98558888,45.23599277,-93.98558888,1028,PU,PU,Non-towered,
10815,MML,SOUTHWEST MINNESOTA RGNL MARSHALL/RYAN FLD,MARSHALL,MN,MINNESOTA,44.45172222,-95.82441666,44.45172222,-95.82441666,1182.8,PU,PU,Non-towered,
10818.5,HZX,ISEDOR IVERSON,MC GREGOR,MN,MINNESOTA,46.61879722,-93.30981111,46.61879722,-93.30981111,1228.3,PU,PU,Non-towered,
10821.02,LVN,AIRLAKE,MINNEAPOLIS,MN,MINNESOTA,44.62786111,-93.22809444,44.62786111,-93.22809444,960.4,PU,PU,Non-towered,
10827.2,ANE,ANOKA COUNTY/BLAINE (JANES FLD),MINNEAPOLIS,MN,MINNESOTA,45.14488888,-93.21019444,45.14488888,-93.21019444,912.2,PU,PU,Towered,
10821,MIC,CRYSTAL,MINNEAPOLIS,MN,MINNESOTA,45.06246944,-93.35396527,45.06246944,-93.35396527,869.3,PU,PU,Towered,
10827,FCM,FLYING CLOUD,MINNEAPOLIS,MN,MINNESOTA,44.82750722,-93.45857166,44.82750722,-93.45857166,906.2,PU,PU,Towered,
10824,MSP,MINNEAPOLIS-ST PAUL INTL/WOLD-CHAMBERLAIN,MINNEAPOLIS,MN,MINNESOTA,44.88197222,-93.22177777,44.88197222,-93.22177777,841.8,PU,PU,Towered,1
10832,MVE,MONTEVIDEO-CHIPPEWA COUNTY,MONTEVIDEO,MN,MINNESOTA,44.96919444,-95.71038888,44.96919444,-95.71038888,1034,PU,PU,Non-towered,
10836.51,JKJ,MOORHEAD MUNI/FLORENCE KLINGENSMITH FLD,MOORHEAD,MN,MINNESOTA,46.83927777,-96.66402777,46.83927777,-96.66402777,918.1,PU,PU,Non-towered,
10837,MZH,MOOSE LAKE CARLTON COUNTY,MOOSE LAKE,MN,MINNESOTA,46.41861111,-92.80477777,46.41861111,-92.80477777,1076,PU,PU,Non-towered,
10838,JMR,MORA MUNI,MORA,MN,MINNESOTA,45.89189833,-93.27294916,45.89189833,-93.27294916,1032.8,PU,PU,Non-towered,
10842,MOX,MORRIS MUNI/CHARLIE SCHMIDT FLD,MORRIS,MN,MINNESOTA,45.56359138,-95.9650275,45.56359138,-95.9650275,1135.9,PU,PU,Non-towered,
10869,ULM,NEW ULM MUNI,NEW ULM,MN,MINNESOTA,44.31838666,-94.50164333,44.31838666,-94.50164333,1011.2,PU,PU,Non-towered,
10880.31,OVL,OLIVIA RGNL,OLIVIA,MN,MINNESOTA,44.77857194,-95.03277833,44.77857194,-95.03277833,1076,PU,PU,Non-towered,
10883.11,ORB,ORR RGNL,ORR,MN,MINNESOTA,48.01591666,-92.85605555,48.01591666,-92.85605555,1312.6,PU,PU,Non-towered,
10885,VVV,ORTONVILLE MUNI/MARTINSON FLD,ORTONVILLE,MN,MINNESOTA,45.30412944,-96.42460888,45.30412944,-96.42460888,1101.2,PU,PU,Non-towered,
10890,OWA,OWATONNA DEGNER RGNL,OWATONNA,MN,MINNESOTA,44.1229518,-93.25882641,44.1229518,-93.25882641,1145.4,PU,PU,Non-towered,
10894,PKD,PARK RAPIDS MUNI/KONSHOK FLD,PARK RAPIDS,MN,MINNESOTA,46.9012038,-95.07310625,46.9012038,-95.07310625,1444.5,PU,PU,Non-towered,
10899,PEX,PAYNESVILLE MUNI,PAYNESVILLE,MN,MINNESOTA,45.37206352,-94.7447263,45.37206352,-94.7447263,1182.7,PU,PU,Non-towered,
10903,16D,PERHAM MUNI,PERHAM,MN,MINNESOTA,46.61097222,-95.60611111,46.61097222,-95.60611111,1376,PU,PU,Non-towered,
10910.5,PWC,PINE RIVER RGNL,PINE RIVER,MN,MINNESOTA,46.72478777,-94.38169972,46.72478777,-94.38169972,1295.6,PU,PU,Non-towered,
10912,PQN,PIPESTONE MUNI,PIPESTONE,MN,MINNESOTA,43.98213666,-96.3004075,43.98213666,-96.3004075,1736.7,PU,PU,Non-towered,
10919.5,FKA,FILLMORE COUNTY,PRESTON,MN,MINNESOTA,43.67675,-92.17975,43.67675,-92.17975,1276.7,PU,PU,Non-towered,
10922.1,PNM,PRINCETON MUNI,PRINCETON,MN,MINNESOTA,45.55986111,-93.60822222,45.55986111,-93.60822222,979.8,PU,PU,Non-towered,
10933.01,D81,RED LAKE FALLS MUNI,RED LAKE FALLS,MN,MINNESOTA,47.82651527,-96.25977916,47.82651527,-96.25977916,1060,PU,PU,Non-towered,
10934,RGK,RED WING RGNL,RED WING,MN,MINNESOTA,44.5893575,-92.48496861,44.5893575,-92.48496861,778.1,PU,PU,Non-towered,
10938,RWF,REDWOOD FALLS MUNI,REDWOOD FALLS,MN,MINNESOTA,44.54688888,-95.082,44.54688888,-95.082,1023.6,PU,PU,Non-towered,
10950.1,RST,ROCHESTER INTL,ROCHESTER,MN,MINNESOTA,43.90827777,-92.50002777,43.90827777,-92.50002777,1317.4,PU,PU,Towered,
10955.1,ROX,ROSEAU MUNI/RUDY BILLBERG FLD,ROSEAU,MN,MINNESOTA,48.85625,-95.69694444,48.85625,-95.69694444,1060.3,PU,PU,Non-towered,
10958.9,ROS,RUSH CITY RGNL,RUSH CITY,MN,MINNESOTA,45.69715416,-92.95217555,45.69715416,-92.95217555,926.4,PU,PU,Non-towered,
10959.1,55Y,RUSHFORD MUNI/ROBERT W BUNKE FLD,RUSHFORD,MN,MINNESOTA,43.815825,-91.830095,43.815825,-91.830095,1211,PU,PU,Non-towered,
10984,D39,SAUK CENTRE MUNI,SAUK CENTRE,MN,MINNESOTA,45.70660266,-94.93324647,45.70660266,-94.93324647,1242.3,PU,PU,Non-towered,
10992.5,BFW,SILVER BAY MUNI,SILVER BAY,MN,MINNESOTA,47.24902777,-91.41558333,47.24902777,-91.41558333,1088.6,PU,PU,Non-towered,
10995.01,DVP,SLAYTON MUNI,SLAYTON,MN,MINNESOTA,43.98680027,-95.78261027,43.98680027,-95.78261027,1623,PU,PU,Non-towered,
11001,SGS,SOUTH ST PAUL MUNI/RICHARD E FLEMING FLD,SOUTH ST PAUL,MN,MINNESOTA,44.85713888,-93.03286111,44.85713888,-93.03286111,821,PU,PU,Non-towered,
11003.12,D42,SPRINGFIELD MUNI,SPRINGFIELD,MN,MINNESOTA,44.23105555,-94.99891666,44.23105555,-94.99891666,1073,PU,PU,Non-towered,
10962.1,STC,ST CLOUD RGNL,ST CLOUD,MN,MINNESOTA,45.54622222,-94.05938888,45.54622222,-94.05938888,1030.5,PU,PU,Towered,
10967.1,JYG,ST JAMES MUNI,ST JAMES,MN,MINNESOTA,43.98635388,-94.55797416,43.98635388,-94.55797416,1067.7,PU,PU,Non-towered,
10973,21D,LAKE ELMO,ST PAUL,MN,MINNESOTA,44.99719694,-92.85368611,44.99719694,-92.85368611,932.9,PU,PU,Non-towered,
10974,STP,ST PAUL DOWNTOWN HOLMAN FLD,ST PAUL,MN,MINNESOTA,44.9346225,-93.06034244,44.9346225,-93.06034244,705.4,PU,PU,Towered,
11011,SAZ,STAPLES MUNI,STAPLES,MN,MINNESOTA,46.38087944,-94.80660166,46.38087944,-94.80660166,1287.6,PU,PU,Non-towered,
11012.6,D41,STEPHEN MUNI,STEPHEN,MN,MINNESOTA,48.45831222,-96.86283888,48.45831222,-96.86283888,830,PU,PU,Non-towered,
11024,TVF,THIEF RIVER FALLS RGNL,THIEF RIVER FALLS,MN,MINNESOTA,48.06567722,-96.18499527,48.06567722,-96.18499527,1118.8,PU,PU,Non-towered,
11028.4,12D,TOWER MUNI,TOWER,MN,MINNESOTA,47.81815555,-92.28606666,47.81815555,-92.28606666,1369.9,PU,PU,Non-towered,
11028.5,TKC,TRACY MUNI,TRACY,MN,MINNESOTA,44.24923944,-95.60722916,44.24923944,-95.60722916,1335.7,PU,PU,Non-towered,
11029.9,TWM,RICHARD B HELGESON,TWO HARBORS,MN,MINNESOTA,47.04913888,-91.74522222,47.04913888,-91.74522222,1073.1,PU,PU,Non-towered,
11047.01,ADC,WADENA MUNI,WADENA,MN,MINNESOTA,46.44737305,-95.21133472,46.44737305,-95.21133472,1368,PU,PU,Non-towered,
11051,Y49,WALKER MUNI,WALKER,MN,MINNESOTA,47.15948066,-94.64534669,47.15948066,-94.64534669,1348.4,PU,PU,Non-towered,
11052.8,D37,WARREN MUNI,WARREN,MN,MINNESOTA,48.19116666,-96.71130555,48.19116666,-96.71130555,888.2,PU,PU,Non-towered,
11053,RRT,WARROAD INTL MEML,WARROAD,MN,MINNESOTA,48.94147222,-95.34847222,48.94147222,-95.34847222,1075.5,PU,PU,Non-towered,
11055.1,ACQ,WASECA MUNI/MAYNARD RICHARD STENSRUD FLD,WASECA,MN,MINNESOTA,44.07347222,-93.55294416,44.07347222,-93.55294416,1126.5,PU,PU,Non-towered,
11072,ETH,WHEATON MUNI,WHEATON,MN,MINNESOTA,45.78050608,-96.54379797,45.78050608,-96.54379797,1022.7,PU,PU,Non-towered,
11082.01,BDH,WILLMAR MUNI/JOHN L RICE FLD,WILLMAR,MN,MINNESOTA,45.11702777,-95.12933333,45.11702777,-95.12933333,1126,PU,PU,Non-towered,
11088.2,MWM,WINDOM MUNI,WINDOM,MN,MINNESOTA,43.91341166,-95.1094,43.91341166,-95.1094,1410.8,PU,PU,Non-towered,
11098,ONA,WINONA MUNI/MAX CONRAD FLD,WINONA,MN,MINNESOTA,44.07960988,-91.71162988,44.07960988,-91.71162988,656.2,PU,PU,Non-towered,
11104,OTG,WORTHINGTON MUNI,WORTHINGTON,MN,MINNESOTA,43.65505555,-95.57919444,43.65505555,-95.57919444,1574,PU,PU,Non-towered,
11518.01,K19,ALBANY MUNI,ALBANY,MO,MISSOURI,40.26219444,-94.33902777,40.26219444,-94.33902777,891.3,PU,PU,Non-towered,
11530.1,2H2,JERRY SUMNERS SR AURORA MUNI,AURORA,MO,MISSOURI,36.96230555,-93.69533333,36.96230555,-93.69533333,1433.6,PU,PU,Non-towered,
11531,AOV,AVA BILL MARTIN MEML,AVA,MO,MISSOURI,36.97188722,-92.68194583,36.97188722,-92.68194583,1311,PU,PU,Non-towered,
11537.11,75K,BETHANY MEML,BETHANY,MO,MISSOURI,40.27683333,-94.00741666,40.27683333,-94.00741666,1035,PU,PU,Non-towered,
11545,H57,BISMARCK MEML,BISMARCK,MO,MISSOURI,37.75880555,-90.61680555,37.75880555,-90.61680555,1038,PU,PU,Non-towered,
11553.1,M17,BOLIVAR MUNI,BOLIVAR,MO,MISSOURI,37.59610694,-93.34769861,37.59610694,-93.34769861,1092.3,PU,PU,Non-towered,
11555,1BT,BONNE TERRE MUNI,BONNE TERRE,MO,MISSOURI,37.91898055,-90.57520277,37.91898055,-90.57520277,910,PU,PU,Non-towered,
11561.01,VER,JESSE VIERTEL MEML,BOONVILLE,MO,MISSOURI,38.94672222,-92.68266666,38.94672222,-92.68266666,715,PU,PU,Non-towered,
11564,H19,BOWLING GREEN MUNI,BOWLING GREEN,MO,MISSOURI,39.37069638,-91.22027944,39.37069638,-91.22027944,891.4,PU,PU,Non-towered,
11567,BBG,BRANSON,BRANSON,MO,MISSOURI,36.5320825,-93.20054444,36.5320825,-93.20054444,1302,PU,PU,Towered,
11567.01,PLK,M GRAHAM CLARK DOWNTOWN,BRANSON,MO,MISSOURI,36.62592813,-93.22892288,36.62592813,-93.22892288,940.1,PU,PU,Non-towered,
11568,FWB,BRANSON WEST MUNI/EMERSON FLD,BRANSON WEST,MO,MISSOURI,36.6985,-93.40225,36.6985,-93.40225,1348.1,PU,PU,Non-towered,
11579,MO8,NORTH CENTRAL MISSOURI RGNL,BROOKFIELD,MO,MISSOURI,39.77136111,-93.01277777,39.77136111,-93.01277777,844.5,PU,PU,Non-towered,
11581.6,H17,BUFFALO MUNI,BUFFALO,MO,MISSOURI,37.65408333,-93.087,37.65408333,-93.087,1154,PU,PU,Non-towered,
11582.9,BUM,BUTLER MEML,BUTLER,MO,MISSOURI,38.28976722,-94.34012777,38.28976722,-94.34012777,893.7,PU,PU,Non-towered,
11584,TVB,CABOOL MEML,CABOOL,MO,MISSOURI,37.13244444,-92.08397222,37.13244444,-92.08397222,1220.1,PU,PU,Non-towered,
11586.6,OZS,CAMDENTON MEML-LAKE RGNL,CAMDENTON,MO,MISSOURI,37.9727225,-92.69045861,37.9727225,-92.69045861,1061.7,PU,PU,Non-towered,
11587,EZZ,CAMERON MEML,CAMERON,MO,MISSOURI,39.72755555,-94.27638888,39.72755555,-94.27638888,1040.1,PU,PU,Non-towered,
11591,34M,CAMPBELL MUNI,CAMPBELL,MO,MISSOURI,36.48605555,-90.01569444,36.48605555,-90.01569444,284,PU,PU,Non-towered,
11605,CGI,CAPE GIRARDEAU RGNL,CAPE GIRARDEAU,MO,MISSOURI,37.22531527,-89.57075944,37.22531527,-89.57075944,341.5,PU,PU,Towered,
11615.1,K26,CARROLLTON MEML,CARROLLTON,MO,MISSOURI,39.31216666,-93.50655555,39.31216666,-93.50655555,670,PU,PU,Non-towered,
11621,M05,CARUTHERSVILLE MEML,CARUTHERSVILLE,MO,MISSOURI,36.16912583,-89.67648083,36.16912583,-89.67648083,268.1,PU,PU,Non-towered,
11624.5,94K,CASSVILLE MUNI,CASSVILLE,MO,MISSOURI,36.69740527,-93.90052527,36.69740527,-93.90052527,1482.7,PU,PU,Non-towered,
11633.11,CHQ,MISSISSIPPI COUNTY,CHARLESTON,MO,MISSOURI,36.84213722,-89.35965777,36.84213722,-89.35965777,313,PU,PU,Non-towered,
11638,CHT,CHILLICOTHE MUNI,CHILLICOTHE,MO,MISSOURI,39.78201544,-93.49623608,39.78201544,-93.49623608,783.3,PU,PU,Non-towered,
11648.11,GLY,CLINTON RGNL,CLINTON,MO,MISSOURI,38.35470027,-93.67918694,38.35470027,-93.67918694,822.5,PU,PU,Non-towered,
11651.1,COU,COLUMBIA RGNL,COLUMBIA,MO,MISSOURI,38.81773555,-92.21779194,38.81773555,-92.21779194,889.4,PU,PU,Towered,
11667.2,UBX,CUBA MUNI,CUBA,MO,MISSOURI,38.06877305,-91.42885861,38.06877305,-91.42885861,1023,PU,PU,Non-towered,
11669,0C1,TRIPLE R,DEARBORN,MO,MISSOURI,39.48775,-94.78113888,39.48775,-94.78113888,1007,PR,PU,Non-towered,
11678,DXE,DEXTER MUNI,DEXTER,MO,MISSOURI,36.77541666,-89.94125,36.77541666,-89.94125,304.4,PU,PU,Non-towered,
11687.5,X33,DONIPHAN MUNI,DONIPHAN,MO,MISSOURI,36.69386111,-90.78447222,36.69386111,-90.78447222,635,PU,PU,Non-towered,
11698.95,87K,EL DORADO SPRINGS MEML,EL DORADO SPRINGS,MO,MISSOURI,37.85713888,-93.99763888,37.85713888,-93.99763888,931.4,PU,PU,Non-towered,
11698.9,H79,ELDON MODEL AIRPARK,ELDON,MO,MISSOURI,38.3615838,-92.57131761,38.3615838,-92.57131761,917.2,PU,PU,Non-towered,
11713,3EX,EXCELSIOR SPRINGS MEML,EXCELSIOR SPRINGS,MO,MISSOURI,39.33727777,-94.19741666,39.33727777,-94.19741666,999.6,PU,PU,Non-towered,
11717.2,FAM,FARMINGTON RGNL,FARMINGTON,MO,MISSOURI,37.76089222,-90.42866805,37.76089222,-90.42866805,945.7,PU,PU,Non-towered,
11730,TBN,WAYNESVILLE-ST ROBERT RGNL FORNEY FLD,FORT LEONARD WOOD,MO,MISSOURI,37.74163888,-92.14072222,37.74163888,-92.14072222,1159.5,MR,PU,Towered,
11733.1,H88,A PAUL VANCE FREDERICKTOWN RGNL,FREDERICKTOWN,MO,MISSOURI,37.60563888,-90.28747222,37.60563888,-90.28747222,880,PU,PU,Non-towered,
11738,FTT,ELTON HENSLEY MEML,FULTON,MO,MISSOURI,38.83811111,-92.00258333,38.83811111,-92.00258333,886.6,PU,PU,Non-towered,
11744,M85,GIDEON MEML,GIDEON,MO,MISSOURI,36.44375583,-89.90383833,36.44375583,-89.90383833,269,PU,PU,Non-towered,
11754,3GV,EAST KANSAS CITY,GRAIN VALLEY,MO,MISSOURI,39.01464119,-94.21485844,39.01464119,-94.21485844,835,PR,PU,Non-towered,
11765,HAE,HANNIBAL RGNL,HANNIBAL,MO,MISSOURI,39.72516666,-91.44386111,39.72516666,-91.44386111,768.9,PU,PU,Non-towered,
11773,LRY,LAWRENCE SMITH MEML,HARRISONVILLE,MO,MISSOURI,38.61019444,-94.34352777,38.61019444,-94.34352777,915.4,PU,PU,Non-towered,
11778.23,63M,HERMANN MUNI,HERMANN,MO,MISSOURI,38.70516805,-91.49055416,38.70516805,-91.49055416,507.5,PU,PU,Non-towered,
11778.61,HIG,HIGGINSVILLE INDUSTRIAL MUNI,HIGGINSVILLE,MO,MISSOURI,39.07244444,-93.67736111,39.07244444,-93.67736111,840,PU,PU,Non-towered,
11785.1,37M,HORNERSVILLE MEML,HORNERSVILLE,MO,MISSOURI,36.04199741,-90.14913438,36.04199741,-90.14913438,248,PU,PU,Non-towered,
11786,M48,HOUSTON MEML,HOUSTON,MO,MISSOURI,37.33022222,-91.97316666,37.33022222,-91.97316666,1195.2,PU,PU,Non-towered,
11808,JEF,JEFFERSON CITY MEML,JEFFERSON CITY,MO,MISSOURI,38.59117361,-92.15614472,38.59117361,-92.15614472,549.4,PU,PU,Towered,
11810,JLN,JOPLIN RGNL,JOPLIN,MO,MISSOURI,37.15316722,-94.4988075,37.15316722,-94.4988075,977.9,PU,PU,Towered,
11814.6,AIZ,LEE C FINE MEML,KAISER/LAKE OZARK,MO,MISSOURI,38.09602777,-92.54947972,38.09602777,-92.54947972,868.8,PU,PU,Non-towered,
11816,MKC,KANSAS CITY DOWNTOWN/WHEELER FLD,KANSAS CITY,MO,MISSOURI,39.122935,-94.59282333,39.122935,-94.59282333,756.9,PU,PU,Towered,
11816.6,MCI,KANSAS CITY INTL,KANSAS CITY,MO,MISSOURI,39.29761111,-94.71388888,39.29761111,-94.71388888,1026.9,PU,PU,Towered,1
11822,TKX,KENNETT MEML,KENNETT,MO,MISSOURI,36.22586194,-90.03664111,36.22586194,-90.03664111,261.8,PU,PU,Non-towered,
11834,IRK,KIRKSVILLE RGNL,KIRKSVILLE,MO,MISSOURI,40.09347222,-92.54491666,40.09347222,-92.54491666,966.3,PU,PU,Non-towered,
11858,LLU,LAMAR MUNI,LAMAR,MO,MISSOURI,37.48597222,-94.312,37.48597222,-94.312,1009.8,PU,PU,Non-towered,
11861,LBO,FLOYD W JONES LEBANON,LEBANON,MO,MISSOURI,37.64832194,-92.65243083,37.64832194,-92.65243083,1320.7,PU,PU,Non-towered,
11861.6,LXT,KANSAS CITY/LEE'S SUMMIT RGNL,LEE'S SUMMIT,MO,MISSOURI,38.95909666,-94.37189472,38.95909666,-94.37189472,1004.1,PU,PU,Non-towered,
11872,0N0,ROOSTERVILLE,LIBERTY,MO,MISSOURI,39.28983333,-94.44244444,39.28983333,-94.44244444,1004,PR,PU,Non-towered,
11873.6,1H3,STATE TECHNICAL COLLEGE OF MISSOURI,LINN,MO,MISSOURI,38.47161111,-91.81722222,38.47161111,-91.81722222,952.6,PU,PU,Non-towered,
11884,K89,MACON-FOWER MEML,MACON,MO,MISSOURI,39.72980555,-92.45672222,39.72980555,-92.45672222,878,PU,PU,Non-towered,
11888,MAW,MALDEN RGNL,MALDEN,MO,MISSOURI,36.59820416,-89.99254861,36.59820416,-89.99254861,295.3,PU,PU,Non-towered,
11891.1,03B,MANSFIELD MUNI,MANSFIELD,MO,MISSOURI,37.12677777,-92.62161111,37.12677777,-92.62161111,1520,PU,PU,Non-towered,
11906,MHL,MARSHALL MEML MUNI,MARSHALL,MO,MISSOURI,39.09547833,-93.20299972,39.09547833,-93.20299972,778.9,PU,PU,Non-towered,
11914,EVU,NORTHWEST MISSOURI RGNL,MARYVILLE,MO,MISSOURI,40.35329122,-94.91663541,40.35329122,-94.91663541,1145.2,PU,PU,Non-towered,
11919.11,03D,MEMPHIS MEML,MEMPHIS,MO,MISSOURI,40.44725,-92.22694444,40.44725,-92.22694444,813.3,PU,PU,Non-towered,
11921,MYJ,MEXICO MEML,MEXICO,MO,MISSOURI,39.15751138,-91.81826416,39.15751138,-91.81826416,822.6,PU,PU,Non-towered,
11930,MBY,OMAR N BRADLEY,MOBERLY,MO,MISSOURI,39.46317027,-92.42589,39.46317027,-92.42589,866.8,PU,PU,Non-towered,
11933.1,HFJ,MONETT RGNL,MONETT,MO,MISSOURI,36.90512944,-94.01416638,36.90512944,-94.01416638,1316.1,PU,PU,Non-towered,
11934.4,K52,CPT BEN SMITH AIRFIELD/MONROE CITY,MONROE CITY,MO,MISSOURI,39.63441083,-91.72699444,39.63441083,-91.72699444,737.1,PU,PU,Non-towered,
11936,6M6,LEWIS COUNTY RGNL,MONTICELLO,MO,MISSOURI,40.12917638,-91.67826944,40.12917638,-91.67826944,675,PU,PU,Non-towered,
11943,GPH,MIDWEST NTL AIR CENTER,MOSBY,MO,MISSOURI,39.33250777,-94.30964805,39.33250777,-94.30964805,777.2,PU,PU,Non-towered,
11944,M71,GREENSFIELD,MOSCOW MILLS,MO,MISSOURI,38.901775,-90.96030555,38.901775,-90.96030555,559,PR,PU,Non-towered,
11953.1,2MO,MOUNT VERNON MUNI,MOUNT VERNON,MO,MISSOURI,37.06839027,-93.88493027,37.06839027,-93.88493027,1244,PU,PU,Non-towered,
11950.11,1MO,MOUNTAIN GROVE MEML,MOUNTAIN GROVE,MO,MISSOURI,37.12086141,-92.31010666,37.12086141,-92.31010666,1476.4,PU,PU,Non-towered,
11951,MNF,MOUNTAIN VIEW,MOUNTAIN VIEW,MO,MISSOURI,36.99283333,-91.71447222,36.99283333,-91.71447222,1182,PU,PU,Non-towered,
11956.1,EOS,NEOSHO HUGH ROBINSON,NEOSHO,MO,MISSOURI,36.81080555,-94.39169444,36.81080555,-94.39169444,1254.6,PU,PU,Non-towered,
11959,NVD,NEVADA MUNI,NEVADA,MO,MISSOURI,37.85247669,-94.30460775,37.85247669,-94.30460775,892,PU,PU,Non-towered,
11969.7,EIW,COUNTY MEML,NEW MADRID,MO,MISSOURI,36.53530555,-89.59972222,36.53530555,-89.59972222,295.8,PU,PU,Non-towered,
11985.8,K15,GRAND GLAIZE-OSAGE BEACH,OSAGE BEACH,MO,MISSOURI,38.11044361,-92.68055805,38.11044361,-92.68055805,876.3,PU,PU,Non-towered,
12005,PCD,PERRYVILLE RGNL,PERRYVILLE,MO,MISSOURI,37.86866666,-89.86213888,37.86866666,-89.86213888,371.7,PU,PU,Non-towered,
12007.11,PYN,PIEDMONT MUNI,PIEDMONT,MO,MISSOURI,37.1261375,-90.71352861,37.1261375,-90.71352861,466.4,PU,PU,Non-towered,
12023,POF,POPLAR BLUFF RGNL BUSINESS,POPLAR BLUFF,MO,MISSOURI,36.77393527,-90.32485277,36.77393527,-90.32485277,330.8,PU,PU,Non-towered,
12029.01,8WC,WASHINGTON COUNTY,POTOSI,MO,MISSOURI,37.92919525,-90.73148402,37.92919525,-90.73148402,959.3,PU,PU,Non-towered,
12049,MO1,RICHLAND MUNI,RICHLAND,MO,MISSOURI,37.87488888,-92.40805555,37.87488888,-92.40805555,1110,PU,PU,Non-towered,
12056.11,K07,ROLLA DOWNTOWN,ROLLA,MO,MISSOURI,37.93565222,-91.8135475,37.93565222,-91.8135475,987,PR,PU,Non-towered,
12056.1,VIH,ROLLA NTL,ROLLA/VICHY,MO,MISSOURI,38.12742944,-91.76951388,38.12742944,-91.76951388,1147.8,PU,PU,Non-towered,
12093.1,K33,SALEM MEML,SALEM,MO,MISSOURI,37.61522222,-91.60444444,37.61522222,-91.60444444,1241.2,PU,PU,Non-towered,
12107.2,DMO,SEDALIA RGNL,SEDALIA,MO,MISSOURI,38.70741666,-93.17591666,38.70741666,-93.17591666,909.7,PU,PU,Non-towered,
12125,SIK,SIKESTON MEML MUNI,SIKESTON,MO,MISSOURI,36.89888888,-89.56175,36.89888888,-89.56175,314.8,PU,PU,Non-towered,
12136,3DW,DOWNTOWN,SPRINGFIELD,MO,MISSOURI,37.22270555,-93.24834861,37.22270555,-93.24834861,1375,PR,PU,Non-towered,
12138,SGF,SPRINGFIELD-BRANSON NTL,SPRINGFIELD,MO,MISSOURI,37.24566138,-93.38862694,37.24566138,-93.38862694,1268.3,PU,PU,Towered,
12061,SET,ST CHARLES COUNTY RGNL/SMARTT FLD,ST CHARLES,MO,MISSOURI,38.92969444,-90.42997222,38.92969444,-90.42997222,436.7,PU,PU,Non-towered,
12074,STJ,ROSECRANS MEML,ST JOSEPH,MO,MISSOURI,39.77194444,-94.90970555,39.77194444,-94.90970555,826.5,PU,PU,Towered,
12082.21,1H0,CREVE COEUR,ST LOUIS,MO,MISSOURI,38.72733333,-90.50841666,38.72733333,-90.50841666,462.3,PR,PU,Non-towered,
12082.5,SUS,SPIRIT OF ST LOUIS,ST LOUIS,MO,MISSOURI,38.66211722,-90.65204666,38.66211722,-90.65204666,463.3,PU,PU,Towered,
12077,STL,ST LOUIS LAMBERT INTL,ST LOUIS,MO,MISSOURI,38.74869822,-90.37002572,38.74869822,-90.37002572,617.3,PU,PU,Towered,1
12143,M12,STEELE MUNI,STEELE,MO,MISSOURI,36.09561111,-89.85947222,36.09561111,-89.85947222,259.2,PU,PU,Non-towered,
12146.8,MO3,STOCKTON LAKE,STOCKTON,MO,MISSOURI,37.66027777,-93.81683333,37.66027777,-93.81683333,1042.5,PU,PU,Non-towered,
12151.01,UUV,SULLIVAN RGNL,SULLIVAN,MO,MISSOURI,38.23347222,-91.16427777,38.23347222,-91.16427777,933,PU,PU,Non-towered,
12155,K57,GOULD PETERSON MUNI,TARKIO,MO,MISSOURI,40.44548916,-95.36730638,40.44548916,-95.36730638,915.6,PU,PU,Non-towered,
12157.7,42M,THAYER MEML,THAYER,MO,MISSOURI,36.52228444,-91.57198694,36.52228444,-91.57198694,808,PU,PU,Non-towered,
12160.1,TRX,TRENTON MUNI,TRENTON,MO,MISSOURI,40.08352777,-93.59063888,40.08352777,-93.59063888,757.5,PU,PU,Non-towered,
12177.1,K43,UNIONVILLE MUNI,UNIONVILLE,MO,MISSOURI,40.54022222,-93.02552777,40.54022222,-93.02552777,1045,PU,PU,Non-towered,
12182.81,MO5,BOLLINGER-CRASS MEML,VAN BUREN,MO,MISSOURI,37.00938888,-91.00688888,37.00938888,-91.00688888,652,PU,PU,Non-towered,
12185.01,3VS,ROY OTTEN MEML AIRFIELD,VERSAILLES,MO,MISSOURI,38.42827222,-92.87526388,38.42827222,-92.87526388,1027,PU,PU,Non-towered,
12193,RCM,SKYHAVEN,WARRENSBURG,MO,MISSOURI,38.78417111,-93.80285416,38.78417111,-93.80285416,797.9,PU,PU,Non-towered,
12203,RAW,WARSAW MUNI,WARSAW,MO,MISSOURI,38.34784722,-93.3453875,38.34784722,-93.3453875,936.1,PU,PU,Non-towered,
12204,FYG,WASHINGTON RGNL,WASHINGTON,MO,MISSOURI,38.58758333,-90.99380555,38.58758333,-90.99380555,487.7,PU,PU,Non-towered,
12223.3,UNO,WEST PLAINS RGNL,WEST PLAINS,MO,MISSOURI,36.87842305,-91.90267444,36.87842305,-91.90267444,1228.3,PU,PU,Non-towered,
12229,1H5,WILLOW SPRINGS MEML,WILLOW SPRINGS,MO,MISSOURI,36.98961805,-91.95407638,36.98961805,-91.95407638,1247,PU,PU,Non-towered,
11121,M40,MONROE COUNTY,ABERDEEN/AMORY,MS,MISSISSIPPI,33.87375,-88.48966666,33.87375,-88.48966666,225.8,PU,PU,Non-towered,
11122.5,9M4,ACKERMAN CHOCTAW COUNTY,ACKERMAN,MS,MISSISSIPPI,33.3034575,-89.22840027,33.3034575,-89.22840027,552,PU,PU,Non-towered,
11135.1,PMU,PANOLA COUNTY,BATESVILLE,MS,MISSISSIPPI,34.3635,-89.89288888,34.3635,-89.89288888,221.1,PU,PU,Non-towered,
11141,00M,THIGPEN FLD,BAY SPRINGS,MS,MISSISSIPPI,31.95375,-89.23533333,31.95375,-89.23533333,351,PU,PU,Non-towered,
11140.1,HSA,STENNIS INTL,BAY ST LOUIS,MS,MISSISSIPPI,30.36780472,-89.4546125,30.36780472,-89.4546125,22.8,PU,PU,Towered,
11142.4,01M,TISHOMINGO COUNTY,BELMONT,MS,MISSISSIPPI,34.49179138,-88.2012025,34.49179138,-88.2012025,584,PU,PU,Non-towered,
11143.3,1M2,BELZONI MUNI,BELZONI,MS,MISSISSIPPI,33.14518055,-90.51528472,33.14518055,-90.51528472,110,PU,PU,Non-towered,
11152,8M1,BOONEVILLE/BALDWYN,BOONEVILLE/BALDWYN,MS,MISSISSIPPI,34.59186111,-88.6485,34.59186111,-88.6485,392.2,PU,PU,Non-towered,
11154,1R7,BROOKHAVEN-LINCOLN COUNTY,BROOKHAVEN,MS,MISSISSIPPI,31.60583333,-90.40930555,31.60583333,-90.40930555,492.3,PU,PU,Non-towered,
11174.11,08M,CARTHAGE-LEAKE COUNTY,CARTHAGE,MS,MISSISSIPPI,32.76158333,-89.53038888,32.76158333,-89.53038888,457,PU,PU,Non-towered,
11179.1,09M,CHARLESTON MUNI,CHARLESTON,MS,MISSISSIPPI,33.99136111,-90.07855555,33.99136111,-90.07855555,175,PU,PU,Non-towered,
11181,CKM,FLETCHER FLD,CLARKSDALE,MS,MISSISSIPPI,34.29972222,-90.51230555,34.29972222,-90.51230555,173.3,PU,PU,Non-towered,
11183,RNV,CLEVELAND MUNI,CLEVELAND,MS,MISSISSIPPI,33.76252777,-90.75794444,33.76252777,-90.75794444,140,PU,PU,Non-towered,
11191,0R0,COLUMBIA/MARION COUNTY,COLUMBIA,MS,MISSISSIPPI,31.29784638,-89.81148694,31.29784638,-89.81148694,270.2,PU,PU,Non-towered,
11194.5,UBS,COLUMBUS-LOWNDES COUNTY,COLUMBUS,MS,MISSISSIPPI,33.46533333,-88.38075,33.46533333,-88.38075,188.1,PU,PU,Non-towered,
11194.51,GTR,GOLDEN TRIANGLE RGNL,COLUMBUS/W POINT/STARKVILLE,MS,MISSISSIPPI,33.44827777,-88.59138888,33.44827777,-88.59138888,264,PU,PU,Towered,
11197,CRX,ROSCOE TURNER,CORINTH,MS,MISSISSIPPI,34.91496722,-88.60348444,34.91496722,-88.60348444,425.3,PU,PU,Non-towered,
11199.5,C71,CROSBY MUNI,CROSBY,MS,MISSISSIPPI,31.29640138,-91.0525375,31.29640138,-91.0525375,336,PU,PU,Non-towered,
11201.1,M11,COPIAH COUNTY,CRYSTAL SPRINGS,MS,MISSISSIPPI,31.90244444,-90.36675,31.90244444,-90.36675,435.4,PU,PU,Non-towered,
11203.5,66Y,DIAMONDHEAD,DIAMONDHEAD,MS,MISSISSIPPI,30.36297944,-89.38765416,30.36297944,-89.38765416,14,PR,PU,Non-towered,
11204.2,M37,RULEVILLE-DREW,DREW,MS,MISSISSIPPI,33.77639166,-90.52500833,33.77639166,-90.52500833,137,PU,PU,Non-towered,
11219.1,06M,EUPORA,EUPORA,MS,MISSISSIPPI,33.53483333,-89.31311111,33.53483333,-89.31311111,450,PU,PU,Non-towered,
11231.1,2M4,G V MONTGOMERY,FOREST,MS,MISSISSIPPI,32.35494444,-89.48816666,32.35494444,-89.48816666,518.3,PU,PU,Non-towered,
11244,GLH,GREENVILLE MID-DELTA,GREENVILLE,MS,MISSISSIPPI,33.48524827,-90.98448591,33.48524827,-90.98448591,130.5,PU,PU,Towered,
11247,GWO,GREENWOOD-LEFLORE,GREENWOOD,MS,MISSISSIPPI,33.49330894,-90.08667741,33.49330894,-90.08667741,162,PU,PU,Towered,
11249,GNF,GRENADA MUNI,GRENADA,MS,MISSISSIPPI,33.83244444,-89.79816666,33.83244444,-89.79816666,207.9,PU,PU,Non-towered,
11253,GPT,GULFPORT-BILOXI INTL,GULFPORT,MS,MISSISSIPPI,30.40726916,-89.07009583,30.40726916,-89.07009583,28,PU,PU,Towered,
11255,HBG,HATTIESBURG BOBBY L CHAIN MUNI,HATTIESBURG,MS,MISSISSIPPI,31.26494444,-89.25288888,31.26494444,-89.25288888,150.8,PU,PU,Non-towered,
11255.1,PIB,HATTIESBURG/LAUREL RGNL,HATTIESBURG-LAUREL,MS,MISSISSIPPI,31.46714638,-89.3370575,31.46714638,-89.3370575,297.6,PU,PU,Non-towered,
11258,MS9,EAGLES RIDGE,HERNANDO,MS,MISSISSIPPI,34.79643055,-89.91322222,34.79643055,-89.91322222,262,PR,PU,Non-towered,
11266.3,14M,HOLLANDALE MUNI,HOLLANDALE,MS,MISSISSIPPI,33.18251488,-90.83049347,33.18251488,-90.83049347,113.5,PU,PU,Non-towered,
11267.1,M41,HOLLY SPRINGS-MARSHALL COUNTY,HOLLY SPRINGS,MS,MISSISSIPPI,34.80436111,-89.52111111,34.80436111,-89.52111111,551.3,PU,PU,Non-towered,
11270,M44,HOUSTON MUNI,HOUSTON,MS,MISSISSIPPI,33.88649444,-89.022975,33.88649444,-89.022975,337.2,PU,PU,Non-towered,
11274,IDL,INDIANOLA MUNI,INDIANOLA,MS,MISSISSIPPI,33.48572222,-90.67888888,33.48572222,-90.67888888,126,PU,PU,Non-towered,
11276,15M,SEGARS FLD,IUKA,MS,MISSISSIPPI,34.77333333,-88.16608333,34.77333333,-88.16608333,625.9,PU,PU,Non-towered,
11282,HKS,HAWKINS FLD,JACKSON,MS,MISSISSIPPI,32.33477777,-90.22252777,32.33477777,-90.22252777,341.3,PU,PU,Towered,
11280,JAN,JACKSON-MEDGAR WILEY EVERS INTL,JACKSON,MS,MISSISSIPPI,32.31116666,-90.07588888,32.31116666,-90.07588888,346.4,PU,PU,Towered,
11287,OSX,KOSCIUSKO-ATTALA COUNTY,KOSCIUSKO,MS,MISSISSIPPI,33.09025,-89.54202777,33.09025,-89.54202777,494.4,PU,PU,Non-towered,
11288,LUL,HESLER/NOBLE FLD,LAUREL,MS,MISSISSIPPI,31.67302777,-89.17280555,31.67302777,-89.17280555,238.3,PU,PU,Non-towered,
11299.51,19M,C A MOORE,LEXINGTON,MS,MISSISSIPPI,33.12546111,-90.02555694,33.12546111,-90.02555694,340,PU,PU,Non-towered,
11304.1,LMS,LOUISVILLE/WINSTON COUNTY,LOUISVILLE,MS,MISSISSIPPI,33.14598833,-89.06244833,33.14598833,-89.06244833,574.5,PU,PU,Non-towered,
11319.2,4R1,I H BASS JR MEML,LUMBERTON,MS,MISSISSIPPI,31.01533333,-89.48255555,31.01533333,-89.48255555,310,PU,PU,Non-towered,
11321.1,20M,MACON MUNI,MACON,MS,MISSISSIPPI,33.13372222,-88.536,33.13372222,-88.536,238,PU,PU,Non-towered,
11323,MBO,BRUCE CAMPBELL FLD,MADISON,MS,MISSISSIPPI,32.43866666,-90.10311111,32.43866666,-90.10311111,325.1,PU,PU,Non-towered,
11324.2,17M,MAGEE MUNI,MAGEE,MS,MISSISSIPPI,31.862765,-89.80061444,31.862765,-89.80061444,555.8,PU,PU,Non-towered,
11327.2,MMS,SELFS,MARKS,MS,MISSISSIPPI,34.23144444,-90.28955555,34.23144444,-90.28955555,161.7,PU,PU,Non-towered,
11333.1,MCB,MC COMB/PIKE COUNTY/JOHN E LEWIS FLD,MC COMB,MS,MISSISSIPPI,31.17844444,-90.47186111,31.17844444,-90.47186111,413.2,PU,PU,Non-towered,
11339,MEI,KEY FLD,MERIDIAN,MS,MISSISSIPPI,32.33286166,-88.75157222,32.33286166,-88.75157222,297.8,PU,PU,Towered,
11358,HEZ,HARDY-ANDERS FLD/NATCHEZ-ADAMS COUNTY,NATCHEZ,MS,MISSISSIPPI,31.61366111,-91.29733555,31.61366111,-91.29733555,272.4,PU,PU,Non-towered,
11360.1,M72,NEW ALBANY/UNION COUNTY,NEW ALBANY,MS,MISSISSIPPI,34.54900972,-89.02443611,34.54900972,-89.02443611,412.7,PU,PU,Non-towered,
11363,M23,JAMES H EASOM FLD,NEWTON,MS,MISSISSIPPI,32.31200694,-89.13565,32.31200694,-89.13565,370,PU,PU,Non-towered,
11367,5R2,OCEAN SPRINGS,OCEAN SPRINGS,MS,MISSISSIPPI,30.38944444,-88.75344444,30.38944444,-88.75344444,20,PR,PU,Non-towered,
11368.01,5A4,OKOLONA MUNI/RICHARD STOVALL FLD,OKOLONA,MS,MISSISSIPPI,34.01580555,-88.72619444,34.01580555,-88.72619444,337,PU,PU,Non-towered,
11368.6,OLV,OLIVE BRANCH/TAYLOR FLD,OLIVE BRANCH,MS,MISSISSIPPI,34.97875,-89.78686111,34.97875,-89.78686111,401.5,PU,PU,Towered,
11375.1,UOX,UNIVERSITY-OXFORD,OXFORD,MS,MISSISSIPPI,34.38433333,-89.53680555,34.38433333,-89.53680555,452,PU,PU,Non-towered,
11379.01,PQL,TRENT LOTT INTL,PASCAGOULA,MS,MISSISSIPPI,30.46277194,-88.52922861,30.46277194,-88.52922861,16.8,PU,PU,Towered,
11387.1,MPE,PHILADELPHIA MUNI,PHILADELPHIA,MS,MISSISSIPPI,32.79921202,-89.12599719,32.79921202,-89.12599719,458.2,PU,PU,Non-towered,
11393.11,MJD,PICAYUNE MUNI,PICAYUNE,MS,MISSISSIPPI,30.48747222,-89.65119444,30.48747222,-89.65119444,55.3,PU,PU,Non-towered,
11395,04M,CALHOUN COUNTY,PITTSBORO,MS,MISSISSIPPI,33.93008333,-89.34327777,33.93008333,-89.34327777,387,PU,PU,Non-towered,
11400.1,22M,PONTOTOC COUNTY,PONTOTOC,MS,MISSISSIPPI,34.27555555,-89.03802777,34.27555555,-89.03802777,440,PU,PU,Non-towered,
11403.03,M13,POPLARVILLE/PEARL RIVER COUNTY,POPLARVILLE,MS,MISSISSIPPI,30.78657638,-89.5045375,30.78657638,-89.5045375,318.9,PU,PU,Non-towered,
11413.11,M43,PRENTISS-JEFFERSON DAVIS COUNTY,PRENTISS,MS,MISSISSIPPI,31.59530555,-89.90644444,31.59530555,-89.90644444,454.6,PU,PU,Non-towered,
11413.6,23M,CLARKE COUNTY,QUITMAN,MS,MISSISSIPPI,32.0859545,-88.73902519,32.0859545,-88.73902519,321.3,PU,PU,Non-towered,
11414,JVW,JOHN BELL WILLIAMS,RAYMOND,MS,MISSISSIPPI,32.30447222,-90.41052777,32.30447222,-90.41052777,247,PU,PU,Non-towered,
11414.5,M59,RICHTON-PERRY COUNTY,RICHTON,MS,MISSISSIPPI,31.31703194,-88.9348625,31.31703194,-88.9348625,167,PU,PU,Non-towered,
11415.1,25M,RIPLEY,RIPLEY,MS,MISSISSIPPI,34.72272222,-89.01469444,34.72272222,-89.01469444,466.9,PU,PU,Non-towered,
11444,STF,GEORGE M BRYAN,STARKVILLE,MS,MISSISSIPPI,33.43311111,-88.84861111,33.43311111,-88.84861111,332.6,PU,PU,Non-towered,
11458.1,30M,RALPH M SHARPE,TUNICA,MS,MISSISSIPPI,34.65908333,-90.37622222,34.65908333,-90.37622222,195,PR,PU,Non-towered,
11458.2,UTA,TUNICA MUNI,TUNICA,MS,MISSISSIPPI,34.68505555,-90.34777777,34.68505555,-90.34777777,194.4,PU,PU,Non-towered,
11462,TUP,TUPELO RGNL,TUPELO,MS,MISSISSIPPI,34.269,-88.76988888,34.269,-88.76988888,346.5,PU,PU,Towered,
11465.1,T36,PAUL PITTMAN MEML,TYLERTOWN,MS,MISSISSIPPI,31.14560472,-90.16790722,31.14560472,-90.16790722,384.2,PU,PU,Non-towered,
11475,VKS,VICKSBURG MUNI,VICKSBURG,MS,MISSISSIPPI,32.239145,-90.928195,32.239145,-90.928195,107,PU,PU,Non-towered,
11480.5,33M,WATER VALLEY MUNI,WATER VALLEY,MS,MISSISSIPPI,34.16786111,-89.68488888,34.16786111,-89.68488888,269.9,PU,PU,Non-towered,
11481.1,2R0,WAYNESBORO MUNI,WAYNESBORO,MS,MISSISSIPPI,31.64355388,-88.635095,31.64355388,-88.635095,168.5,PU,PU,Non-towered,
11485.1,M83,MCCHAREN FLD,WEST POINT,MS,MISSISSIPPI,33.58402777,-88.66669444,33.58402777,-88.66669444,205.2,PU,PU,Non-towered,
11489.1,M24,DEAN GRIFFIN MEML,WIGGINS,MS,MISSISSIPPI,30.843,-89.1615,30.843,-89.1615,273,PU,PU,Non-towered,
11492,5A6,WINONA-MONTGOMERY COUNTY,WINONA,MS,MISSISSIPPI,33.46498777,-89.7302175,33.46498777,-89.7302175,363.8,PU,PU,Non-towered,
11498.1,87I,YAZOO COUNTY,YAZOO CITY,MS,MISSISSIPPI,32.88348416,-90.46398972,32.88348416,-90.46398972,104.6,PU,PU,Non-towered,
12243,3U3,BOWMAN FLD,ANACONDA,MT,MONTANA,46.1534145,-112.8677346,46.1534145,-112.8677346,5034.2,PU,PU,Non-towered,
12256.6,3U7,BENCHMARK,AUGUSTA,MT,MONTANA,47.48202777,-112.8723056,47.48202777,-112.8723056,5434,PU,PU,Non-towered,
12253,BHK,BAKER MUNI,BAKER,MT,MONTANA,46.34661111,-104.2581111,46.34661111,-104.2581111,2980.7,PU,PU,Non-towered,
12259,3U8,BIG SANDY,BIG SANDY,MT,MONTANA,48.16343586,-110.1142839,48.16343586,-110.1142839,2698.5,PU,PU,Non-towered,
12262,6S0,BIG TIMBER AT HOWARD FLD,BIG TIMBER,MT,MONTANA,45.80647725,-109.9782566,45.80647725,-109.9782566,4493.9,PU,PU,Non-towered,
12265,BIL,BILLINGS LOGAN INTL,BILLINGS,MT,MONTANA,45.80784913,-108.5435436,45.80784913,-108.5435436,3662.3,PU,PU,Towered,
12278,BZN,BOZEMAN YELLOWSTONE INTL,BOZEMAN,MT,MONTANA,45.77723577,-111.1502603,45.77723577,-111.1502603,4473.4,PU,PU,Towered,
12279,6S1,BRIDGER MUNI,BRIDGER,MT,MONTANA,45.29161388,-108.9256989,45.29161388,-108.9256989,3720,PU,PU,Non-towered,
12280.12,00F,BROADUS,BROADUS,MT,MONTANA,45.47047222,-105.4571389,45.47047222,-105.4571389,3282,PU,PU,Non-towered,
12283.1,8S0,STARR-BROWNING AIRSTRIP,BROWNING,MT,MONTANA,48.601,-113.1153056,48.601,-113.1153056,4656.5,PU,PU,Non-towered,
12286,BTM,BERT MOONEY,BUTTE,MT,MONTANA,45.95480555,-112.4974722,45.95480555,-112.4974722,5550.5,PU,PU,Non-towered,
12293,LTY,LIBERTY COUNTY,CHESTER,MT,MONTANA,48.51072222,-110.9908639,48.51072222,-110.9908639,3184.8,PU,PU,Non-towered,
12295.1,S71,EDGAR G OBIE,CHINOOK,MT,MONTANA,48.59211111,-109.2506111,48.59211111,-109.2506111,2416,PU,PU,Non-towered,
12296,CII,CHOTEAU,CHOTEAU,MT,MONTANA,47.82834777,-112.1683358,47.82834777,-112.1683358,3946.6,PU,PU,Non-towered,
12298,4U6,CIRCLE TOWN COUNTY,CIRCLE,MT,MONTANA,47.41833333,-105.5608889,47.41833333,-105.5608889,2441.4,PU,PU,Non-towered,
12303.1,M46,COLSTRIP,COLSTRIP,MT,MONTANA,45.85283333,-106.7092778,45.85283333,-106.7092778,3427.6,PU,PU,Non-towered,
12304,6S3,WOLTERMANN MEML,COLUMBUS,MT,MONTANA,45.63052388,-109.239215,45.63052388,-109.239215,3577.6,PU,PU,Non-towered,
12308,S01,CONRAD,CONRAD,MT,MONTANA,48.16827777,-111.9764444,48.16827777,-111.9764444,3547.9,PU,PU,Non-towered,
12311,S85,BIG SKY FLD,CULBERTSON,MT,MONTANA,48.15355972,-104.5040556,48.15355972,-104.5040556,1953,PU,PU,Non-towered,
12315,CTB,CUT BANK INTL,CUT BANK,MT,MONTANA,48.60835475,-112.3761508,48.60835475,-112.3761508,3857.8,PU,PU,Non-towered,
12318,38S,DEER LODGE-CITY-COUNTY,DEER LODGE,MT,MONTANA,46.38783333,-112.7649444,46.38783333,-112.7649444,4692.7,PU,PU,Non-towered,
12322,4U9,DELL FLIGHT STRIP,DELL,MT,MONTANA,44.73575,-112.7196944,44.73575,-112.7196944,6007,PU,PU,Non-towered,
12324,DLN,DILLON,DILLON,MT,MONTANA,45.25536111,-112.5525,45.25536111,-112.5525,5244.7,PU,PU,Non-towered,
12340.02,97M,EKALAKA,EKALAKA,MT,MONTANA,45.87648533,-104.5375713,45.87648533,-104.5375713,3504.9,PU,PU,Non-towered,
12342.02,EKS,ENNIS BIG SKY,ENNIS,MT,MONTANA,45.27572472,-111.6489156,45.27572472,-111.6489156,5432.6,PU,PU,Non-towered,
12344.1,88M,EUREKA,EUREKA,MT,MONTANA,48.96841666,-115.0794167,48.96841666,-115.0794167,2671.5,PU,PU,Non-towered,
12344.5,5U5,FAIRFIELD,FAIRFIELD,MT,MONTANA,47.63383333,-111.9811944,47.63383333,-111.9811944,3991,PU,PU,Non-towered,
12357,1S3,TILLITT FLD,FORSYTH,MT,MONTANA,46.27115077,-106.6239021,46.27115077,-106.6239021,2729.3,PU,PU,Non-towered,
12360,79S,FORT BENTON,FORT BENTON,MT,MONTANA,47.84418888,-110.6368611,47.84418888,-110.6368611,2868.8,PU,PU,Non-towered,
12363.2,5U7,FORT SMITH LANDING STRIP,FORT SMITH,MT,MONTANA,45.3207925,-107.9312219,45.3207925,-107.9312219,3242,PU,PU,Non-towered,
12368,29S,GARDINER,GARDINER,MT,MONTANA,45.04993555,-110.7466008,45.04993555,-110.7466008,5286,PU,PU,Non-towered,
12370,5U8,GERALDINE,GERALDINE,MT,MONTANA,47.596455,-110.2659133,47.596455,-110.2659133,3185.4,PU,PU,Non-towered,
12375,GGW,WOKAL FLD/GLASGOW-VALLEY COUNTY,GLASGOW,MT,MONTANA,48.21244444,-106.6148056,48.21244444,-106.6148056,2295.9,PU,PU,Non-towered,
12378.1,GDV,DAWSON COMMUNITY,GLENDIVE,MT,MONTANA,47.13872222,-104.8072222,47.13872222,-104.8072222,2458.3,PU,PU,Non-towered,
12381,GTF,GREAT FALLS INTL,GREAT FALLS,MT,MONTANA,47.48229927,-111.3702794,47.48229927,-111.3702794,3680,PU,PU,Towered,
12384,HRF,RAVALLI COUNTY,HAMILTON,MT,MONTANA,46.25716588,-114.1238431,46.25716588,-114.1238431,3635.6,PU,PU,Non-towered,
12384.01,M62,ROTORCRAFT,HAMILTON,MT,MONTANA,46.20666666,-114.1530556,46.20666666,-114.1530556,3630,PR,PU,Non-towered,
12385.2,00U,BIG HORN COUNTY,HARDIN,MT,MONTANA,45.74438888,-107.6604444,45.74438888,-107.6604444,3025.3,PU,PU,Non-towered,
12390.1,U09,FORT BELKNAP AGENCY,HARLEM,MT,MONTANA,48.48110777,-108.7690458,48.48110777,-108.7690458,2374,PR,PU,Non-towered,
12390,48S,HARLEM,HARLEM,MT,MONTANA,48.56629455,-108.7740362,48.56629455,-108.7740362,2643,PU,PU,Non-towered,
12393,HWQ,WHEATLAND COUNTY AT HARLOWTON,HARLOWTON,MT,MONTANA,46.44861111,-109.8527778,46.44861111,-109.8527778,4311.9,PU,PU,Non-towered,
12399,HVR,HAVRE CITY-COUNTY,HAVRE,MT,MONTANA,48.54298472,-109.7623422,48.54298472,-109.7623422,2591.3,PU,PU,Non-towered,
12402,HLN,HELENA RGNL,HELENA,MT,MONTANA,46.60672222,-111.9832778,46.60672222,-111.9832778,3877.3,PU,PU,Towered,
12403.5,S09,HOT SPRINGS,HOT SPRINGS,MT,MONTANA,47.61243722,-114.6134628,47.61243722,-114.6134628,2763,PU,PU,Non-towered,
12404.4,6U7,HYSHAM,HYSHAM,MT,MONTANA,46.29347222,-107.1933056,46.29347222,-107.1933056,2624,PU,PU,Non-towered,
12408,JDN,JORDAN,JORDAN,MT,MONTANA,47.32875,-106.9526944,47.32875,-106.9526944,2667,PU,PU,Non-towered,
12418,GPI,GLACIER PARK INTL,KALISPELL,MT,MONTANA,48.3105,-114.256,48.3105,-114.256,2976.8,PU,PU,Towered,
12417,S27,KALISPELL CITY,KALISPELL,MT,MONTANA,48.17856944,-114.3037408,48.17856944,-114.3037408,2932,PU,PU,Non-towered,
12422,6S8,LAUREL MUNI,LAUREL,MT,MONTANA,45.70517822,-108.7607711,45.70517822,-108.7607711,3542.6,PU,PU,Non-towered,
12426,LWT,LEWISTOWN MUNI,LEWISTOWN,MT,MONTANA,47.04925,-109.4666944,47.04925,-109.4666944,4170.4,PU,PU,Non-towered,
12429.11,S59,LIBBY,LIBBY,MT,MONTANA,48.28383333,-115.4902222,48.28383333,-115.4902222,2605.3,PU,PU,Non-towered,
12430.1,S69,LINCOLN,LINCOLN,MT,MONTANA,46.9547025,-112.6502169,46.9547025,-112.6502169,4602.8,PU,PU,Non-towered,
12433,LVM,MISSION FLD,LIVINGSTON,MT,MONTANA,45.69941666,-110.4480278,45.69941666,-110.4480278,4659.4,PU,PU,Non-towered,
12438.1,M75,MALTA,MALTA,MT,MONTANA,48.36694444,-107.9193333,48.36694444,-107.9193333,2253.8,PU,PU,Non-towered,
12450,MLS,FRANK WILEY FLD,MILES CITY,MT,MONTANA,46.42688638,-105.8882253,46.42688638,-105.8882253,2634.1,PU,PU,Non-towered,
12453,MSO,MISSOULA MONTANA,MISSOULA,MT,MONTANA,46.91630555,-114.0905556,46.91630555,-114.0905556,3205.6,PU,PU,Towered,
12467,U05,RIDDICK FLD,PHILIPSBURG,MT,MONTANA,46.31735308,-113.3051506,46.31735308,-113.3051506,5219,PU,PU,Non-towered,
12468,S34,PLAINS,PLAINS,MT,MONTANA,47.47355583,-114.9070814,47.47355583,-114.9070814,2467,PU,PU,Non-towered,
12470,PWD,SHER-WOOD,PLENTYWOOD,MT,MONTANA,48.79051555,-104.5237383,48.79051555,-104.5237383,2263.9,PU,PU,Non-towered,
12474,8S1,POLSON,POLSON,MT,MONTANA,47.69544444,-114.1852778,47.69544444,-114.1852778,2940.8,PU,PU,Non-towered,
12478.02,PO1,POPLAR MUNI,POPLAR,MT,MONTANA,48.13441666,-105.1621389,48.13441666,-105.1621389,2037.1,PU,PU,Non-towered,
12483,RED,RED LODGE,RED LODGE,MT,MONTANA,45.18483333,-109.2577097,45.18483333,-109.2577097,5762,PU,PU,Non-towered,
12485,7S0,RONAN,RONAN,MT,MONTANA,47.56716666,-114.1010833,47.56716666,-114.1010833,3086,PU,PU,Non-towered,
12489,RPX,ROUNDUP,ROUNDUP,MT,MONTANA,46.475,-108.5434167,46.475,-108.5434167,3490.3,PU,PU,Non-towered,
12495,9S2,SCOBEY,SCOBEY,MT,MONTANA,48.80772222,-105.4394722,48.80772222,-105.4394722,2434,PU,PU,Non-towered,
12499,SBX,SHELBY,SHELBY,MT,MONTANA,48.54069444,-111.87125,48.54069444,-111.87125,3442.9,PU,PU,Non-towered,
12503,SDY,SIDNEY-RICHLAND RGNL,SIDNEY,MT,MONTANA,47.70686111,-104.1925556,47.70686111,-104.1925556,1985.3,PU,PU,Non-towered,
12491.3,52S,ST IGNATIUS,ST IGNATIUS,MT,MONTANA,47.325,-114.0808333,47.325,-114.0808333,3006,PU,PU,Non-towered,
12512,S64,STANFORD/BIGGERSTAFF FLD,STANFORD,MT,MONTANA,47.14686305,-110.2300456,47.14686305,-110.2300456,4327.6,PU,PU,Non-towered,
12513,32S,STEVENSVILLE,STEVENSVILLE,MT,MONTANA,46.52511111,-114.0528056,46.52511111,-114.0528056,3613.5,PU,PU,Non-towered,
12516.1,9S4,MINERAL COUNTY,SUPERIOR,MT,MONTANA,47.16825944,-114.8537411,47.16825944,-114.8537411,2787,PU,PU,Non-towered,
12523,8U6,TERRY,TERRY,MT,MONTANA,46.77713888,-105.3131111,46.77713888,-105.3131111,2283,PU,PU,Non-towered,
12525,THM,THOMPSON FALLS,THOMPSON FALLS,MT,MONTANA,47.57349777,-115.2806561,47.57349777,-115.2806561,2467.1,PU,PU,Non-towered,
12529,9S5,THREE FORKS,THREE FORKS,MT,MONTANA,45.87811111,-111.5694444,45.87811111,-111.5694444,4089.4,PU,PU,Non-towered,
12531,8U8,BROADWATER COUNTY,TOWNSEND,MT,MONTANA,46.33123194,-111.4825861,46.33123194,-111.4825861,3897.2,PU,PU,Non-towered,
12534,57S,TROY,TROY,MT,MONTANA,48.48022055,-115.9035067,48.48022055,-115.9035067,2017,PU,PU,Non-towered,
12535,9U0,TURNER,TURNER,MT,MONTANA,48.85032027,-108.4037478,48.85032027,-108.4037478,3051.2,PU,PU,Non-towered,
12537,RVF,RUBY VALLEY FLD,TWIN BRIDGES,MT,MONTANA,45.53541666,-112.3022778,45.53541666,-112.3022778,4788.7,PU,PU,Non-towered,
12549.1,WYS,YELLOWSTONE,WEST YELLOWSTONE,MT,MONTANA,44.68838888,-111.1176389,44.68838888,-111.1176389,6649,PU,PU,Non-towered,
12558.1,7S6,WHITE SULPHUR SPRINGS,WHITE SULPHUR SPRINGS,MT,MONTANA,46.49557861,-110.9119175,46.49557861,-110.9119175,5065.4,PU,PU,Non-towered,
12573,OLF,L M CLAYTON,WOLF POINT,MT,MONTANA,48.0945,-105.5750556,48.0945,-105.5750556,1988.5,PU,PU,Non-towered,
16499.3,ASJ,TRI-COUNTY AT HENRY JOYNER FLD,AHOSKIE,NC,NORTH CAROLINA,36.29752638,-77.17085277,36.29752638,-77.17085277,66.6,PU,PU,Non-towered,
16503,VUJ,STANLY COUNTY,ALBEMARLE,NC,NORTH CAROLINA,35.41669388,-80.15079111,35.41669388,-80.15079111,609,PU,PU,Towered,
16506,RHP,WESTERN CAROLINA RGNL,ANDREWS,NC,NORTH CAROLINA,35.19522972,-83.86303861,35.19522972,-83.86303861,1698.7,PU,PU,Non-towered,
16515.3,HBI,ASHEBORO RGNL,ASHEBORO,NC,NORTH CAROLINA,35.654525,-79.89473722,35.654525,-79.89473722,670.8,PU,PU,Non-towered,
16517.5,AVL,ASHEVILLE RGNL,ASHEVILLE,NC,NORTH CAROLINA,35.43611305,-82.5420475,35.43611305,-82.5420475,2163.9,PU,PU,Towered,
16533,MRH,MICHAEL J SMITH FLD,BEAUFORT,NC,NORTH CAROLINA,34.73375861,-76.66035472,34.73375861,-76.66035472,10.1,PU,PU,Non-towered,
16582,BUY,BURLINGTON/ALAMANCE RGNL,BURLINGTON,NC,NORTH CAROLINA,36.04972777,-79.47300805,36.04972777,-79.47300805,616.1,PU,PU,Non-towered,
16585.1,N39,MEYERS,CANDLER,NC,NORTH CAROLINA,35.50371058,-82.7399563,35.50371058,-82.7399563,2273,PR,PU,Non-towered,
16588.7,BQ1,GILLIAM - MC CONNELL AIRFIELD,CARTHAGE,NC,NORTH CAROLINA,35.34166666,-79.43694444,35.34166666,-79.43694444,445,PR,PU,Non-towered,
16608,CLT,CHARLOTTE/DOUGLAS INTL,CHARLOTTE,NC,NORTH CAROLINA,35.21318694,-80.95137916,35.21318694,-80.95137916,747.9,PU,PU,Towered,1
16638.1,CTZ,CLINTON-SAMPSON COUNTY,CLINTON,NC,NORTH CAROLINA,34.97493527,-78.36563,34.97493527,-78.36563,144,PU,PU,Non-towered,
16644.2,JQF,CONCORD-PADGETT RGNL,CONCORD,NC,NORTH CAROLINA,35.38777027,-80.7091325,35.38777027,-80.7091325,704.2,PU,PU,Towered,
16650,ONX,CURRITUCK COUNTY RGNL,CURRITUCK,NC,NORTH CAROLINA,36.39994111,-76.01542527,36.39994111,-76.01542527,17.7,PU,PU,Non-towered,
16688.01,8N0,ROCKINGHAM COUNTY,EDEN,NC,NORTH CAROLINA,36.49364444,-79.73985833,36.49364444,-79.73985833,605,PU,PU,Non-towered,
16689,EDE,NORTHEASTERN RGNL,EDENTON,NC,NORTH CAROLINA,36.02859,-76.5697675,36.02859,-76.5697675,18.7,PU,PU,Non-towered,
16696,ECG,ELIZABETH CITY CG AIR STATION/RGNL,ELIZABETH CITY,NC,NORTH CAROLINA,36.26057555,-76.17456722,36.26057555,-76.17456722,10.6,PU,PU,Towered,
16698.1,EYF,CURTIS L BROWN JR FLD,ELIZABETHTOWN,NC,NORTH CAROLINA,34.60181555,-78.57927638,34.60181555,-78.57927638,131.3,PU,PU,Non-towered,
16699.11,ZEF,ELKIN MUNI,ELKIN,NC,NORTH CAROLINA,36.28,-80.78605555,36.28,-80.78605555,1067.2,PU,PU,Non-towered,
16702.1,7W6,HYDE COUNTY,ENGELHARD,NC,NORTH CAROLINA,35.56210972,-75.95615361,35.56210972,-75.95615361,6.7,PU,PU,Non-towered,
16707.1,HRJ,HARNETT RGNL JETPORT,ERWIN,NC,NORTH CAROLINA,35.380155,-78.73223666,35.380155,-78.73223666,201.7,PU,PU,Non-towered,
16723,FAY,FAYETTEVILLE RGNL/GRANNIS FLD,FAYETTEVILLE,NC,NORTH CAROLINA,34.99121111,-78.88027416,34.99121111,-78.88027416,189.4,PU,PU,Towered,
16723.02,2GC,GRAYS CREEK,FAYETTEVILLE,NC,NORTH CAROLINA,34.89369166,-78.84353055,34.89369166,-78.84353055,160,PR,PU,Non-towered,
16731.1,1A5,MACON COUNTY,FRANKLIN,NC,NORTH CAROLINA,35.22231388,-83.41999472,35.22231388,-83.41999472,2033.9,PU,PU,Non-towered,
16739,AKH,GASTONIA MUNI,GASTONIA,NC,NORTH CAROLINA,35.20262305,-81.14987583,35.20262305,-81.14987583,797.9,PU,PU,Non-towered,
16746.2,GWW,WAYNE EXEC JETPORT,GOLDSBORO,NC,NORTH CAROLINA,35.46055527,-77.9649275,35.46055527,-77.9649275,133.6,PU,PU,Non-towered,
16756.6,3A4,GREENSBORO EXEC,GREENSBORO,NC,NORTH CAROLINA,35.94194833,-79.68550933,35.94194833,-79.68550933,739,PR,PU,Non-towered,
16758,GSO,PIEDMONT TRIAD INTL,GREENSBORO,NC,NORTH CAROLINA,36.10132666,-79.94112277,36.10132666,-79.94112277,925.5,PU,PU,Towered,
16761,PGV,PITT-GREENVILLE,GREENVILLE,NC,NORTH CAROLINA,35.63569444,-77.38408333,35.63569444,-77.38408333,26.4,PU,PU,Non-towered,
16770,HSE,BILLY MITCHELL,HATTERAS,NC,NORTH CAROLINA,35.23280555,-75.61780555,35.23280555,-75.61780555,16.3,PU,PU,Non-towered,
16785,0A7,HENDERSONVILLE,HENDERSONVILLE,NC,NORTH CAROLINA,35.30761666,-82.43317416,35.30761666,-82.43317416,2084,PR,PU,Non-towered,
16793,HKY,HICKORY RGNL,HICKORY,NC,NORTH CAROLINA,35.74114555,-81.38955055,35.74114555,-81.38955055,1189.6,PU,PU,Towered,
16814,28A,GOOSE CREEK,INDIAN TRAIL,NC,NORTH CAROLINA,35.12097944,-80.58728944,35.12097944,-80.58728944,565,PR,PU,Non-towered,
16815.1,OAJ,ALBERT J ELLIS,JACKSONVILLE,NC,NORTH CAROLINA,34.82916666,-77.61213888,34.82916666,-77.61213888,92.9,PU,PU,Towered,
16816.1,GEV,ASHE COUNTY,JEFFERSON,NC,NORTH CAROLINA,36.43247222,-81.4185,36.43247222,-81.4185,3177.5,PU,PU,Non-towered,
16827,DPL,DUPLIN COUNTY,KENANSVILLE,NC,NORTH CAROLINA,35.00003638,-77.98165833,35.00003638,-77.98165833,136.6,PU,PU,Non-towered,
16828.95,FFA,FIRST FLIGHT,KILL DEVIL HILLS,NC,NORTH CAROLINA,36.01758333,-75.67158333,36.01758333,-75.67158333,11.9,PU,PU,Non-towered,
16836,ISO,KINSTON RGNL JETPORT AT STALLINGS FLD,KINSTON,NC,NORTH CAROLINA,35.33143277,-77.60883,35.33143277,-77.60883,92.9,PU,PU,Towered,
16845,W17,RALEIGH EAST,KNIGHTDALE,NC,NORTH CAROLINA,35.79772222,-78.43700972,35.79772222,-78.43700972,313,PR,PU,Non-towered,
16861.1,EXX,DAVIDSON COUNTY EXEC,LEXINGTON,NC,NORTH CAROLINA,35.78114138,-80.30377333,35.78114138,-80.30377333,732.5,PU,PU,Non-towered,
16866,IPJ,LINCOLNTON-LINCOLN COUNTY RGNL,LINCOLNTON,NC,NORTH CAROLINA,35.48314166,-81.16150555,35.48314166,-81.16150555,877.9,PU,PU,Non-towered,
16875,LHZ,TRIANGLE NORTH EXEC,LOUISBURG,NC,NORTH CAROLINA,36.02334861,-78.33026305,36.02334861,-78.33026305,368,PU,PU,Non-towered,
16882,LBT,LUMBERTON RGNL,LUMBERTON,NC,NORTH CAROLINA,34.60981111,-79.05954972,34.60981111,-79.05954972,124.6,PU,PU,Non-towered,
16894,MQI,DARE COUNTY RGNL,MANTEO,NC,NORTH CAROLINA,35.91898277,-75.69553583,35.91898277,-75.69553583,12.8,PU,PU,Non-towered,
16906,MEB,LAURINBURG/MAXTON,MAXTON,NC,NORTH CAROLINA,34.79217222,-79.36589611,34.79217222,-79.36589611,215.6,PU,PU,Non-towered,
16923.2,8A7,TWIN LAKES,MOCKSVILLE,NC,NORTH CAROLINA,35.914915,-80.45680638,35.914915,-80.45680638,818,PR,PU,Non-towered,
16926.2,EQY,CHARLOTTE/MONROE EXEC,MONROE,NC,NORTH CAROLINA,35.01741611,-80.62205583,35.01741611,-80.62205583,682.5,PU,PU,Non-towered,
16929.11,14A,LAKE NORMAN AIRPARK,MOORESVILLE,NC,NORTH CAROLINA,35.61386944,-80.89943055,35.61386944,-80.89943055,839.4,PR,PU,Non-towered,
16939,MRN,FOOTHILLS RGNL,MORGANTON,NC,NORTH CAROLINA,35.82022222,-81.61141666,35.82022222,-81.61141666,1269.9,PU,PU,Non-towered,
16941.1,MWK,MOUNT AIRY/SURRY COUNTY,MOUNT AIRY,NC,NORTH CAROLINA,36.46136166,-80.55321027,36.46136166,-80.55321027,1268.9,PU,PU,Non-towered,
16951.1,W40,MOUNT OLIVE MUNI,MOUNT OLIVE,NC,NORTH CAROLINA,35.22145416,-78.03861666,35.22145416,-78.03861666,166.7,PU,PU,Non-towered,
16971,EWN,COASTAL CAROLINA RGNL,NEW BERN,NC,NORTH CAROLINA,35.07285444,-77.04301972,35.07285444,-77.04301972,17.9,PU,PU,Towered,
16985,UKF,WILKES COUNTY,NORTH WILKESBORO,NC,NORTH CAROLINA,36.22360138,-81.09860833,36.22360138,-81.09860833,1303.4,PU,PU,Non-towered,
16990,SUT,CAPE FEAR RGNL JETPORT/HOWIE FRANKLIN FLD,OAK ISLAND,NC,NORTH CAROLINA,33.93081555,-78.07336361,33.93081555,-78.07336361,26,PU,PU,Non-towered,
16994,60J,ODELL WILLIAMSON MUNI,OCEAN ISLE BEACH,NC,NORTH CAROLINA,33.90932,-78.43468555,33.90932,-78.43468555,32.7,PU,PU,Non-towered,
16995,W95,OCRACOKE ISLAND,OCRACOKE,NC,NORTH CAROLINA,35.10116666,-75.96597222,35.10116666,-75.96597222,4,PU,PU,Non-towered,
17002.1,HNZ,HENDERSON/OXFORD,OXFORD,NC,NORTH CAROLINA,36.36114083,-78.52982722,36.36114083,-78.52982722,526.3,PU,PU,Non-towered,
17016,SOP,MOORE COUNTY,PINEHURST/SOUTHERN PINES,NC,NORTH CAROLINA,35.2374225,-79.38903361,35.2374225,-79.38903361,459.3,PU,PU,Non-towered,
17019.1,PMZ,PLYMOUTH MUNI,PLYMOUTH,NC,NORTH CAROLINA,35.81078027,-76.75837,35.81078027,-76.75837,36.3,PU,PU,Non-towered,
17030.1,5W4,P K AIRPARK,RAEFORD,NC,NORTH CAROLINA,35.01985972,-79.19100388,35.01985972,-79.19100388,304,PR,PU,Non-towered,
17034.4,5W5,SOUTHERN WAKE RGNL,RALEIGH,NC,NORTH CAROLINA,35.62038888,-78.70027777,35.62038888,-78.70027777,244,PR,PU,Non-towered,
17035,RDU,RALEIGH-DURHAM INTL,RALEIGH/DURHAM,NC,NORTH CAROLINA,35.87763888,-78.78747222,35.87763888,-78.78747222,435.2,PU,PU,Towered,
17052.1,SIF,ROCKINGHAM COUNTY NC SHILOH,REIDSVILLE,NC,NORTH CAROLINA,36.43721638,-79.85100972,36.43721638,-79.85100972,693.5,PU,PU,Non-towered,
16766,IXA,HALIFAX/NORTHAMPTON RGNL,ROANOKE RAPIDS,NC,NORTH CAROLINA,36.32979166,-77.63523083,36.32979166,-77.63523083,144.3,PU,PU,Non-towered,
17063,RCZ,RICHMOND COUNTY,ROCKINGHAM,NC,NORTH CAROLINA,34.89130333,-79.75959777,34.89130333,-79.75959777,357.5,PU,PU,Non-towered,
17066,RWI,ROCKY MOUNT/WILSON RGNL,ROCKY MOUNT,NC,NORTH CAROLINA,35.85625277,-77.89193333,35.85625277,-77.89193333,157.7,PU,PU,Non-towered,
17069.1,TDF,RALEIGH RGNL AT PERSON COUNTY,ROXBORO,NC,NORTH CAROLINA,36.28461111,-78.98463888,36.28461111,-78.98463888,608.9,PU,PU,Non-towered,
17073,FQD,RUTHERFORD COUNTY/MARCHMAN FLD,RUTHERFORDTON,NC,NORTH CAROLINA,35.42822222,-81.93507777,35.42822222,-81.93507777,1077.3,PU,PU,Non-towered,
17079,RUQ,MID-CAROLINA RGNL,SALISBURY,NC,NORTH CAROLINA,35.64588333,-80.52029166,35.64588333,-80.52029166,772.3,PU,PU,Non-towered,
17082.12,TTA,RALEIGH EXEC JETPORT AT SANFORD-LEE COUNTY,SANFORD,NC,NORTH CAROLINA,35.58243944,-79.10133777,35.58243944,-79.10133777,246.6,PU,PU,Non-towered,
17092,EHO,SHELBY-CLEVELAND COUNTY RGNL,SHELBY,NC,NORTH CAROLINA,35.25574916,-81.60076444,35.25574916,-81.60076444,846.6,PU,PU,Non-towered,
17094.1,SCR,SILER CITY MUNI,SILER CITY,NC,NORTH CAROLINA,35.70427444,-79.50429777,35.70427444,-79.50429777,615.6,PU,PU,Non-towered,
17101,JNX,JOHNSTON RGNL,SMITHFIELD,NC,NORTH CAROLINA,35.54093805,-78.39032555,35.54093805,-78.39032555,164,PU,PU,Non-towered,
17128,7A8,AVERY COUNTY/MORRISON FLD,SPRUCE PINE,NC,NORTH CAROLINA,35.94536111,-81.99622222,35.94536111,-81.99622222,2745.2,PU,PU,Non-towered,
17139,43A,MONTGOMERY COUNTY,STAR,NC,NORTH CAROLINA,35.38464972,-79.79026638,35.38464972,-79.79026638,632.5,PU,PU,Non-towered,
17142,SVH,STATESVILLE RGNL,STATESVILLE,NC,NORTH CAROLINA,35.76499666,-80.9539,35.76499666,-80.9539,967.8,PU,PU,Non-towered,
17148.5,24A,JACKSON COUNTY,SYLVA,NC,NORTH CAROLINA,35.31721111,-83.20970361,35.31721111,-83.20970361,2857,PU,PU,Non-towered,
17154.1,ETC,TARBORO-EDGECOMBE,TARBORO,NC,NORTH CAROLINA,35.93726305,-77.54648027,35.93726305,-77.54648027,52.6,PU,PU,Non-towered,
17172,AFP,ANSON COUNTY/JEFF CLOUD FLD,WADESBORO,NC,NORTH CAROLINA,35.02063777,-80.0771175,35.02063777,-80.0771175,299.7,PU,PU,Non-towered,
17178.1,ACZ,WALLACE-PENDER,WALLACE,NC,NORTH CAROLINA,34.71786666,-78.00388,34.71786666,-78.00388,38.1,PU,PU,Non-towered,
17178.3,N63,MEADOW BROOK FLD,WALNUT COVE,NC,NORTH CAROLINA,36.30152611,-80.14837916,36.30152611,-80.14837916,631,PR,PU,Non-towered,
17190,OCW,WASHINGTON-WARREN,WASHINGTON,NC,NORTH CAROLINA,35.57047222,-77.04980555,35.57047222,-77.04980555,37.4,PU,PU,Non-towered,
17191,N52,JAARS-TOWNSEND,WAXHAW,NC,NORTH CAROLINA,34.86381666,-80.74798333,34.86381666,-80.74798333,602,PR,PU,Non-towered,
17205.1,CPC,COLUMBUS COUNTY RGNL,WHITEVILLE,NC,NORTH CAROLINA,34.27287055,-78.71498722,34.27287055,-78.71498722,99.4,PU,PU,Non-towered,
17209,MCZ,MARTIN COUNTY,WILLIAMSTON,NC,NORTH CAROLINA,35.86219277,-77.17820055,35.86219277,-77.17820055,74.9,PU,PU,Non-towered,
17211,ILM,WILMINGTON INTL,WILMINGTON,NC,NORTH CAROLINA,34.27113888,-77.90288888,34.27113888,-77.90288888,31.7,PU,PU,Towered,
17214,W03,WILSON INDUSTRIAL AIR CENTER,WILSON,NC,NORTH CAROLINA,35.77040694,-77.96979138,35.77040694,-77.96979138,159.6,PU,PU,Non-towered,
17220,INT,SMITH REYNOLDS,WINSTON SALEM,NC,NORTH CAROLINA,36.1337138,-80.22198772,36.1337138,-80.22198772,969.4,PU,PU,Towered,
17253,ASY,ASHLEY MUNI,ASHLEY,ND,NORTH DAKOTA,46.02315555,-99.35257472,46.02315555,-99.35257472,2034.4,PU,PU,Non-towered,
17256.1,20U,BEACH,BEACH,ND,NORTH DAKOTA,46.92516666,-103.9820556,46.92516666,-103.9820556,2755.9,PU,PU,Non-towered,
17261,95D,BEULAH,BEULAH,ND,NORTH DAKOTA,47.25121388,-101.8150431,47.25121388,-101.8150431,1791,PU,PU,Non-towered,
17265,BIS,BISMARCK MUNI,BISMARCK,ND,NORTH DAKOTA,46.77273388,-100.7457375,46.77273388,-100.7457375,1661.3,PU,PU,Towered,
17268.1,D09,BOTTINEAU MUNI,BOTTINEAU,ND,NORTH DAKOTA,48.83047222,-100.4173056,48.83047222,-100.4173056,1680.1,PU,PU,Non-towered,
17271.02,BWW,BOWMAN RGNL,BOWMAN,ND,NORTH DAKOTA,46.1655193,-103.3007428,46.1655193,-103.3007428,2965.4,PU,PU,Non-towered,
17279.1,9D7,CANDO MUNI,CANDO,ND,NORTH DAKOTA,48.48002777,-99.23638888,48.48002777,-99.23638888,1481.5,PU,PU,Non-towered,
17280,46D,CARRINGTON MUNI,CARRINGTON,ND,NORTH DAKOTA,47.45111111,-99.15133333,47.45111111,-99.15133333,1606.5,PU,PU,Non-towered,
17284.1,5N8,CASSELTON ROBERT MILLER RGNL,CASSELTON,ND,NORTH DAKOTA,46.85394444,-97.20786111,46.85394444,-97.20786111,933.3,PU,PU,Non-towered,
17285,2C8,CAVALIER MUNI,CAVALIER,ND,NORTH DAKOTA,48.78372222,-97.63197222,48.78372222,-97.63197222,892.1,PU,PU,Non-towered,
17288,S32,COOPERSTOWN MUNI,COOPERSTOWN,ND,NORTH DAKOTA,47.42277361,-98.10587138,47.42277361,-98.10587138,1424.4,PU,PU,Non-towered,
17292,D50,CROSBY MUNI,CROSBY,ND,NORTH DAKOTA,48.92829944,-103.2975817,48.92829944,-103.2975817,1952.7,PU,PU,Non-towered,
17302,DVL,DEVILS LAKE RGNL,DEVILS LAKE,ND,NORTH DAKOTA,48.11659083,-98.90998805,48.11659083,-98.90998805,1469.4,PU,PU,Non-towered,
17304,DIK,DICKINSON/THEODORE ROOSEVELT RGNL,DICKINSON,ND,NORTH DAKOTA,46.80047361,-102.8044353,46.80047361,-102.8044353,2592.1,PU,PU,Non-towered,
17308.83,D29,DRAYTON MUNI,DRAYTON,ND,NORTH DAKOTA,48.61851388,-97.17589722,48.61851388,-97.17589722,798,PU,PU,Non-towered,
17310.1,S28,INTL PEACE GARDEN,DUNSEITH,ND,NORTH DAKOTA,48.99730555,-100.0436944,48.99730555,-100.0436944,2316.8,PU,PU,Non-towered,
17317.1,51D,EDGELEY MUNI,EDGELEY,ND,NORTH DAKOTA,46.34969444,-98.735,46.34969444,-98.735,1603.5,PU,PU,Non-towered,
17320.1,4.00E+07,ELLENDALE MUNI,ELLENDALE,ND,NORTH DAKOTA,46.01633333,-98.51569444,46.01633333,-98.51569444,1456.6,PU,PU,Non-towered,
17321,5N4,SKY HAVEN,ENDERLIN,ND,NORTH DAKOTA,46.626862,-97.62023219,46.626862,-97.62023219,1151,PU,PU,Non-towered,
17328,FAR,HECTOR INTL,FARGO,ND,NORTH DAKOTA,46.92063888,-96.81575,46.92063888,-96.81575,901.3,PU,PU,Towered,
17328.11,D54,WEST FARGO MUNI,FARGO,ND,NORTH DAKOTA,46.90038055,-96.91852222,46.90038055,-96.91852222,896,PU,PU,Non-towered,
17333.2,Y27,STANDING ROCK,FORT YATES,ND,NORTH DAKOTA,46.0668825,-100.6327794,46.0668825,-100.6327794,1633.7,PU,PU,Non-towered,
17337.2,D05,GARRISON MUNI,GARRISON,ND,NORTH DAKOTA,47.65604358,-101.4368016,47.65604358,-101.4368016,1936.5,PU,PU,Non-towered,
17340,D57,GLEN ULLIN RGNL,GLEN ULLIN,ND,NORTH DAKOTA,46.81430555,-101.8651944,46.81430555,-101.8651944,2091,PU,PU,Non-towered,
17347,GAF,HUTSON FLD,GRAFTON,ND,NORTH DAKOTA,48.40471555,-97.37095666,48.40471555,-97.37095666,824.5,PU,PU,Non-towered,
17349.1,GFK,GRAND FORKS INTL,GRAND FORKS,ND,NORTH DAKOTA,47.94786833,-97.17569166,47.94786833,-97.17569166,845.1,PU,PU,Towered,
17354.22,GWR,GWINNER/ROGER MELROE FLD,GWINNER,ND,NORTH DAKOTA,46.21827777,-97.64336111,46.21827777,-97.64336111,1265.5,PU,PU,Non-towered,
17355,5H4,HARVEY MUNI,HARVEY,ND,NORTH DAKOTA,47.79122222,-99.93175,47.79122222,-99.93175,1607.2,PU,PU,Non-towered,
17357.1,HZE,MERCER COUNTY RGNL,HAZEN,ND,NORTH DAKOTA,47.28993527,-101.5809781,47.28993527,-101.5809781,1814.7,PU,PU,Non-towered,
17360,HEI,HETTINGER/JB LINDQUIST RGNL,HETTINGER,ND,NORTH DAKOTA,46.01488888,-102.656,46.01488888,-102.656,2705.8,PU,PU,Non-towered,
17362.12,3H4,HILLSBORO MUNI,HILLSBORO,ND,NORTH DAKOTA,47.35940777,-97.06041638,47.35940777,-97.06041638,906.1,PU,PU,Non-towered,
17367,JMS,JAMESTOWN RGNL,JAMESTOWN,ND,NORTH DAKOTA,46.92972222,-98.67819444,46.92972222,-98.67819444,1499.9,PU,PU,Non-towered,
17371.1,7K5,KENMARE MUNI,KENMARE,ND,NORTH DAKOTA,48.6676125,-102.0480028,48.6676125,-102.0480028,1962,PU,PU,Non-towered,
17372,9Y1,DUNN COUNTY WEYDAHL FLD,KILLDEER,ND,NORTH DAKOTA,47.39133194,-102.7718125,47.39133194,-102.7718125,2249,PU,PU,Non-towered,
17374,K74,ROBERT ODEGAARD FLD,KINDRED,ND,NORTH DAKOTA,46.64873075,-96.99900961,46.64873075,-96.99900961,947.3,PU,PU,Non-towered,
17381.7,4F9,LA MOURE ROTT MUNI,LA MOURE,ND,NORTH DAKOTA,46.34728055,-98.28148611,46.34728055,-98.28148611,1310,PR,PU,Non-towered,
17381,5L0,LAKOTA MUNI,LAKOTA,ND,NORTH DAKOTA,48.02891666,-98.32575,48.02891666,-98.32575,1511.3,PU,PU,Non-towered,
17382,D55,ROBERTSON FLD,LANGDON,ND,NORTH DAKOTA,48.75313063,-98.39376916,48.75313063,-98.39376916,1608.4,PU,PU,Non-towered,
17386.11,2L1,LARIMORE MUNI,LARIMORE,ND,NORTH DAKOTA,47.90671388,-97.64097222,47.90671388,-97.64097222,1130,PU,PU,Non-towered,
17388.1,D31,LEEDS MUNI,LEEDS,ND,NORTH DAKOTA,48.28500694,-99.40219722,48.28500694,-99.40219722,1508,PU,PU,Non-towered,
17392,7L2,LINTON MUNI,LINTON,ND,NORTH DAKOTA,46.22064088,-100.2456239,46.22064088,-100.2456239,1778.6,PU,PU,Non-towered,
17394.1,6L3,LISBON MUNI,LISBON,ND,NORTH DAKOTA,46.44697333,-97.72821555,46.44697333,-97.72821555,1240.3,PU,PU,Non-towered,
17400,6D3,MADDOCK MUNI,MADDOCK,ND,NORTH DAKOTA,47.9802625,-99.52695972,47.9802625,-99.52695972,1600,PU,PU,Non-towered,
17403,Y19,MANDAN RGNL/LAWLER FLD,MANDAN,ND,NORTH DAKOTA,46.76797222,-100.8943611,46.76797222,-100.8943611,1944,PU,PU,Non-towered,
17406,D56,MAYVILLE MUNI,MAYVILLE,ND,NORTH DAKOTA,47.47684166,-97.32808194,47.47684166,-97.32808194,977,PU,PU,Non-towered,
17418,MOT,MINOT INTL,MINOT,ND,NORTH DAKOTA,48.25763888,-101.2780278,48.25763888,-101.2780278,1715.7,PU,PU,Towered,
17418.5,D06,MINTO MUNI,MINTO,ND,NORTH DAKOTA,48.29260277,-97.39402222,48.29260277,-97.39402222,820,PU,PU,Non-towered,
17421,HBC,MOHALL MUNI,MOHALL,ND,NORTH DAKOTA,48.76888527,-101.5376422,48.76888527,-101.5376422,1650.2,PU,PU,Non-towered,
17426,3P3,MOTT MUNI,MOTT,ND,NORTH DAKOTA,46.35916194,-102.3282442,46.35916194,-102.3282442,2413.9,PU,PU,Non-towered,
17428,5B5,NAPOLEON MUNI,NAPOLEON,ND,NORTH DAKOTA,46.49426069,-99.75871186,46.49426069,-99.75871186,1985,PU,PU,Non-towered,
17433,8J7,TOMLINSON FLD,NEW ROCKFORD,ND,NORTH DAKOTA,47.69638722,-99.13122861,47.69638722,-99.13122861,1533,PU,PU,Non-towered,
17433.7,05D,NEW TOWN MUNI,NEW TOWN,ND,NORTH DAKOTA,47.96785416,-102.4781164,47.96785416,-102.4781164,1924,PU,PU,Non-towered,
17434.3,4V4,NORTHWOOD MUNI/VINCE FLD,NORTHWOOD,ND,NORTH DAKOTA,47.7248875,-97.58981111,47.7248875,-97.58981111,1118.9,PU,PU,Non-towered,
17435.2,2D5,OAKES MUNI,OAKES,ND,NORTH DAKOTA,46.17329611,-98.08003861,46.17329611,-98.08003861,1334.9,PU,PU,Non-towered,
17439.11,64G,PAGE RGNL,PAGE,ND,NORTH DAKOTA,47.17019444,-97.48191666,47.17019444,-97.48191666,1218,PR,PU,Non-towered,
17441.6,Y37,PARK RIVER - W C SKJERVEN FLD,PARK RIVER,ND,NORTH DAKOTA,48.39408333,-97.78077,48.39408333,-97.78077,1104.1,PU,PU,Non-towered,
17443,Y74,PARSHALL-HANKINS,PARSHALL,ND,NORTH DAKOTA,47.93568472,-102.1421244,47.93568472,-102.1421244,2032.3,PU,PU,Non-towered,
17445,PMB,PEMBINA MUNI,PEMBINA,ND,NORTH DAKOTA,48.94241666,-97.24066666,48.94241666,-97.24066666,795.8,PU,PU,Non-towered,
17453.5,2H9,ROLETTE,ROLETTE,ND,NORTH DAKOTA,48.6668625,-99.85316111,48.6668625,-99.85316111,1623,PU,PU,Non-towered,
17454,06D,ROLLA MUNI/LEONARD KRECH FLD,ROLLA,ND,NORTH DAKOTA,48.88441722,-99.62092666,48.88441722,-99.62092666,1822.6,PU,PU,Non-towered,
17457,RUG,RUGBY MUNI,RUGBY,ND,NORTH DAKOTA,48.39036111,-100.0242778,48.39036111,-100.0242778,1549.2,PU,PU,Non-towered,
17457.6,4S5,ST THOMAS MUNI,ST THOMAS,ND,NORTH DAKOTA,48.6264375,-97.43905555,48.6264375,-97.43905555,839,PU,PU,Non-towered,
17463.01,08D,STANLEY MUNI,STANLEY,ND,NORTH DAKOTA,48.30138638,-102.4080603,48.30138638,-102.4080603,2249.6,PU,PU,Non-towered,
17468.6,D60,TIOGA MUNI,TIOGA,ND,NORTH DAKOTA,48.38027777,-102.8973611,48.38027777,-102.8973611,2270.8,PU,PU,Non-towered,
17469,D61,TOWNER MUNI,TOWNER,ND,NORTH DAKOTA,48.35947688,-100.3955251,48.35947688,-100.3955251,1484,PU,PU,Non-towered,
17475,BAC,BARNES COUNTY MUNI,VALLEY CITY,ND,NORTH DAKOTA,46.94119194,-98.01793111,46.94119194,-98.01793111,1401.7,PU,PU,Non-towered,
17484.1,BWP,HARRY STERN,WAHPETON,ND,NORTH DAKOTA,46.24429377,-96.60715594,46.24429377,-96.60715594,968.2,PU,PU,Non-towered,
17484.4,96D,WALHALLA MUNI,WALHALLA,ND,NORTH DAKOTA,48.94057319,-97.90277763,48.94057319,-97.90277763,953,PU,PU,Non-towered,
17486,5C8,WASHBURN MUNI,WASHBURN,ND,NORTH DAKOTA,47.35114888,-101.0258961,47.35114888,-101.0258961,1908,PU,PU,Non-towered,
17488.1,S25,WATFORD CITY MUNI,WATFORD CITY,ND,NORTH DAKOTA,47.79299916,-103.2493522,47.79299916,-103.2493522,2135.1,PU,PU,Non-towered,
17493,D64,WESTHOPE MUNI,WESTHOPE,ND,NORTH DAKOTA,48.91307638,-101.0337222,48.91307638,-101.0337222,1492,PU,PU,Non-towered,
17495.4,XWA,WILLISTON BASIN INTL,WILLISTON,ND,NORTH DAKOTA,48.25978361,-103.7505567,48.25978361,-103.7505567,2356,PU,PU,Non-towered,
17503,6L5,WISHEK MUNI,WISHEK,ND,NORTH DAKOTA,46.24962916,-99.53965833,46.24962916,-99.53965833,2042.7,PU,PU,Non-towered,
12591,ANW,AINSWORTH RGNL,AINSWORTH,NE,NEBRASKA,42.57922222,-99.99297222,42.57922222,-99.99297222,2588.7,PU,PU,Non-towered,
12594.1,BVN,ALBION MUNI,ALBION,NE,NEBRASKA,41.72857694,-98.05575972,41.72857694,-98.05575972,1806.2,PU,PU,Non-towered,
12597,AIA,ALLIANCE MUNI,ALLIANCE,NE,NEBRASKA,42.05322222,-102.80375,42.05322222,-102.80375,3930.6,PU,PU,Non-towered,
12598,4D9,ALMA MUNI,ALMA,NE,NEBRASKA,40.11247222,-99.34641666,40.11247222,-99.34641666,2072.8,PU,PU,Non-towered,
12608.01,37V,ARAPAHOE MUNI,ARAPAHOE,NE,NEBRASKA,40.34158333,-99.90780555,40.34158333,-99.90780555,2273,PU,PU,Non-towered,
12614.11,8V2,STUART-ATKINSON MUNI,ATKINSON,NE,NEBRASKA,42.56269888,-99.03881027,42.56269888,-99.03881027,2131,PU,PU,Non-towered,
12621,K01,FARINGTON FLD,AUBURN,NE,NEBRASKA,40.38666666,-95.788,40.38666666,-95.788,924.4,PU,PU,Non-towered,
12623.1,AUH,AURORA MUNI/AL POTTER FLD,AURORA,NE,NEBRASKA,40.89413888,-97.99455555,40.89413888,-97.99455555,1803.4,PU,PU,Non-towered,
12623.9,RBE,ROCK COUNTY,BASSETT,NE,NEBRASKA,42.57112577,-99.56952019,42.57112577,-99.56952019,2349.4,PU,PU,Non-towered,
12629,BIE,BEATRICE MUNI,BEATRICE,NE,NEBRASKA,40.30127777,-96.75411111,40.30127777,-96.75411111,1323.6,PU,PU,Non-towered,
12645.11,BTA,BLAIR EXEC,BLAIR,NE,NEBRASKA,41.41480555,-96.10897222,41.41480555,-96.10897222,1317.6,PU,PU,Non-towered,
12648,84Y,BLOOMFIELD MUNI,BLOOMFIELD,NE,NEBRASKA,42.57972444,-97.67367527,42.57972444,-97.67367527,1673,PU,PU,Non-towered,
12659,BBW,BROKEN BOW MUNI/KEITH GLAZE FLD,BROKEN BOW,NE,NEBRASKA,41.43644611,-99.64216444,41.43644611,-99.64216444,2546.3,PU,PU,Non-towered,
12668,BUB,CRAM FLD,BURWELL,NE,NEBRASKA,41.77757666,-99.15021166,41.77757666,-99.15021166,2183.3,PU,PU,Non-towered,
12669.9,CSB,CAMBRIDGE MUNI,CAMBRIDGE,NE,NEBRASKA,40.30658194,-100.1620722,40.30658194,-100.1620722,2414.2,PU,PU,Non-towered,
12671.2,07K,CENTRAL CITY MUNI/LARRY REINEKE FLD,CENTRAL CITY,NE,NEBRASKA,41.1115613,-98.05133561,41.1115613,-98.05133561,1716.7,PU,PU,Non-towered,
12674,CDR,CHADRON MUNI,CHADRON,NE,NEBRASKA,42.83755769,-103.0954019,42.83755769,-103.0954019,3297.8,PU,PU,Non-towered,
12677.1,CNP,BILLY G RAY FLD,CHAPPELL,NE,NEBRASKA,41.07747222,-102.4640556,41.07747222,-102.4640556,3681.7,PU,PU,Non-towered,
12681,OLU,COLUMBUS MUNI,COLUMBUS,NE,NEBRASKA,41.44872222,-97.34094444,41.44872222,-97.34094444,1447.3,PU,PU,Non-towered,
12684,CZD,COZAD MUNI,COZAD,NE,NEBRASKA,40.8695925,-100.0042514,40.8695925,-100.0042514,2503.2,PU,PU,Non-towered,
12693,6K3,CREIGHTON MUNI,CREIGHTON,NE,NEBRASKA,42.47127777,-97.88475,42.47127777,-97.88475,1653,PU,PU,Non-towered,
12694,CEK,CRETE MUNI,CRETE,NE,NEBRASKA,40.61837672,-96.92570869,40.61837672,-96.92570869,1499.5,PU,PU,Non-towered,
12697,47V,CURTIS MUNI,CURTIS,NE,NEBRASKA,40.63875,-100.4734167,40.63875,-100.4734167,2677.4,PU,PU,Non-towered,
12699,93Y,DAVID CITY MUNI,DAVID CITY,NE,NEBRASKA,41.23032972,-97.12253083,41.23032972,-97.12253083,1617.7,PU,PU,Non-towered,
12704,FBY,FAIRBURY MUNI,FAIRBURY,NE,NEBRASKA,40.18197222,-97.16788888,40.18197222,-97.16788888,1478.6,PU,PU,Non-towered,
12705,FMZ,FAIRMONT STATE,FAIRMONT,NE,NEBRASKA,40.58609758,-97.57313655,40.58609758,-97.57313655,1636.4,PU,PU,Non-towered,
12707.1,FNB,BRENNER FLD,FALLS CITY,NE,NEBRASKA,40.07877777,-95.592,40.07877777,-95.592,984,PU,PU,Non-towered,
12716,FET,FREMONT MUNI,FREMONT,NE,NEBRASKA,41.44994444,-96.52119444,41.44994444,-96.52119444,1204,PU,PU,Non-towered,
12736,GRN,GORDON MUNI,GORDON,NE,NEBRASKA,42.80597805,-102.1752511,42.80597805,-102.1752511,3562.1,PU,PU,Non-towered,
12741,GTE,GOTHENBURG MUNI,GOTHENBURG,NE,NEBRASKA,40.92548333,-100.1465694,40.92548333,-100.1465694,2558.8,PU,PU,Non-towered,
12743,GRI,CENTRAL NEBRASKA RGNL,GRAND ISLAND,NE,NEBRASKA,40.9675425,-98.30963888,40.9675425,-98.30963888,1847.1,PU,PU,Towered,
12748,GGF,GRANT MUNI,GRANT,NE,NEBRASKA,40.87066336,-101.7338794,40.87066336,-101.7338794,3424.6,PU,PU,Non-towered,
12752.4,0B4,HARTINGTON MUNI/BUD BECKER FLD,HARTINGTON,NE,NEBRASKA,42.60308333,-97.2535,42.60308333,-97.2535,1388.1,PU,PU,Non-towered,
12753,08K,HARVARD STATE,HARVARD,NE,NEBRASKA,40.65133333,-98.07988888,40.65133333,-98.07988888,1814.5,PU,PU,Non-towered,
12755,HSI,HASTINGS MUNI,HASTINGS,NE,NEBRASKA,40.60525,-98.42788888,40.60525,-98.42788888,1961.2,PU,PU,Non-towered,
12761,HJH,HEBRON MUNI,HEBRON,NE,NEBRASKA,40.15194444,-97.58452777,40.15194444,-97.58452777,1468.2,PU,PU,Non-towered,
12766,HDE,BREWSTER FLD,HOLDREGE,NE,NEBRASKA,40.4518075,-99.33602777,40.4518075,-99.33602777,2313.7,PU,PU,Non-towered,
12774.4,1V2,GRANT COUNTY,HYANNIS,NE,NEBRASKA,42.00999444,-101.7700639,42.00999444,-101.7700639,3737,PU,PU,Non-towered,
12776,IML,IMPERIAL MUNI,IMPERIAL,NE,NEBRASKA,40.51032622,-101.620146,40.51032622,-101.620146,3276,PU,PU,Non-towered,
12783,EAR,KEARNEY RGNL,KEARNEY,NE,NEBRASKA,40.72704055,-99.00677,40.72704055,-99.00677,2131.8,PU,PU,Non-towered,
12785.2,IBM,KIMBALL MUNI/ROBERT E ARRAJ FLD,KIMBALL,NE,NEBRASKA,41.18805555,-103.6773889,41.18805555,-103.6773889,4925.5,PU,PU,Non-towered,
12790,LXN,JIM KELLY FLD,LEXINGTON,NE,NEBRASKA,40.79042361,-99.77591416,40.79042361,-99.77591416,2412.6,PU,PU,Non-towered,
12794,LNK,LINCOLN,LINCOLN,NE,NEBRASKA,40.85089138,-96.75912111,40.85089138,-96.75912111,1218.7,PU,PU,Towered,
12805.22,0F4,LOUP CITY MUNI,LOUP CITY,NE,NEBRASKA,41.28636111,-98.99002777,41.28636111,-98.99002777,2072.6,PU,PU,Non-towered,
12808,MCK,MC COOK BEN NELSON RGNL,MC COOK,NE,NEBRASKA,40.20629222,-100.5920939,40.20629222,-100.5920939,2582.9,PU,PU,Non-towered,
12817,0V3,PIONEER VILLAGE FLD,MINDEN,NE,NEBRASKA,40.51491666,-98.94563888,40.51491666,-98.94563888,2160.4,PU,PU,Non-towered,
12824.11,AFK,NEBRASKA CITY MUNI,NEBRASKA CITY,NE,NEBRASKA,40.60652777,-95.86666666,40.60652777,-95.86666666,1165,PU,PU,Non-towered,
12826,4V9,ANTELOPE COUNTY,NELIGH,NE,NEBRASKA,42.11225,-98.03977777,42.11225,-98.03977777,1773.7,PU,PU,Non-towered,
12836,OFK,NORFOLK RGNL/KARL STEFAN MEML FLD,NORFOLK,NE,NEBRASKA,41.98546027,-97.43511388,41.98546027,-97.43511388,1572.6,PU,PU,Non-towered,
12842,LBF,NORTH PLATTE RGNL/LEE BIRD FLD,NORTH PLATTE,NE,NEBRASKA,41.12621277,-100.6836531,41.12621277,-100.6836531,2777,PU,PU,Non-towered,
12856,ONL,THE O'NEILL MUNI-JOHN L BAKER FLD,O'NEILL,NE,NEBRASKA,42.46936111,-98.68777777,42.46936111,-98.68777777,2033.7,PU,PU,Non-towered,
12848,OGA,SEARLE FLD,OGALLALA,NE,NEBRASKA,41.11947222,-101.7696944,41.11947222,-101.7696944,3279.3,PU,PU,Non-towered,
12854,OMA,EPPLEY AIRFIELD,OMAHA,NE,NEBRASKA,41.30316666,-95.89405555,41.30316666,-95.89405555,984.5,PU,PU,Towered,
12855.14,MLE,MILLARD,OMAHA,NE,NEBRASKA,41.19598611,-96.11226472,41.19598611,-96.11226472,1050.7,PU,PU,Non-towered,
12861,ODX,EVELYN SHARP FLD,ORD,NE,NEBRASKA,41.62369444,-98.95186111,41.62369444,-98.95186111,2070,PU,PU,Non-towered,
12865,OKS,GARDEN COUNTY/KING RHILEY FLD,OSHKOSH,NE,NEBRASKA,41.40191108,-102.3563516,41.40191108,-102.3563516,3394.1,PU,PU,Non-towered,
12878.1,0C4,PENDER MUNI,PENDER,NE,NEBRASKA,42.11341811,-96.72781338,42.11341811,-96.72781338,1345.4,PU,PU,Non-towered,
12889.2,PMV,PLATTSMOUTH MUNI/DOUGLAS V DUEY FLD,PLATTSMOUTH,NE,NEBRASKA,40.94836944,-95.91735416,40.94836944,-95.91735416,1204.4,PU,PU,Non-towered,
12895.1,7V7,RED CLOUD MUNI,RED CLOUD,NE,NEBRASKA,40.08216666,-98.54136111,40.08216666,-98.54136111,1744.4,PU,PU,Non-towered,
12902,9V5,MODISETT,RUSHVILLE,NE,NEBRASKA,42.73657547,-102.4443601,42.73657547,-102.4443601,3751.3,PU,PU,Non-towered,
12911,09K,SARGENT MUNI,SARGENT,NE,NEBRASKA,41.63491666,-99.34213888,41.63491666,-99.34213888,2313,PU,PU,Non-towered,
12915,BFF,SCOTTSBLUFF/WESTERN NEBRASKA RGNL/WM  B HEILIG FLD,SCOTTSBLUFF,NE,NEBRASKA,41.87402777,-103.5956389,41.87402777,-103.5956389,3967.3,PU,PU,Non-towered,
12917,SCB,SCRIBNER STATE,SCRIBNER,NE,NEBRASKA,41.61070763,-96.62977875,41.61070763,-96.62977875,1324.9,PU,PU,Non-towered,
12920.12,SWT,SEWARD MUNI,SEWARD,NE,NEBRASKA,40.86472222,-97.10922222,40.86472222,-97.10922222,1505.5,PU,PU,Non-towered,
12927,SNY,SIDNEY MUNI/LLOYD W CARR FLD,SIDNEY,NE,NEBRASKA,41.09976083,-102.9849931,41.09976083,-102.9849931,4314.2,PU,PU,Non-towered,
12940,12K,SUPERIOR MUNI,SUPERIOR,NE,NEBRASKA,40.04619986,-98.06125544,40.04619986,-98.06125544,1691.5,PU,PU,Non-towered,
12944.01,0G3,TECUMSEH MUNI,TECUMSEH,NE,NEBRASKA,40.40094444,-96.17044444,40.40094444,-96.17044444,1306.1,PU,PU,Non-towered,
12946.1,TQE,TEKAMAH MUNI,TEKAMAH,NE,NEBRASKA,41.76353705,-96.177939,41.76353705,-96.177939,1026.8,PU,PU,Non-towered,
12951.11,TIF,THOMAS COUNTY,THEDFORD,NE,NEBRASKA,41.96270027,-100.5702944,41.96270027,-100.5702944,2925.4,PU,PU,Non-towered,
12960,VTN,MILLER FLD,VALENTINE,NE,NEBRASKA,42.85669638,-100.5489642,42.85669638,-100.5489642,2595.4,PU,PU,Non-towered,
12964,AHQ,WAHOO MUNI,WAHOO,NE,NEBRASKA,41.24060527,-96.59454861,41.24060527,-96.59454861,1225.6,PU,PU,Non-towered,
12966,64V,WALLACE MUNI,WALLACE,NE,NEBRASKA,40.83222444,-101.1640447,40.83222444,-101.1640447,3101,PU,PU,Non-towered,
12974,LCG,WAYNE MUNI/STAN MORRIS FLD,WAYNE,NE,NEBRASKA,42.24160575,-96.982271,42.24160575,-96.982271,1431.7,PU,PU,Non-towered,
12993.01,JYR,YORK MUNI,YORK,NE,NEBRASKA,40.89641638,-97.62407244,40.89641638,-97.62407244,1669.7,PU,PU,Non-towered,
13201,BML,BERLIN RGNL,BERLIN,NH,NEW HAMPSHIRE,44.57536111,-71.17591666,44.57536111,-71.17591666,1161.3,PU,PU,Non-towered,
13210,2N2,NEWFOUND VALLEY,BRISTOL,NH,NEW HAMPSHIRE,43.59201805,-71.75146805,43.59201805,-71.75146805,510,PR,PU,Non-towered,
13218,CNH,CLAREMONT MUNI,CLAREMONT,NH,NEW HAMPSHIRE,43.37050444,-72.36820694,43.37050444,-72.36820694,543.3,PU,PU,Non-towered,
13224,CON,CONCORD MUNI,CONCORD,NH,NEW HAMPSHIRE,43.20272222,-71.50227777,43.20272222,-71.50227777,341.7,PU,PU,Non-towered,
13241,ERR,ERROL,ERROL,NH,NEW HAMPSHIRE,44.79216666,-71.16452525,44.79216666,-71.16452525,1248,PR,PU,Non-towered,
13281,5B9,DEAN MEML,HAVERHILL,NH,NEW HAMPSHIRE,44.08017283,-72.00775991,44.08017283,-72.00775991,581.7,PU,PU,Non-towered,
13287,8B1,HAWTHORNE-FEATHER AIRPARK,HILLSBORO,NH,NEW HAMPSHIRE,43.06127777,-71.90536111,43.06127777,-71.90536111,600,PR,PU,Non-towered,
13306,EEN,DILLANT/HOPKINS,KEENE,NH,NEW HAMPSHIRE,42.89838888,-72.27077777,42.89838888,-72.27077777,488,PU,PU,Non-towered,
13312,LCI,LACONIA MUNI,LACONIA,NH,NEW HAMPSHIRE,43.57304166,-71.41784166,43.57304166,-71.41784166,545.4,PU,PU,Non-towered,
13317,LEB,LEBANON MUNI,LEBANON,NH,NEW HAMPSHIRE,43.62611111,-72.30419444,43.62611111,-72.30419444,603.3,PU,PU,Towered,
13332,MHT,MANCHESTER BOSTON RGNL,MANCHESTER,NH,NEW HAMPSHIRE,42.93280555,-71.43575,42.93280555,-71.43575,266.4,PU,PU,Towered,
13345.01,4MB,MOULTONBOROUGH,MOULTONBOROUGH,NH,NEW HAMPSHIRE,43.76745702,-71.38762616,43.76745702,-71.38762616,576,PR,PU,Non-towered,
13350,ASH,BOIRE FLD,NASHUA,NH,NEW HAMPSHIRE,42.78241388,-71.51409444,42.78241388,-71.51409444,200.4,PU,PU,Towered,
13353,2B3,PARLIN FLD,NEWPORT,NH,NEW HAMPSHIRE,43.38713527,-72.18761416,43.38713527,-72.18761416,783.9,PU,PU,Non-towered,
13386,PSM,PORTSMOUTH INTL AT PEASE,PORTSMOUTH,NH,NEW HAMPSHIRE,43.07794444,-70.82327777,43.07794444,-70.82327777,100.4,PU,PU,Towered,
13395,DAW,SKYHAVEN,ROCHESTER,NH,NEW HAMPSHIRE,43.28423483,-70.9295495,43.28423483,-70.9295495,322.1,PU,PU,Non-towered,
13434.1,8B2,TWIN MOUNTAIN,TWIN MOUNTAIN,NH,NEW HAMPSHIRE,44.26406408,-71.54674869,44.26406408,-71.54674869,1459,PR,PU,Non-towered,
13452,HIE,MOUNT WASHINGTON RGNL,WHITEFIELD,NH,NEW HAMPSHIRE,44.36755555,-71.54580555,44.36755555,-71.54580555,1072,PU,PU,Non-towered,
13478.1,12N,AEROFLEX/ANDOVER,ANDOVER,NJ,NEW JERSEY,41.00861972,-74.73803388,41.00861972,-74.73803388,582.7,PU,PU,Non-towered,
13487,ACY,ATLANTIC CITY INTL,ATLANTIC CITY,NJ,NEW JERSEY,39.45757583,-74.57715527,39.45757583,-74.57715527,74.8,PU,PU,Towered,
13524,BLM,MONMOUTH EXEC,BELMAR/FARMINGDALE,NJ,NEW JERSEY,40.18677777,-74.12455555,40.18677777,-74.12455555,153.4,PR,PU,Non-towered,
13536,19N,PINE VALLEY,BERLIN,NJ,NEW JERSEY,39.77844444,-74.94780555,39.77844444,-74.94780555,150,PR,PU,Non-towered,
13543,1N7,BLAIRSTOWN,BLAIRSTOWN,NJ,NEW JERSEY,40.97113313,-74.99750405,40.97113313,-74.99750405,371.5,PR,PU,Non-towered,
13578,CDW,ESSEX COUNTY,CALDWELL,NJ,NEW JERSEY,40.87522472,-74.28135027,40.87522472,-74.28135027,172.3,PU,PU,Towered,
13640.1,17N,CROSS KEYS,CROSS KEYS,NJ,NEW JERSEY,39.70547583,-75.03300305,39.70547583,-75.03300305,162,PR,PU,Non-towered,
13782,N05,HACKETTSTOWN,HACKETTSTOWN,NJ,NEW JERSEY,40.82009916,-74.85516722,40.82009916,-74.85516722,670,PR,PU,Non-towered,
13796.2,N81,HAMMONTON MUNI,HAMMONTON,NJ,NEW JERSEY,39.66747222,-74.75772222,39.66747222,-74.75772222,64.6,PU,PU,Non-towered,
13890,N12,LAKEWOOD,LAKEWOOD,NJ,NEW JERSEY,40.06688888,-74.17755555,40.06688888,-74.17755555,41.9,PU,PU,Non-towered,
13911,N07,LINCOLN PARK,LINCOLN PARK,NJ,NEW JERSEY,40.94762805,-74.31451111,40.94762805,-74.31451111,181,PR,PU,Non-towered,
13914,LDJ,LINDEN,LINDEN,NJ,NEW JERSEY,40.61744944,-74.24459416,40.61744944,-74.24459416,22,PU,PU,Non-towered,
13925,N14,FLYING W,LUMBERTON,NJ,NEW JERSEY,39.93427777,-74.80722222,39.93427777,-74.80722222,49.3,PR,PU,Non-towered,
13966,47N,CENTRAL JERSEY RGNL,MANVILLE,NJ,NEW JERSEY,40.52444444,-74.59830555,40.52444444,-74.59830555,85.9,PR,PU,Non-towered,
14010,MIV,MILLVILLE MUNI,MILLVILLE,NJ,NEW JERSEY,39.36780555,-75.07222222,39.36780555,-75.07222222,84.6,PU,PU,Non-towered,
14031,MMU,MORRISTOWN MUNI,MORRISTOWN,NJ,NEW JERSEY,40.79933833,-74.41488861,40.79933833,-74.41488861,186.6,PU,PU,Towered,
14037.1,VAY,SOUTH JERSEY RGNL,MOUNT HOLLY,NJ,NEW JERSEY,39.94288888,-74.84575,39.94288888,-74.84575,52.8,PU,PU,Non-towered,
14052,EWR,NEWARK LIBERTY INTL,NEWARK,NJ,NEW JERSEY,40.69248055,-74.16868777,40.69248055,-74.16868777,17.5,PU,PU,Towered,1
14109,26N,OCEAN CITY MUNI,OCEAN CITY,NJ,NEW JERSEY,39.26347916,-74.60747638,39.26347916,-74.60747638,5.7,PU,PU,Non-towered,
14125,3N6,OLD BRIDGE,OLD BRIDGE,NJ,NEW JERSEY,40.32988666,-74.34678694,40.32988666,-74.34678694,87,PR,PU,Non-towered,
14189,N85,ALEXANDRIA,PITTSTOWN,NJ,NEW JERSEY,40.58757388,-75.01942055,40.58757388,-75.01942055,480,PR,PU,Non-towered,
14190,N40,SKY MANOR,PITTSTOWN,NJ,NEW JERSEY,40.56588222,-74.97930805,40.56588222,-74.97930805,560,PR,PU,Non-towered,
14215,39N,PRINCETON,PRINCETON/ROCKY HILL,NJ,NEW JERSEY,40.39908888,-74.65900638,40.39908888,-74.65900638,128.2,PR,PU,Non-towered,
14261,N87,TRENTON-ROBBINSVILLE,ROBBINSVILLE,NJ,NEW JERSEY,40.21394444,-74.60177777,40.21394444,-74.60177777,118,PR,PU,Non-towered,
14311,SMQ,SOMERSET,SOMERVILLE,NJ,NEW JERSEY,40.62598063,-74.67003161,40.62598063,-74.67003161,106.2,PR,PU,Non-towered,
14344,FWN,SUSSEX,SUSSEX,NJ,NEW JERSEY,41.20021388,-74.62303527,41.20021388,-74.62303527,421.6,PR,PU,Non-towered,
14349,TEB,TETERBORO,TETERBORO,NJ,NEW JERSEY,40.85010194,-74.06083333,40.85010194,-74.06083333,8.3,PU,PU,Towered,
14353.1,MJX,OCEAN COUNTY,TOMS RIVER,NJ,NEW JERSEY,39.92604166,-74.29553472,39.92604166,-74.29553472,86,PU,PU,Non-towered,
14366,TTN,TRENTON MERCER,TRENTON,NJ,NEW JERSEY,40.27669444,-74.81347222,40.27669444,-74.81347222,212.6,PU,PU,Towered,
14447,31E,EAGLES NEST,WEST CREEK,NJ,NEW JERSEY,39.66545416,-74.30804444,39.66545416,-74.30804444,38.6,PR,PU,Non-towered,
14448,4N1,GREENWOOD LAKE,WEST MILFORD,NJ,NEW JERSEY,41.12838888,-74.34652777,41.12838888,-74.34652777,789.6,PU,PU,Non-towered,
14460,WWD,CAPE MAY COUNTY,WILDWOOD,NJ,NEW JERSEY,39.00836944,-74.90850888,39.00836944,-74.90850888,21.7,PU,PU,Non-towered,
14466,OBI,WOODBINE MUNI,WOODBINE,NJ,NEW JERSEY,39.21913888,-74.79475,39.21913888,-74.79475,41,PU,PU,Non-towered,
14524,ALM,ALAMOGORDO-WHITE SANDS RGNL,ALAMOGORDO,NM,NEW MEXICO,32.83941666,-105.9911389,32.83941666,-105.9911389,4199.9,PU,PU,Non-towered,
14524.02,E02,TIMBERON,ALAMOGORDO,NM,NEW MEXICO,32.63406944,-105.68745,32.63406944,-105.68745,6963,PU,PU,Non-towered,
14532,ABQ,ALBUQUERQUE INTL SUNPORT,ALBUQUERQUE,NM,NEW MEXICO,35.03893155,-106.6082622,35.03893155,-106.6082622,5354.9,PU,PU,Towered,
14528.1,AEG,DOUBLE EAGLE II,ALBUQUERQUE,NM,NEW MEXICO,35.14490944,-106.7951739,35.14490944,-106.7951739,5837.4,PU,PU,Towered,
14534,AXX,ANGEL FIRE,ANGEL FIRE,NM,NEW MEXICO,36.42200027,-105.289905,36.42200027,-105.289905,8379.5,PU,PU,Non-towered,
14542,ATS,ARTESIA MUNI,ARTESIA,NM,NEW MEXICO,32.85194444,-104.4675833,32.85194444,-104.4675833,3544.5,PU,PU,Non-towered,
14544,N19,AZTEC MUNI,AZTEC,NM,NEW MEXICO,36.83694927,-108.0286564,36.83694927,-108.0286564,5882,PU,PU,Non-towered,
14546.1,BRG,BELEN RGNL,BELEN,NM,NEW MEXICO,34.64586163,-106.8363401,34.64586163,-106.8363401,5199.5,PU,PU,Non-towered,
14559,CNM,CAVERN CITY AIR TRML,CARLSBAD,NM,NEW MEXICO,32.33744444,-104.2633611,32.33744444,-104.2633611,3294.6,PU,PU,Non-towered,
14563.1,F37,CARRIZOZO MUNI,CARRIZOZO,NM,NEW MEXICO,33.64890277,-105.89622,33.64890277,-105.89622,5372.9,PU,PU,Non-towered,
14568,C12,CIMARRON,CIMARRON,NM,NEW MEXICO,36.51270833,-104.9247083,36.51270833,-104.9247083,6460,PU,PU,Non-towered,
14571,CAO,CLAYTON MUNI AIRPARK,CLAYTON,NM,NEW MEXICO,36.44629111,-103.1499319,36.44629111,-103.1499319,4969.8,PU,PU,Non-towered,
14578,CVN,CLOVIS RGNL,CLOVIS,NM,NEW MEXICO,34.42659025,-103.07758,34.42659025,-103.07758,4215.8,PU,PU,Non-towered,
14583,E89,CONCHAS LAKE,CONCHAS DAM,NM,NEW MEXICO,35.36783888,-104.1805083,35.36783888,-104.1805083,4232.3,PU,PU,Non-towered,
14585.01,0.00E+00,CROWNPOINT,CROWNPOINT,NM,NEW MEXICO,35.71765888,-108.2015961,35.71765888,-108.2015961,6696,PU,PU,Non-towered,
14595,DMN,DEMING MUNI,DEMING,NM,NEW MEXICO,32.26238888,-107.719,32.26238888,-107.719,4314,PU,PU,Non-towered,
14596.6,24N,JICARILLA APACHE NATION,DULCE,NM,NEW MEXICO,36.828535,-106.8841914,36.828535,-106.8841914,7618,PU,PU,Non-towered,
14599.4,1N1,SANDIA AIRPARK ESTATES EAST,EDGEWOOD,NM,NEW MEXICO,35.09461111,-106.1645556,35.09461111,-106.1645556,6565,PR,PU,Non-towered,
14604.7,E14,OHKAY OWINGEH,ESPANOLA,NM,NEW MEXICO,36.02611944,-106.0454153,36.02611944,-106.0454153,5760.2,PU,PU,Non-towered,
14607,FMN,FOUR CORNERS RGNL,FARMINGTON,NM,NEW MEXICO,36.74125111,-108.2299417,36.74125111,-108.2299417,5506.6,PU,PU,Towered,
14609,FSU,FORT SUMNER MUNI,FORT SUMNER,NM,NEW MEXICO,34.4887513,-104.2164184,34.4887513,-104.2164184,4164.7,PU,PU,Non-towered,
14612,GUP,GALLUP MUNI,GALLUP,NM,NEW MEXICO,35.51105833,-108.7893094,35.51105833,-108.7893094,6472.6,PU,PU,Non-towered,
14614.1,GNT,GRANTS-MILAN MUNI,GRANTS,NM,NEW MEXICO,35.16727777,-107.9020556,35.16727777,-107.9020556,6536.9,PU,PU,Non-towered,
14617.1,E05,HATCH MUNI,HATCH,NM,NEW MEXICO,32.660292,-107.1954089,32.660292,-107.1954089,4128.9,PU,PU,Non-towered,
14621,HOB,LEA COUNTY RGNL,HOBBS,NM,NEW MEXICO,32.68734944,-103.2175286,32.68734944,-103.2175286,3660.7,PU,PU,Towered,
14632.1,E26,LEA COUNTY/JAL,JAL,NM,NEW MEXICO,32.13107833,-103.1548506,32.13107833,-103.1548506,3118,PU,PU,Non-towered,
14636,LRU,LAS CRUCES INTL,LAS CRUCES,NM,NEW MEXICO,32.28941388,-106.9219644,32.28941388,-106.9219644,4456.9,PU,PU,Non-towered,
14637,LVS,LAS VEGAS MUNI,LAS VEGAS,NM,NEW MEXICO,35.65422222,-105.1423889,35.65422222,-105.1423889,6877.2,PU,PU,Non-towered,
14643,LSB,LORDSBURG MUNI,LORDSBURG,NM,NEW MEXICO,32.33365666,-108.69186,32.33365666,-108.69186,4287.9,PU,PU,Non-towered,
14644.6,LAM,LOS ALAMOS,LOS ALAMOS,NM,NEW MEXICO,35.87968611,-106.2686861,35.87968611,-106.2686861,7170.9,PU,PU,Non-towered,
14644.9,E98,MID VALLEY AIRPARK,LOS LUNAS,NM,NEW MEXICO,34.76100833,-106.7449444,34.76100833,-106.7449444,4835.6,PR,PU,Non-towered,
14646.1,E06,LEA COUNTY/ZIP FRANKLIN MEML,LOVINGTON,NM,NEW MEXICO,32.95394444,-103.4087778,32.95394444,-103.4087778,3979.2,PU,PU,Non-towered,
14665.32,0.00E+00,MORIARTY MUNI,MORIARTY,NM,NEW MEXICO,34.97816666,-106.0000278,34.97816666,-106.0000278,6204.2,PU,PU,Non-towered,
14666,N01,MOSQUERO EMERGENCY SERVICES,MOSQUERO,NM,NEW MEXICO,35.78244444,-103.9580278,35.78244444,-103.9580278,5590,PU,PU,Non-towered,
14667.1,M10,MOUNTAINAIR MUNI,MOUNTAINAIR,NM,NEW MEXICO,34.53333333,-106.2238889,34.53333333,-106.2238889,6492,PU,PU,Non-towered,
14679,1V0,NAVAJO LAKE,NAVAJO DAM,NM,NEW MEXICO,36.80829055,-107.6526142,36.80829055,-107.6526142,6478.2,PU,PU,Non-towered,
14700,PRZ,PORTALES MUNI,PORTALES,NM,NEW MEXICO,34.14548138,-103.4103336,34.14548138,-103.4103336,4077.8,PU,PU,Non-towered,
14704.73,C54,CATRON COUNTY,QUEMADO,NM,NEW MEXICO,34.315725,-108.3098917,34.315725,-108.3098917,7205,PU,PU,Non-towered,
14705.1,N24,QUESTA MUNI NR 2,QUESTA,NM,NEW MEXICO,36.80030555,-105.5975,36.80030555,-105.5975,7689.6,PU,PU,Non-towered,
14709,RTN,RATON MUNI/CREWS FLD,RATON,NM,NEW MEXICO,36.74243916,-104.5017264,36.74243916,-104.5017264,6352.4,PU,PU,Non-towered,
14712.1,T16,RESERVE,RESERVE,NM,NEW MEXICO,33.69433888,-108.849975,33.69433888,-108.849975,6364.7,PU,PU,Non-towered,
14719,ROW,ROSWELL AIR CENTER,ROSWELL,NM,NEW MEXICO,33.2998775,-104.5294031,33.2998775,-104.5294031,3671,PU,PU,Towered,
14726.01,SRR,SIERRA BLANCA RGNL,RUIDOSO,NM,NEW MEXICO,33.46094444,-105.5301389,33.46094444,-105.5301389,6813.8,PU,PU,Non-towered,
14728,SAF,SANTA FE RGNL,SANTA FE,NM,NEW MEXICO,35.61711111,-106.0894167,35.61711111,-106.0894167,6348.7,PU,PU,Towered,
14733.4,SXU,SANTA ROSA ROUTE 66,SANTA ROSA,NM,NEW MEXICO,34.93567208,-104.6425638,34.93567208,-104.6425638,4791.4,PU,PU,Non-towered,
14733.8,DNA,DONA ANA COUNTY INTL JETPORT,SANTA TERESA,NM,NEW MEXICO,31.88044444,-106.70325,31.88044444,-106.70325,4112.8,PU,PU,Non-towered,
14734.02,5V5,SHIPROCK AIRSTRIP,SHIPROCK,NM,NEW MEXICO,36.697665,-108.7009728,36.697665,-108.7009728,5272.6,PU,PU,Non-towered,
14737,SVC,GRANT COUNTY,SILVER CITY,NM,NEW MEXICO,32.63654694,-108.156385,32.63654694,-108.156385,5445.6,PU,PU,Non-towered,
14736.12,94E,WHISKEY CREEK,SILVER CITY,NM,NEW MEXICO,32.76201972,-108.2083797,32.76201972,-108.2083797,6126,PR,PU,Non-towered,
14739,ONM,SOCORRO MUNI,SOCORRO,NM,NEW MEXICO,34.02247222,-106.9031389,34.02247222,-106.9031389,4875.2,PU,PU,Non-towered,
14740.21,S42,SPRINGER MUNI,SPRINGER,NM,NEW MEXICO,36.33152222,-104.6178514,36.33152222,-104.6178514,5894,PU,PU,Non-towered,
14741.05,SKX,TAOS RGNL,TAOS,NM,NEW MEXICO,36.45169444,-105.6730833,36.45169444,-105.6730833,7094.6,PU,PU,Non-towered,
14741.6,18T,TATUM,TATUM,NM,NEW MEXICO,33.26080555,-103.2784861,33.26080555,-103.2784861,3986,PU,PU,Non-towered,
14747,TCS,TRUTH OR CONSEQUENCES MUNI,TRUTH OR CONSEQUENCES,NM,NEW MEXICO,33.23536111,-107.2698889,33.23536111,-107.2698889,4861.9,PU,PU,Non-towered,
14748,TCC,TUCUMCARI MUNI,TUCUMCARI,NM,NEW MEXICO,35.18277805,-103.6031944,35.18277805,-103.6031944,4064.9,PU,PU,Non-towered,
14752,N17,VAUGHN MUNI,VAUGHN,NM,NEW MEXICO,34.60458027,-105.1918219,34.60458027,-105.1918219,5935.9,PU,PU,Non-towered,
14766.01,XNI,ANDREW OTHOLE MEML,ZUNI,NM,NEW MEXICO,35.06067527,-108.9375994,35.06067527,-108.9375994,6371.2,PU,PU,Non-towered,
14766.02,NM1,BLACK ROCK,ZUNI,NM,NEW MEXICO,35.08495833,-108.7883167,35.08495833,-108.7883167,6454,PU,PU,Non-towered,
13011,L92,ALAMO LANDING FLD,ALAMO,NV,NEVADA,37.36343388,-115.1954894,37.36343388,-115.1954894,3757.2,PU,PU,Non-towered,
13012,TMT,AUSTIN,AUSTIN,NV,NEVADA,39.46794333,-117.1974539,39.46794333,-117.1974539,5735.1,PU,PU,Non-towered,
13016,BAM,BATTLE MOUNTAIN,BATTLE MOUNTAIN,NV,NEVADA,40.59905555,-116.8743333,40.59905555,-116.8743333,4536.1,PU,PU,Non-towered,
13020.1,BTY,BEATTY,BEATTY,NV,NEVADA,36.86113305,-116.7863994,36.86113305,-116.7863994,3169,PU,PU,Non-towered,
13027.11,BVU,BOULDER CITY MUNI,BOULDER CITY,NV,NEVADA,35.94730805,-114.8610842,35.94730805,-114.8610842,2203.1,PU,PU,Non-towered,
13042,CXP,CARSON CITY,CARSON CITY,NV,NEVADA,39.19230416,-119.7325706,39.19230416,-119.7325706,4704.4,PU,PU,Non-towered,
13044.8,A34,DAYTON VALLEY AIRPARK,DAYTON/CARSON CITY,NV,NEVADA,39.23841666,-119.5554444,39.23841666,-119.5554444,4414.3,PR,PU,Non-towered,
13048,EKO,ELKO RGNL,ELKO,NV,NEVADA,40.82499861,-115.7913375,40.82499861,-115.7913375,5139.8,PU,PU,Non-towered,
13051,ELY,ELY/YELLAND FLD,ELY,NV,NEVADA,39.29968833,-114.8418781,39.29968833,-114.8418781,6259.7,PU,PU,Non-towered,
13054,05U,EUREKA,EUREKA,NV,NEVADA,39.60375,-116.0036111,39.60375,-116.0036111,5957.8,PU,PU,Non-towered,
13057.1,FLX,FALLON MUNI,FALLON,NV,NEVADA,39.49916944,-118.7487922,39.49916944,-118.7487922,3966.4,PU,PU,Non-towered,
13060,N58,SAMSARG FLD,FERNLEY,NV,NEVADA,39.55979408,-119.2426565,39.55979408,-119.2426565,4346,PU,PU,Non-towered,
13070.07,1A8,GOLDFIELD,GOLDFIELD,NV,NEVADA,37.72205861,-117.2363658,37.72205861,-117.2363658,5616,PR,PU,Non-towered,
13072,HTH,HAWTHORNE INDUSTRIAL,HAWTHORNE,NV,NEVADA,38.54507694,-118.6324031,38.54507694,-118.6324031,4230.4,PU,PU,Non-towered,
13079.25,06U,JACKPOT/HAYDEN FLD,JACKPOT,NV,NEVADA,41.97583083,-114.6580156,41.97583083,-114.6580156,5223.7,PU,PU,Non-towered,
13079.5,0L7,JEAN,JEAN,NV,NEVADA,35.76826436,-115.329622,35.76826436,-115.329622,2835,PU,PU,Non-towered,
13080,N15,KINGSTON,KINGSTON,NV,NEVADA,39.20266525,-117.0689344,39.20266525,-117.0689344,6075,PU,PU,Non-towered,
13083,LAS,HARRY REID INTL,LAS VEGAS,NV,NEVADA,36.08034277,-115.1524486,36.08034277,-115.1524486,2183.1,PU,PU,Towered,1
13083.29,HND,HENDERSON EXEC,LAS VEGAS,NV,NEVADA,35.972855,-115.1343847,35.972855,-115.1343847,2491.4,PU,PU,Towered,
13082,VGT,NORTH LAS VEGAS,LAS VEGAS,NV,NEVADA,36.21070291,-115.1944432,36.21070291,-115.1944432,2205,PU,PU,Towered,
13085,LOL,DERBY FLD,LOVELOCK,NV,NEVADA,40.06646747,-118.5650861,40.06646747,-118.5650861,3907.6,PU,PU,Non-towered,
13089.7,67L,MESQUITE,MESQUITE,NV,NEVADA,36.83313888,-114.0558889,36.83313888,-114.0558889,1978.1,PU,PU,Non-towered,
13091,MEV,MINDEN-TAHOE,MINDEN,NV,NEVADA,39.0005,-119.7511111,39.0005,-119.7511111,4723.6,PU,PU,Non-towered,
13104.1,0L9,ECHO BAY,OVERTON,NV,NEVADA,36.31103786,-114.4638941,36.31103786,-114.4638941,1535,PU,PU,Non-towered,
13104,U08,PERKINS FLD,OVERTON,NV,NEVADA,36.56810888,-114.4433297,36.56810888,-114.4433297,1365.9,PU,PU,Non-towered,
13106,10U,OWYHEE,OWYHEE,NV,NEVADA,41.95362833,-116.18207,41.95362833,-116.18207,5377.2,PU,PU,Non-towered,
13106.74,74P,CALVADA MEADOWS,PAHRUMP,NV,NEVADA,36.27205925,-115.9952593,36.27205925,-115.9952593,2726,PR,PU,Non-towered,
13108,1L1,LINCOLN COUNTY,PANACA,NV,NEVADA,37.78741666,-114.4198889,37.78741666,-114.4198889,4831,PU,PU,Non-towered,
13124,RTS,RENO/STEAD,RENO,NV,NEVADA,39.66817694,-119.8764396,39.66817694,-119.8764396,5050.1,PU,PU,Non-towered,
13123,RNO,RENO/TAHOE INTL,RENO,NV,NEVADA,39.49911111,-119.7681111,39.49911111,-119.7681111,4414.9,PU,PU,Towered,
13128.3,3L2,SKY RANCH,SANDY VALLEY,NV,NEVADA,35.79294444,-115.6264167,35.79294444,-115.6264167,2599,PR,PU,Non-towered,
13130.1,1L3,SEARCHLIGHT,SEARCHLIGHT,NV,NEVADA,35.44455555,-114.9093611,35.44455555,-114.9093611,3413,PR,PU,Non-towered,
13133.4,SPZ,SILVER SPRINGS,SILVER SPRINGS,NV,NEVADA,39.40305555,-119.2511944,39.40305555,-119.2511944,4265.2,PU,PU,Non-towered,
13134.1,N59,ROSASCHI AIR PARK,SMITH,NV,NEVADA,38.83935694,-119.3382144,38.83935694,-119.3382144,4809,PU,PU,Non-towered,
13138,TPH,TONOPAH,TONOPAH,NV,NEVADA,38.05989361,-117.0866008,38.05989361,-117.0866008,5430.3,PU,PU,Non-towered,
13157,LWL,WELLS MUNI/HARRIET FLD,WELLS,NV,NEVADA,41.11711111,-114.9221389,41.11711111,-114.9221389,5769,PU,PU,Non-towered,
13161,WMC,WINNEMUCCA MUNI,WINNEMUCCA,NV,NEVADA,40.89661111,-117.8058889,40.89661111,-117.8058889,4307.6,PU,PU,Non-towered,
13163.02,3A5,FLYING M RANCH,YERINGTON,NV,NEVADA,38.61275033,-119.0023202,38.61275033,-119.0023202,4921.8,PU,PU,Non-towered,
13163,O43,YERINGTON MUNI,YERINGTON,NV,NEVADA,39.00540194,-119.1565422,39.00540194,-119.1565422,4381.9,PU,PU,Non-towered,
14787,9G3,AKRON/JESSON FLD,AKRON,NY,NEW YORK,43.02109622,-78.48263319,43.02109622,-78.48263319,839.7,PR,PU,Non-towered,
14789,ALB,ALBANY INTL,ALBANY,NY,NEW YORK,42.74911611,-73.80198,42.74911611,-73.80198,284.8,PU,PU,Towered,
14791.1,9G6,PINE HILL,ALBION,NY,NEW YORK,43.17353083,-78.2746325,43.17353083,-78.2746325,669,PR,PU,Non-towered,
14858,GVQ,GENESEE COUNTY,BATAVIA,NY,NEW YORK,43.03175,-78.16966666,43.03175,-78.16966666,913.5,PU,PU,Non-towered,
14904,BGM,GREATER BINGHAMTON/EDWIN A LINK FLD,BINGHAMTON,NY,NEW YORK,42.20844444,-75.97961111,42.20844444,-75.97961111,1635.6,PU,PU,Towered,
14934.8,7G0,LEDGEDALE AIRPARK,BROCKPORT,NY,NEW YORK,43.18119444,-77.9155,43.18119444,-77.9155,664.9,PR,PU,Non-towered,
14956,9G0,BUFFALO AIRFIELD,BUFFALO,NY,NEW YORK,42.86199388,-78.71658444,42.86199388,-78.71658444,669.6,PR,PU,Non-towered,
14954,BUF,BUFFALO NIAGARA INTL,BUFFALO,NY,NEW YORK,42.94042722,-78.73056972,42.94042722,-78.73056972,726.8,PU,PU,Towered,
15548.1,BQR,BUFFALO-LANCASTER RGNL,BUFFALO,NY,NEW YORK,42.92205555,-78.61197222,42.92205555,-78.61197222,751.7,PR,PU,Non-towered,
14978.1,IUA,CANANDAIGUA,CANANDAIGUA,NY,NEW YORK,42.90890188,-77.32522627,42.90890188,-77.32522627,813.6,PU,PU,Non-towered,
15100.01,7N1,CORNING-PAINTED POST,CORNING,NY,NEW YORK,42.18010027,-77.12170194,42.18010027,-77.12170194,962.4,PU,PU,Non-towered,
15107,N03,CORTLAND COUNTY/CHASE FLD,CORTLAND,NY,NEW YORK,42.59264166,-76.21488277,42.59264166,-76.21488277,1197.3,PU,PU,Non-towered,
15125,DSV,DANSVILLE MUNI,DANSVILLE,NY,NEW YORK,42.57053138,-77.71327277,42.57053138,-77.71327277,659.8,PU,PU,Non-towered,
15157,DKK,CHAUTAUQUA COUNTY/DUNKIRK,DUNKIRK,NY,NEW YORK,42.49394444,-79.27111111,42.49394444,-79.27111111,692.3,PU,PU,Non-towered,
15167.02,JPX,EAST HAMPTON TOWN,EAST HAMPTON,NY,NEW YORK,40.95941666,-72.25166666,40.95941666,-72.25166666,54.9,PU,PU,Towered,
15201.51,N89,JOSEPH Y RESNICK,ELLENVILLE,NY,NEW YORK,41.72888583,-74.37682388,41.72888583,-74.37682388,290.2,PU,PU,Non-towered,
15203,ELM,ELMIRA/CORNING RGNL,ELMIRA/CORNING,NY,NEW YORK,42.15985472,-76.89174777,42.15985472,-76.89174777,955.1,PU,PU,Towered,
15218,CZG,TRI-CITIES,ENDICOTT,NY,NEW YORK,42.07853416,-76.09633055,42.07853416,-76.09633055,832.7,PU,PU,Non-towered,
15236,FRG,REPUBLIC,FARMINGDALE,NY,NEW YORK,40.72927416,-73.41342083,40.72927416,-73.41342083,81.6,PU,PU,Towered,
15242,0B8,ELIZABETH FLD,FISHERS ISLAND,NY,NEW YORK,41.25213888,-72.03163888,41.25213888,-72.03163888,7.2,PU,PU,Non-towered,
15268.6,1I5,FREEHOLD,FREEHOLD,NY,NEW YORK,42.364,-74.06502777,42.364,-74.06502777,440,PR,PU,Non-towered,
15276,FZY,OSWEGO COUNTY,FULTON,NY,NEW YORK,43.35077361,-76.38805555,43.35077361,-76.38805555,475.1,PU,PU,Non-towered,
15279.8,K30,HEBER AIRPARK,GANSEVOORT,NY,NEW YORK,43.18340722,-73.63317222,43.18340722,-73.63317222,230,PR,PU,Non-towered,
15289,9G5,ROYALTON,GASPORT,NY,NEW YORK,43.18200222,-78.55780527,43.18200222,-78.55780527,628,PR,PU,Non-towered,
15309,GFL,FLOYD BENNETT MEML,GLENS FALLS,NY,NEW YORK,43.34122222,-73.61030555,43.34122222,-73.61030555,328.4,PU,PU,Non-towered,
15353.1,4G2,HAMBURG,HAMBURG,NY,NEW YORK,42.7008925,-78.91475694,42.7008925,-78.91475694,751,PR,PU,Non-towered,
15362.2,VGC,HAMILTON MUNI,HAMILTON,NY,NEW YORK,42.84344444,-75.56119444,42.84344444,-75.56119444,1136.7,PU,PU,Non-towered,
15437,HTF,HORNELL MUNI,HORNELL,NY,NEW YORK,42.38213888,-77.68211111,42.38213888,-77.68211111,1219.4,PU,PU,Non-towered,
15457.1,1B1,COLUMBIA COUNTY,HUDSON,NY,NEW YORK,42.29130555,-73.71033333,42.29130555,-73.71033333,198.1,PU,PU,Non-towered,
15488,ITH,ITHACA TOMPKINS INTL,ITHACA,NY,NEW YORK,42.49136111,-76.45872222,42.49136111,-76.45872222,1099,PU,PU,Towered,
15491,JHW,CHAUTAUQUA COUNTY/JAMESTOWN,JAMESTOWN,NY,NEW YORK,42.15339444,-79.25802277,42.15339444,-79.25802277,1723.3,PU,PU,Non-towered,
15504,NY0,FULTON COUNTY,JOHNSTOWN,NY,NEW YORK,42.99819444,-74.32955472,42.99819444,-74.32955472,880.8,PU,PU,Non-towered,
15525.1,20N,KINGSTON-ULSTER,KINGSTON,NY,NEW YORK,41.98525,-73.96433333,41.98525,-73.96433333,147.4,PR,PU,Non-towered,
15542,LKP,LAKE PLACID,LAKE PLACID,NY,NEW YORK,44.26447777,-73.96186944,44.26447777,-73.96186944,1747,PU,PU,Non-towered,
15557.2,5G0,LE ROY,LE ROY,NY,NEW YORK,42.98128138,-77.93524805,42.98128138,-77.93524805,780.3,PR,PU,Non-towered,
15612,MAL,MALONE-DUFORT,MALONE,NY,NEW YORK,44.85366666,-74.32894444,44.85366666,-74.32894444,789.9,PU,PU,Non-towered,
15647,MSS,MASSENA INTL-RICHARDS FLD,MASSENA,NY,NEW YORK,44.93624111,-74.84511972,44.93624111,-74.84511972,221.5,PU,PU,Non-towered,
15652,21N,MATTITUCK,MATTITUCK,NY,NEW YORK,40.98694444,-72.51913888,40.98694444,-72.51913888,30,PR,PU,Non-towered,
15684,06N,RANDALL,MIDDLETOWN,NY,NEW YORK,41.43191194,-74.39156083,41.43191194,-74.39156083,522.7,PR,PU,Non-towered,
15690.1,44N,SKY ACRES,MILLBROOK,NY,NEW YORK,41.70742388,-73.7380225,41.70742388,-73.7380225,697.3,PR,PU,Non-towered,
15707,MTP,MONTAUK,MONTAUK,NY,NEW YORK,41.07666666,-71.92047222,41.07666666,-71.92047222,6.8,PR,PU,Non-towered,
15711,MGJ,ORANGE COUNTY,MONTGOMERY,NY,NEW YORK,41.51181166,-74.26353916,41.51181166,-74.26353916,369.9,PU,PU,Non-towered,
15713.11,MSV,SULLIVAN COUNTY INTL,MONTICELLO,NY,NEW YORK,41.70163888,-74.79502777,41.70163888,-74.79502777,1403,PU,PU,Non-towered,
15793,JFK,JOHN F KENNEDY INTL,NEW YORK,NY,NEW YORK,40.63992805,-73.77869222,40.63992805,-73.77869222,13,PU,PU,Towered,1
15794,LGA,LAGUARDIA,NEW YORK,NY,NEW YORK,40.77724222,-73.87260555,40.77724222,-73.87260555,20.7,PU,PU,Towered,1
15783,ISP,LONG ISLAND MAC ARTHUR,NEW YORK,NY,NEW YORK,40.79613569,-73.10066505,40.79613569,-73.10066505,98.7,PU,PU,Towered,
15752,SWF,NEW YORK STEWART INTL,NEW YORK,NY,NEW YORK,41.50411111,-74.10483333,41.50411111,-74.10483333,490.7,PU,PU,Towered,
15800,IAG,NIAGARA FALLS INTL,NIAGARA FALLS,NY,NEW YORK,43.10755736,-78.94584666,43.10755736,-78.94584666,592.3,PU,PU,Towered,
15836,OIC,LT WARREN EATON,NORWICH,NY,NEW YORK,42.56655555,-75.52411111,42.56655555,-75.52411111,1024.4,PU,PU,Non-towered,
15851,OGS,OGDENSBURG INTL,OGDENSBURG,NY,NEW YORK,44.68225,-75.46325,44.68225,-75.46325,301.8,PU,PU,Non-towered,
15857.1,OLE,CATTARAUGUS COUNTY-OLEAN,OLEAN,NY,NEW YORK,42.24119444,-78.37136111,42.24119444,-78.37136111,2135.4,PU,PU,Non-towered,
15866.11,N66,ALBERT S NADER RGNL,ONEONTA,NY,NEW YORK,42.52477777,-75.06447222,42.52477777,-75.06447222,1763.3,PU,PU,Non-towered,
15879,D82,OVID,OVID,NY,NEW YORK,42.65479277,-76.79634277,42.65479277,-76.79634277,1062,PR,PU,Non-towered,
15932,PEO,PENN YAN/YATES COUNTY,PENN YAN,NY,NEW YORK,42.63708333,-77.05286111,42.63708333,-77.05286111,988,PU,PU,Non-towered,
15942,01G,PERRY-WARSAW,PERRY,NY,NEW YORK,42.74134861,-78.05214805,42.74134861,-78.05214805,1558.1,PU,PU,Non-towered,
15951,K09,PISECO,PISECO,NY,NEW YORK,43.453265,-74.51500805,43.453265,-74.51500805,1703.2,PU,PU,Non-towered,
15957.01,PBG,PLATTSBURGH INTL,PLATTSBURGH,NY,NEW YORK,44.65094444,-73.46813888,44.65094444,-73.46813888,234.2,PU,PU,Non-towered,
15986,PTD,POTSDAM MUNI/DAMON FLD,POTSDAM,NY,NEW YORK,44.67666666,-74.94844444,44.67666666,-74.94844444,473.9,PU,PU,Non-towered,
15989.2,POU,HUDSON VALLEY RGNL,POUGHKEEPSIE,NY,NEW YORK,41.626585,-73.88418861,41.626585,-73.88418861,163.5,PU,PU,Towered,
16034,ROC,FREDERICK DOUGLASS/GREATER ROCHESTER INTL,ROCHESTER,NY,NEW YORK,43.11914361,-77.67186888,43.11914361,-77.67186888,558.9,PU,PU,Towered,
16040.1,K16,BECKS GROVE,ROME,NY,NEW YORK,43.25084722,-75.60436111,43.25084722,-75.60436111,450,PR,PU,Non-towered,
16040,RME,GRIFFISS INTL,ROME,NY,NEW YORK,43.23379944,-75.40702583,43.23379944,-75.40702583,504,PU,PU,Towered,
16097,SLK,ADIRONDACK RGNL,SARANAC LAKE,NY,NEW YORK,44.38530805,-74.20618138,44.38530805,-74.20618138,1662.6,PU,PU,Non-towered,
16100.2,5B2,SARATOGA COUNTY,SARATOGA SPRINGS,NY,NEW YORK,43.05072222,-73.86163888,43.05072222,-73.86163888,433.9,PU,PU,Non-towered,
16118,SCH,SCHENECTADY COUNTY,SCHENECTADY,NY,NEW YORK,42.85271833,-73.92956444,42.85271833,-73.92956444,377.9,PU,PU,Towered,
16127,4B7,SCHROON LAKE,SCHROON LAKE,NY,NEW YORK,43.8625795,-73.74054722,43.8625795,-73.74054722,834.2,PU,PU,Non-towered,
16144,0G7,FINGER LAKES RGNL,SENECA FALLS,NY,NEW YORK,42.88355555,-76.78116666,42.88355555,-76.78116666,491.8,PU,PU,Non-towered,
16179,HWV,BROOKHAVEN,SHIRLEY,NY,NEW YORK,40.82195416,-72.86690722,40.82195416,-72.86690722,81.3,PU,PU,Non-towered,
16181,N23,SIDNEY MUNI,SIDNEY,NY,NEW YORK,42.30258333,-75.41597222,42.30258333,-75.41597222,1026.9,PU,PU,Non-towered,
16191.1,6B9,SKANEATELES AERO DROME,SKANEATELES,NY,NEW YORK,42.91395972,-76.44076416,42.91395972,-76.44076416,1039,PR,PU,Non-towered,
16205.5,4B0,SOUTH ALBANY,SOUTH BETHLEHEM,NY,NEW YORK,42.56072222,-73.83394444,42.56072222,-73.83394444,195.5,PR,PU,Non-towered,
16251,N69,STORMVILLE,STORMVILLE,NY,NEW YORK,41.57697083,-73.73235138,41.57697083,-73.73235138,358,PR,PU,Non-towered,
16269,SYR,SYRACUSE HANCOCK INTL,SYRACUSE,NY,NEW YORK,43.11118138,-76.10632055,43.11118138,-76.10632055,421.1,PU,PU,Towered,
16277.1,4B6,TICONDEROGA MUNI,TICONDEROGA,NY,NEW YORK,43.87727777,-73.41313888,43.87727777,-73.41313888,273.6,PU,PU,Non-towered,
16286.1,5B7,RENSSELAER COUNTY,TROY,NY,NEW YORK,42.69163888,-73.57997222,42.69163888,-73.57997222,440,PR,PU,Non-towered,
16307.1,6B4,FRANKFORT-HIGHLAND,UTICA/FRANKFORT,NY,NEW YORK,43.01610694,-75.16954166,43.01610694,-75.16954166,1325,PR,PU,Non-towered,
16340.4,N45,KOBELT,WALLKILL,NY,NEW YORK,41.62416666,-74.14166666,41.62416666,-74.14166666,420,PR,PU,Non-towered,
16355,N72,WARWICK MUNI,WARWICK,NY,NEW YORK,41.28759361,-74.28709472,41.28759361,-74.28709472,540,PU,PU,Non-towered,
16367,ART,WATERTOWN INTL,WATERTOWN,NY,NEW YORK,43.99183333,-76.01941666,43.99183333,-76.01941666,330.8,PU,PU,Non-towered,
16383.1,B16,WHITFORDS,WEEDSPORT,NY,NEW YORK,43.08061736,-76.53821105,43.08061736,-76.53821105,400,PR,PU,Non-towered,
16391.1,ELZ,WELLSVILLE MUNI/TARANTINE FLD,WELLSVILLE,NY,NEW YORK,42.10952388,-77.98997861,42.10952388,-77.98997861,2124.5,PU,PU,Non-towered,
16408,FOK,FRANCIS S GABRESKI,WESTHAMPTON BEACH,NY,NEW YORK,40.84361861,-72.63181194,40.84361861,-72.63181194,66.1,PU,PU,Towered,
16433,HPN,WESTCHESTER COUNTY,WHITE PLAINS,NY,NEW YORK,41.06695305,-73.70756611,41.06695305,-73.70756611,439,PU,PU,Towered,
16433.9,SDC,WILLIAMSON/SODUS,WILLIAMSON/SODUS,NY,NEW YORK,43.2345975,-77.11946388,43.2345975,-77.11946388,424.3,PR,PU,Non-towered,
16469,N82,WURTSBORO/SULLIVAN COUNTY,WURTSBORO,NY,NEW YORK,41.59790166,-74.45915916,41.59790166,-74.45915916,548.4,PR,PU,Non-towered,
17524,AKR,AKRON FULTON INTL,AKRON,OH,OHIO,41.03742361,-81.46768472,41.03742361,-81.46768472,1067.3,PU,PU,Non-towered,
17521,CAK,AKRON-CANTON RGNL,AKRON,OH,OHIO,40.91505555,-81.44363888,40.91505555,-81.44363888,1225.5,PU,PU,Towered,
17527.1,4G3,MILLER,ALLIANCE,OH,OHIO,40.98175,-81.04213888,40.98175,-81.04213888,1071.1,PR,PU,Non-towered,
17551.1,3G4,ASHLAND COUNTY,ASHLAND,OH,OHIO,40.90297222,-82.25563888,40.90297222,-82.25563888,1206.7,PU,PU,Non-towered,
17554.1,HZY,NORTHEAST OHIO RGNL,ASHTABULA,OH,OHIO,41.77777777,-80.69677777,41.77777777,-80.69677777,926,PU,PU,Non-towered,
17560.01,UNI,OHIO UNIVERSITY,ATHENS/ALBANY,OH,OHIO,39.21189283,-82.22925541,39.21189283,-82.22925541,765.7,PU,PU,Non-towered,
17568.5,2D6,BANNOCK,BANNOCK,OH,OHIO,40.10701416,-80.97537333,40.10701416,-80.97537333,1100,PR,PU,Non-towered,
17572,6G5,BARNESVILLE/BRADFIELD,BARNESVILLE,OH,OHIO,40.002415,-81.19182388,40.002415,-81.19182388,1312.3,PU,PU,Non-towered,
17574,I69,CLERMONT COUNTY,BATAVIA,OH,OHIO,39.07839611,-84.21020777,39.07839611,-84.21020777,843.5,PU,PU,Non-towered,
17591,EDJ,BELLEFONTAINE RGNL,BELLEFONTAINE,OH,OHIO,40.37227777,-83.81925,40.37227777,-83.81925,1121.6,PU,PU,Non-towered,
17611,5G7,BLUFFTON,BLUFFTON,OH,OHIO,40.88544444,-83.86863888,40.88544444,-83.86863888,850.6,PU,PU,Non-towered,
17620,1G0,WOOD COUNTY,BOWLING GREEN,OH,OHIO,41.391,-83.63013888,41.391,-83.63013888,673,PU,PU,Non-towered,
17653.1,0G6,WILLIAMS COUNTY,BRYAN,OH,OHIO,41.46730555,-84.50677777,41.46730555,-84.50677777,729.6,PU,PU,Non-towered,
17656,17G,PORT BUCYRUS/CRAWFORD COUNTY,BUCYRUS,OH,OHIO,40.78158333,-82.97480555,40.78158333,-82.97480555,1007.8,PU,PU,Non-towered,
17664.2,8G6,HARRISON COUNTY,CADIZ,OH,OHIO,40.23837027,-81.01288388,40.23837027,-81.01288388,1176.2,PU,PU,Non-towered,
17666.51,I10,NOBLE COUNTY,CALDWELL,OH,OHIO,39.80097083,-81.53632444,39.80097083,-81.53632444,879.3,PU,PU,Non-towered,
17668.2,CDI,CAMBRIDGE MUNI,CAMBRIDGE,OH,OHIO,39.97502777,-81.57758333,39.97502777,-81.57758333,798.8,PU,PU,Non-towered,
17677,5D1,STARK COUNTY SHERIFF,CANTON,OH,OHIO,40.84016666,-81.30833333,40.84016666,-81.30833333,1135,PU,PU,Non-towered,
17695,TSO,CARROLL COUNTY/TOLSON,CARROLLTON,OH,OHIO,40.56166666,-81.07808333,40.56166666,-81.07808333,1163.6,PU,PU,Non-towered,
17699,CQA,LAKEFIELD,CELINA,OH,OHIO,40.48427777,-84.55819444,40.48427777,-84.55819444,894.3,PU,PU,Non-towered,
17722,HTW,LAWRENCE COUNTY AIRPARK,CHESAPEAKE/HUNTINGTON WVA,OH,OHIO,38.41911111,-82.49483333,38.41911111,-82.49483333,567.1,PU,PU,Non-towered,
17724.3,RZT,ROSS COUNTY,CHILLICOTHE,OH,OHIO,39.44041666,-83.02305555,39.44041666,-83.02305555,725,PU,PU,Non-towered,
17731,LUK,CINCINNATI MUNI/LUNKEN FLD,CINCINNATI,OH,OHIO,39.10297722,-84.41760583,39.10297722,-84.41760583,481.6,PU,PU,Towered,
17742.11,CYO,PICKAWAY COUNTY MEML,CIRCLEVILLE,OH,OHIO,39.516,-82.98213888,39.516,-82.98213888,684.8,PU,PU,Non-towered,
17757,BKL,BURKE LAKEFRONT,CLEVELAND,OH,OHIO,41.51786111,-81.68263888,41.51786111,-81.68263888,583.5,PU,PU,Towered,
17746,CLE,CLEVELAND-HOPKINS INTL,CLEVELAND,OH,OHIO,41.40940694,-81.85469111,41.40940694,-81.85469111,799.5,PU,PU,Towered,1
17756,CGF,CUYAHOGA COUNTY,CLEVELAND,OH,OHIO,41.56458333,-81.48722222,41.56458333,-81.48722222,876.1,PU,PU,Towered,
17772.3,4G8,COLUMBIA,COLUMBIA STATION,OH,OHIO,41.31868019,-81.96044183,41.31868019,-81.96044183,810.7,PR,PU,Non-towered,
17785.2,TZR,BOLTON FLD,COLUMBUS,OH,OHIO,39.90116666,-83.13691666,39.90116666,-83.13691666,904.2,PU,PU,Towered,
17788,CMH,JOHN GLENN COLUMBUS INTL,COLUMBUS,OH,OHIO,39.99694666,-82.89215916,39.99694666,-82.89215916,815,PU,PU,Towered,
17787,OSU,OHIO STATE UNIVERSITY,COLUMBUS,OH,OHIO,40.07951555,-83.07321277,40.07951555,-83.07321277,905.5,PU,PU,Towered,
17786,LCK,RICKENBACKER INTL,COLUMBUS,OH,OHIO,39.813787,-82.92781372,39.813787,-82.92781372,743.9,PU,PU,Towered,
17803.11,I40,RICHARD DOWNING,COSHOCTON,OH,OHIO,40.31016666,-81.85241666,40.31016666,-81.85241666,978.9,PU,PU,Non-towered,
17819,I44,DAHIO TROTWOOD,DAYTON,OH,OHIO,39.76510555,-84.34296111,39.76510555,-84.34296111,925,PR,PU,Non-towered,
17820.21,5D7,DAYTON TRANSPORTATION CENTER,DAYTON,OH,OHIO,39.75755555,-84.18839444,39.75755555,-84.18839444,800,PU,PU,Non-towered,
18392,3I7,DAYTON/PHILLIPSBURG,DAYTON,OH,OHIO,39.91327777,-84.4004125,39.91327777,-84.4004125,1028.2,PR,PU,Non-towered,
17825,MGY,DAYTON/WRIGHT BROTHERS,DAYTON,OH,OHIO,39.58897222,-84.22486111,39.58897222,-84.22486111,956.6,PU,PU,Non-towered,
17820,GDK,GREENE COUNTY/LEWIS A JACKSON RGNL,DAYTON,OH,OHIO,39.69072222,-83.99277777,39.69072222,-83.99277777,948.5,PU,PU,Non-towered,
17818,DAY,JAMES M COX DAYTON INTL,DAYTON,OH,OHIO,39.90225222,-84.21941222,39.90225222,-84.21941222,1009.1,PU,PU,Towered,
17823,I73,MORAINE AIR PARK,DAYTON,OH,OHIO,39.68210972,-84.23999166,39.68210972,-84.23999166,720,PU,PU,Non-towered,
17834,DFI,DEFIANCE MEML,DEFIANCE,OH,OHIO,41.3375,-84.42880555,41.3375,-84.42880555,706.9,PU,PU,Non-towered,
17848,DLZ,DELAWARE MUNI/JIM MOORE FLD,DELAWARE,OH,OHIO,40.27954213,-83.11338361,40.27954213,-83.11338361,945.1,PU,PU,Non-towered,
17881,02G,COLUMBIANA COUNTY,EAST LIVERPOOL,OH,OHIO,40.67330555,-80.64141666,40.67330555,-80.64141666,1160.5,PU,PU,Non-towered,
17899.4,1G1,ELYRIA,ELYRIA,OH,OHIO,41.33152777,-82.10025,41.33152777,-82.10025,757.8,PR,PU,Non-towered,
17914,FDY,FINDLAY,FINDLAY,OH,OHIO,41.01202777,-83.66861111,41.01202777,-83.66861111,812.8,PU,PU,Non-towered,
17924.1,FZI,DONALD P MILLER,FOSTORIA,OH,OHIO,41.19083333,-83.39308333,41.19083333,-83.39308333,751.6,PU,PU,Non-towered,
17932.1,14G,FREMONT,FREMONT,OH,OHIO,41.33308333,-83.16119444,41.33308333,-83.16119444,663.2,PR,PU,Non-towered,
17932.4,S24,SANDUSKY COUNTY RGNL,FREMONT,OH,OHIO,41.29575,-83.03722222,41.29575,-83.03722222,664.5,PU,PU,Non-towered,
17939,GQQ,GALION MUNI,GALION,OH,OHIO,40.75338888,-82.72380555,40.75338888,-82.72380555,1224,PU,PU,Non-towered,
17941.1,GAS,GALLIA-MEIGS RGNL,GALLIPOLIS,OH,OHIO,38.83411152,-82.16342983,38.83411152,-82.16342983,565.9,PU,PU,Non-towered,
17949,7D9,GERMACK,GENEVA,OH,OHIO,41.77783222,-80.90397972,41.77783222,-80.90397972,820,PR,PU,Non-towered,
17950.4,GEO,BROWN COUNTY,GEORGETOWN,OH,OHIO,38.88194558,-83.88273666,38.88194558,-83.88273666,957.6,PU,PU,Non-towered,
18001,HAO,BUTLER COUNTY RGNL/HOGAN FLD,HAMILTON,OH,OHIO,39.36375,-84.52194444,39.36375,-84.52194444,631.8,PU,PU,Non-towered,
18009,I67,CINCINNATI WEST,HARRISON,OH,OHIO,39.25926861,-84.77430555,39.25926861,-84.77430555,584.1,PU,PU,Non-towered,
18021.1,HOC,HIGHLAND COUNTY,HILLSBORO,OH,OHIO,39.18876133,-83.53879152,39.18876133,-83.53879152,977.3,PU,PU,Non-towered,
18045,JRO,JAMES A RHODES,JACKSON,OH,OHIO,38.98136027,-82.57784972,38.98136027,-82.57784972,726.2,PU,PU,Non-towered,
18056,89D,KELLEYS ISLAND LAND FLD,KELLEYS ISLAND,OH,OHIO,41.60318194,-82.68505416,41.60318194,-82.68505416,598.2,PU,PU,Non-towered,
18061,1G3,KENT STATE UNIVERSITY,KENT,OH,OHIO,41.15138888,-81.41511111,41.15138888,-81.41511111,1134.4,PU,PU,Non-towered,
18065.1,I95,HARDIN COUNTY,KENTON,OH,OHIO,40.6100925,-83.64425927,40.6100925,-83.64425927,1029,PU,PU,Non-towered,
18075,LHQ,FAIRFIELD COUNTY,LANCASTER,OH,OHIO,39.75563861,-82.65709638,39.75563861,-82.65709638,868.4,PU,PU,Non-towered,
18076.1,I68,WARREN COUNTY/JOHN LANE FLD,LEBANON,OH,OHIO,39.46216666,-84.25184694,39.46216666,-84.25184694,897.9,PU,PU,Non-towered,
18079,R47,RUHES,LEIPSIC,OH,OHIO,41.10310638,-84.05188861,41.10310638,-84.05188861,801,PR,PU,Non-towered,
18085.1,AOH,LIMA ALLEN COUNTY,LIMA,OH,OHIO,40.70747797,-84.02707805,40.70747797,-84.02707805,975.3,PU,PU,Non-towered,
18101.21,UYF,MADISON COUNTY,LONDON,OH,OHIO,39.93272222,-83.462,39.93272222,-83.462,1081.6,PU,PU,Non-towered,
18106.1,LPR,LORAIN COUNTY RGNL,LORAIN/ELYRIA,OH,OHIO,41.34427777,-82.17763888,41.34427777,-82.17763888,793.2,PU,PU,Non-towered,
18157,MFD,MANSFIELD LAHM RGNL,MANSFIELD,OH,OHIO,40.82141666,-82.51663888,40.82141666,-82.51663888,1297,PU,PU,Towered,
18167,MNN,MARION MUNI,MARION,OH,OHIO,40.61625,-83.06347222,40.61625,-83.06347222,993.4,PU,PU,Non-towered,
18170.2,MRT,UNION COUNTY,MARYSVILLE,OH,OHIO,40.22447555,-83.35174833,40.22447555,-83.35174833,1020.7,PU,PU,Non-towered,
18123.1,22I,VINTON COUNTY,MC ARTHUR,OH,OHIO,39.32798888,-82.44115694,39.32798888,-82.44115694,954.2,PU,PU,Non-towered,
18125,I71,MORGAN COUNTY,MC CONNELSVILLE,OH,OHIO,39.65423472,-81.8031875,39.65423472,-81.8031875,1000,PU,PU,Non-towered,
18187.3,1G5,MEDINA MUNI,MEDINA,OH,OHIO,41.13144444,-81.76488888,41.13144444,-81.76488888,1189.8,PU,PU,Non-towered,
18194.11,3T7,MIDDLE BASS ISLAND,MIDDLE BASS ISLAND,OH,OHIO,41.68838888,-82.80816666,41.68838888,-82.80816666,579,PU,PU,Non-towered,
18196,7G8,GEAUGA COUNTY,MIDDLEFIELD,OH,OHIO,41.44959555,-81.06293444,41.44959555,-81.06293444,1174.3,PU,PU,Non-towered,
18199,MWO,MIDDLETOWN RGNL/HOOK FLD,MIDDLETOWN,OH,OHIO,39.53175,-84.39644444,39.53175,-84.39644444,650.6,PU,PU,Non-towered,
18205.1,10G,HOLMES COUNTY,MILLERSBURG,OH,OHIO,40.53670125,-81.95594116,40.53670125,-81.95594116,1226.5,PU,PU,Non-towered,
18230,4I9,MORROW COUNTY,MOUNT GILEAD,OH,OHIO,40.52452305,-82.85006111,40.52452305,-82.85006111,1085.8,PU,PU,Non-towered,
18237.1,4I3,KNOX COUNTY,MOUNT VERNON,OH,OHIO,40.32891166,-82.52607055,40.32891166,-82.52607055,1191.6,PU,PU,Non-towered,
18253,7W5,HENRY COUNTY,NAPOLEON,OH,OHIO,41.37426972,-84.06787916,41.37426972,-84.06787916,682.9,PU,PU,Non-towered,
18291,I86,ED NEWLON FLD,NEW LEXINGTON,OH,OHIO,39.69159166,-82.19778805,39.69159166,-82.19778805,1051.7,PU,PU,Non-towered,
18298,PHD,HARRY CLEVER FLD,NEW PHILADELPHIA,OH,OHIO,40.47016666,-81.41994444,40.47016666,-81.41994444,894.4,PU,PU,Non-towered,
18262,VTA,LICKING COUNTY RGNL,NEWARK,OH,OHIO,40.02466666,-82.46180555,40.02466666,-82.46180555,883.8,PU,PU,Non-towered,
18305.3,41N,BRACEVILLE,NEWTON FALLS,OH,OHIO,41.2111675,-80.96925722,41.2111675,-80.96925722,900,PR,PU,Non-towered,
18310,3X5,NORTH BASS ISLAND,NORTH BASS ISLAND,OH,OHIO,41.718,-82.82111111,41.718,-82.82111111,594,PU,PU,Non-towered,
18339.12,5A1,NORWALK/HURON COUNTY,NORWALK,OH,OHIO,41.24475,-82.55122222,41.24475,-82.55122222,852.5,PU,PU,Non-towered,
18365.01,OWX,PUTNAM COUNTY,OTTAWA,OH,OHIO,41.035595,-83.98189361,41.035595,-83.98189361,763.5,PU,PU,Non-towered,
18369,OXD,MIAMI UNIVERSITY,OXFORD,OH,OHIO,39.50225972,-84.78438138,39.50225972,-84.78438138,1040.7,PU,PU,Non-towered,
18372.1,2G1,CONCORD AIRPARK,PAINESVILLE,OH,OHIO,41.6670435,-81.19718336,41.6670435,-81.19718336,998.6,PR,PU,Non-towered,
18394,I17,PIQUA/HARTZELL FLD,PIQUA,OH,OHIO,40.16469444,-84.30841666,40.16469444,-84.30841666,993.1,PU,PU,Non-towered,
18411,PCW,ERIE-OTTAWA INTL,PORT CLINTON,OH,OHIO,41.51627055,-82.86948666,41.51627055,-82.86948666,590.1,PU,PU,Non-towered,
18415,PMH,GREATER PORTSMOUTH RGNL,PORTSMOUTH,OH,OHIO,38.84047166,-82.84730944,38.84047166,-82.84730944,663.4,PU,PU,Non-towered,
18423,3W2,PUT IN BAY,PUT IN BAY,OH,OHIO,41.63666666,-82.82833333,41.63666666,-82.82833333,595,PU,PU,Non-towered,
18432.5,POV,PORTAGE COUNTY,RAVENNA,OH,OHIO,41.21018333,-81.25162388,41.21018333,-81.25162388,1197.5,PU,PU,Non-towered,
18469.3,38D,SALEM AIRPARK,SALEM,OH,OHIO,40.94808083,-80.86208194,40.94808083,-80.86208194,1162,PR,PU,Non-towered,
18481,3G6,TRI-CITY,SEBRING,OH,OHIO,40.906,-81.00002777,40.906,-81.00002777,1187.5,PR,PU,Non-towered,
18496,12G,SHELBY COMMUNITY,SHELBY,OH,OHIO,40.87286111,-82.69738888,40.87286111,-82.69738888,1120.4,PR,PU,Non-towered,
18512.1,SCA,SIDNEY MUNI,SIDNEY,OH,OHIO,40.24127777,-84.14786111,40.24127777,-84.14786111,1044,PU,PU,Non-towered,
18536,SGH,SPRINGFIELD/BECKLEY MUNI,SPRINGFIELD,OH,OHIO,39.84027777,-83.84016666,39.84027777,-83.84016666,1051.3,PU,PU,Non-towered,
18468.5,2P7,ALDERMAN,ST CLAIRSVILLE,OH,OHIO,40.05686308,-80.96318794,40.05686308,-80.96318794,1186.5,PR,PU,Non-towered,
18562,2G2,GEARY A BATES/JEFFERSON COUNTY AIRPARK,STEUBENVILLE,OH,OHIO,40.36061111,-80.70169444,40.36061111,-80.70169444,1198,PU,PU,Non-towered,
18565,16G,SENECA COUNTY,TIFFIN,OH,OHIO,41.09405555,-83.2125,41.09405555,-83.2125,785.9,PU,PU,Non-towered,
18577,TOL,EUGENE F KRANZ TOLEDO EXPRESS,TOLEDO,OH,OHIO,41.58681666,-83.80782666,41.58681666,-83.80782666,683.9,PU,PU,Towered,
18579,TDZ,TOLEDO EXEC,TOLEDO,OH,OHIO,41.56494444,-83.48222222,41.56494444,-83.48222222,622.7,PU,PU,Non-towered,
18602.2,56D,WYANDOT COUNTY,UPPER SANDUSKY,OH,OHIO,40.88336858,-83.31453155,40.88336858,-83.31453155,829.8,PU,PU,Non-towered,
18603,I74,GRIMES FLD,URBANA,OH,OHIO,40.13237186,-83.75406272,40.13237186,-83.75406272,1067.9,PU,PU,Non-towered,
18609,VNW,VAN WERT COUNTY,VAN WERT,OH,OHIO,40.86394027,-84.60796388,40.86394027,-84.60796388,786.9,PU,PU,Non-towered,
18615,VES,DARKE COUNTY,VERSAILLES,OH,OHIO,40.20441083,-84.53242277,40.20441083,-84.53242277,1007,PU,PU,Non-towered,
18621.1,3G3,WADSWORTH MUNI,WADSWORTH,OH,OHIO,41.00306111,-81.75652194,41.00306111,-81.75652194,973.7,PU,PU,Non-towered,
18621.12,15G,WELTZIEN SKYPARK,WADSWORTH,OH,OHIO,41.02818472,-81.79814722,41.02818472,-81.79814722,1210,PR,PU,Non-towered,
18622.31,AXV,NEIL ARMSTRONG,WAPAKONETA,OH,OHIO,40.49354805,-84.29807444,40.49354805,-84.29807444,912.3,PU,PU,Non-towered,
18628,62D,WARREN,WARREN,OH,OHIO,41.26702777,-80.92736111,41.26702777,-80.92736111,905,PR,PU,Non-towered,
18642.2,I23,FAYETTE COUNTY,WASHINGTON COURT HOUSE,OH,OHIO,39.57040138,-83.42051333,39.57040138,-83.42051333,979.7,PU,PU,Non-towered,
18645.1,USE,FULTON COUNTY,WAUSEON,OH,OHIO,41.60977858,-84.12718855,41.60977858,-84.12718855,780.8,PU,PU,Non-towered,
18648.1,EOP,PIKE COUNTY,WAVERLY,OH,OHIO,39.16697222,-82.92833333,39.16697222,-82.92833333,661.1,PU,PU,Non-towered,
18663.8,AMT,ALEXANDER SALAMON,WEST UNION,OH,OHIO,38.8516725,-83.56600722,38.8516725,-83.56600722,896,PU,PU,Non-towered,
18693,8G1,WILLARD,WILLARD,OH,OHIO,41.03875044,-82.7245648,41.03875044,-82.7245648,966.6,PU,PU,Non-towered,
18705,LNN,LAKE COUNTY EXEC,WILLOUGHBY,OH,OHIO,41.68402777,-81.38975,41.68402777,-81.38975,625.6,PU,PU,Non-towered,
18717.01,I66,CLINTON FLD,WILMINGTON,OH,OHIO,39.50247805,-83.86331083,39.50247805,-83.86331083,1033.1,PU,PU,Non-towered,
18717,ILN,WILMINGTON AIR PARK,WILMINGTON,OH,OHIO,39.42791666,-83.79211111,39.42791666,-83.79211111,1076.7,PU,PU,Towered,
18720.1,4G5,MONROE COUNTY,WOODSFIELD,OH,OHIO,39.77905138,-81.10278055,39.77905138,-81.10278055,1197.1,PU,PU,Non-towered,
18722.21,BJJ,WAYNE COUNTY,WOOSTER,OH,OHIO,40.87484361,-81.88826027,40.87484361,-81.88826027,1135.5,PU,PU,Non-towered,
18744,04G,LANSDOWNE,YOUNGSTOWN,OH,OHIO,41.13047222,-80.61958333,41.13047222,-80.61958333,1043.8,PR,PU,Non-towered,
18745,4G4,YOUNGSTOWN ELSER METRO,YOUNGSTOWN,OH,OHIO,40.96179527,-80.67732638,40.96179527,-80.67732638,1069.6,PR,PU,Non-towered,
18753,YNG,YOUNGSTOWN/WARREN RGNL,YOUNGSTOWN/WARREN,OH,OHIO,41.26158972,-80.68036638,41.26158972,-80.68036638,1191.5,PU,PU,Towered,
18762,42I,PARR,ZANESVILLE,OH,OHIO,40.00729166,-82.01347916,40.00729166,-82.01347916,790,PR,PU,Non-towered,
18761,ZZV,ZANESVILLE MUNI,ZANESVILLE,OH,OHIO,39.94444611,-81.89209416,39.94444611,-81.89209416,899.8,PU,PU,Non-towered,
18771,ADH,ADA RGNL,ADA,OK,OKLAHOMA,34.80426197,-96.67119975,34.80426197,-96.67119975,1015.9,PU,PU,Non-towered,
18775.1,3O9,GRAND LAKE RGNL,AFTON,OK,OKLAHOMA,36.5775775,-94.86190027,36.5775775,-94.86190027,792,PR,PU,Non-towered,
18779,AXS,ALTUS/QUARTZ MOUNTAIN RGNL,ALTUS,OK,OKLAHOMA,34.69880555,-99.33847222,34.69880555,-99.33847222,1433.2,PU,PU,Non-towered,
18783.1,AVK,ALVA RGNL,ALVA,OK,OKLAHOMA,36.77357672,-98.6711663,36.77357672,-98.6711663,1476.6,PU,PU,Non-towered,
18785,F68,ANADARKO MUNI,ANADARKO,OK,OKLAHOMA,35.05219444,-98.26405555,35.05219444,-98.26405555,1291,PU,PU,Non-towered,
18787,80F,ANTLERS MUNI,ANTLERS,OK,OKLAHOMA,34.19356805,-95.64986361,34.19356805,-95.64986361,576.7,PU,PU,Non-towered,
18796,1F0,ARDMORE DOWNTOWN EXEC,ARDMORE,OK,OKLAHOMA,34.14697222,-97.12266666,34.14697222,-97.12266666,844.9,PU,PU,Non-towered,
18795,ADM,ARDMORE MUNI,ARDMORE,OK,OKLAHOMA,34.30387344,-97.02059738,34.30387344,-97.02059738,776.7,PU,PU,Towered,
18797,AQR,ATOKA MUNI,ATOKA,OK,OKLAHOMA,34.39833888,-96.14805972,34.39833888,-96.14805972,590,PU,PU,Non-towered,
18803,BVO,BARTLESVILLE MUNI,BARTLESVILLE,OK,OKLAHOMA,36.76336111,-96.01119444,36.76336111,-96.01119444,716.9,PU,PU,Non-towered,
18809,K44,BEAVER MUNI,BEAVER,OK,OKLAHOMA,36.7979485,-100.5269138,36.7979485,-100.5269138,2491,PU,PU,Non-towered,
18817.1,BKN,BLACKWELL-TONKAWA MUNI,BLACKWELL,OK,OKLAHOMA,36.74511111,-97.34958333,36.74511111,-97.34958333,1030,PU,PU,Non-towered,
18825,17K,BOISE CITY,BOISE CITY,OK,OKLAHOMA,36.77430555,-102.5104444,36.77430555,-102.5104444,4174.3,PU,PU,Non-towered,
18835.1,3F7,JONES MEML,BRISTOW,OK,OKLAHOMA,35.80704611,-96.42113583,35.80704611,-96.42113583,869.6,PU,PU,Non-towered,
18837.9,90F,BROKEN BOW MUNI,BROKEN BOW,OK,OKLAHOMA,34.01316666,-94.75833333,34.01316666,-94.75833333,404,PU,PU,Non-towered,
18841.1,BFK,BUFFALO MUNI,BUFFALO,OK,OKLAHOMA,36.86330138,-99.61873055,36.86330138,-99.61873055,1822,PU,PU,Non-towered,
18877,CSM,CLINTON/SHERMAN,BURNS FLAT,OK,OKLAHOMA,35.33983916,-99.20049944,35.33983916,-99.20049944,1922.1,PU,PU,Towered,
18844.72,91F,CARLTON LANDING FLD,CANADIAN,OK,OKLAHOMA,35.1563375,-95.62143472,35.1563375,-95.62143472,851,PU,PU,Non-towered,
18845.91,86F,CARNEGIE MUNI,CARNEGIE,OK,OKLAHOMA,35.12365466,-98.57522319,35.12365466,-98.57522319,1354,PU,PU,Non-towered,
18855,CQB,CHANDLER RGNL,CHANDLER,OK,OKLAHOMA,35.72408333,-96.82027777,35.72408333,-96.82027777,985.4,PU,PU,Non-towered,
18858,92F,CHATTANOOGA SKY HARBOR,CHATTANOOGA,OK,OKLAHOMA,34.36886111,-98.68213888,34.36886111,-98.68213888,1135,PU,PU,Non-towered,
18862.1,4O5,CHEROKEE MUNI,CHEROKEE,OK,OKLAHOMA,36.78830833,-98.35843055,36.78830833,-98.35843055,1179,PU,PU,Non-towered,
18864.11,93F,MIGNON LAIRD MUNI,CHEYENNE,OK,OKLAHOMA,35.60323472,-99.7030125,35.60323472,-99.7030125,2093.3,PU,PU,Non-towered,
18865,CHK,CHICKASHA MUNI,CHICKASHA,OK,OKLAHOMA,35.09714038,-97.96768052,35.09714038,-97.96768052,1151.5,PU,PU,Non-towered,
18874.3,GCM,CLAREMORE RGNL,CLAREMORE,OK,OKLAHOMA,36.29272222,-95.47961111,36.29272222,-95.47961111,733,PU,PU,Non-towered,
18876.11,95F,CLEVELAND MUNI,CLEVELAND,OK,OKLAHOMA,36.28416666,-96.46333333,36.28416666,-96.46333333,976,PU,PU,Non-towered,
18878.1,CLK,CLINTON RGNL,CLINTON,OK,OKLAHOMA,35.53827255,-98.93278855,35.53827255,-98.93278855,1615.5,PU,PU,Non-towered,
18888,08F,CITY OF COALGATE,COALGATE,OK,OKLAHOMA,34.53175888,-96.23305388,34.53175888,-96.23305388,615,PU,PU,Non-towered,
18897,F36,CORDELL MUNI,CORDELL,OK,OKLAHOMA,35.29629925,-98.96771563,35.29629925,-98.96771563,1589.4,PU,PU,Non-towered,
18905,CUH,CUSHING MUNI,CUSHING,OK,OKLAHOMA,35.95002777,-96.77341666,35.95002777,-96.77341666,925.1,PU,PU,Non-towered,
18932,DUC,HALLIBURTON FLD,DUNCAN,OK,OKLAHOMA,34.47087333,-97.95986027,34.47087333,-97.95986027,1114.3,PU,PU,Non-towered,
18934,DUA,DURANT RGNL/EAKER FLD,DURANT,OK,OKLAHOMA,33.9396975,-96.3950575,33.9396975,-96.3950575,699.1,PU,PU,Non-towered,
18949,RQO,EL RENO RGNL,EL RENO,OK,OKLAHOMA,35.47272222,-98.00575,35.47272222,-98.00575,1420.4,PU,PU,Non-towered,
18946,ELK,ELK CITY RGNL BUSINESS,ELK CITY,OK,OKLAHOMA,35.43077777,-99.39427777,35.43077777,-99.39427777,2012.8,PU,PU,Non-towered,
18953,WDG,ENID WOODRING RGNL,ENID,OK,OKLAHOMA,36.37595555,-97.78942277,36.37595555,-97.78942277,1167.2,PU,PU,Towered,
18960,O13,HADDOCK FLD,ERICK,OK,OKLAHOMA,35.20075,-99.88105555,35.20075,-99.88105555,2097,PU,PU,Non-towered,
18962.1,F08,EUFAULA MUNI,EUFAULA,OK,OKLAHOMA,35.29830416,-95.62737083,35.29830416,-95.62737083,635,PU,PU,Non-towered,
18962.71,0F7,FOUNTAINHEAD LODGE AIRPARK,EUFAULA,OK,OKLAHOMA,35.38866666,-95.60027777,35.38866666,-95.60027777,670,PU,PU,Non-towered,
18964.1,6K4,FAIRVIEW MUNI,FAIRVIEW,OK,OKLAHOMA,36.29119444,-98.47580555,36.29119444,-98.47580555,1273.8,PU,PU,Non-towered,
18972,FDR,FREDERICK RGNL,FREDERICK,OK,OKLAHOMA,34.3520958,-98.98390908,34.3520958,-98.98390908,1258,PU,PU,Non-towered,
18972.51,K77,FREEDOM MUNI,FREEDOM,OK,OKLAHOMA,36.75849444,-99.10201111,36.75849444,-99.10201111,1517,PU,PU,Non-towered,
18974,GAG,GAGE,GAGE,OK,OKLAHOMA,36.29576527,-99.77649583,36.29576527,-99.77649583,2223.2,PU,PU,Non-towered,
18978.32,1K4,DAVID JAY PERRY,GOLDSBY,OK,OKLAHOMA,35.1550675,-97.47039388,35.1550675,-97.47039388,1168.8,PU,PU,Non-towered,
18983,1O1,GRANDFIELD MUNI,GRANDFIELD,OK,OKLAHOMA,34.23758944,-98.74200916,34.23758944,-98.74200916,1128,PU,PU,Non-towered,
18986.3,GMJ,GROVE RGNL,GROVE,OK,OKLAHOMA,36.60677777,-94.73855555,36.60677777,-94.73855555,830.9,PU,PU,Non-towered,
18989,GOK,GUTHRIE/EDMOND RGNL,GUTHRIE,OK,OKLAHOMA,35.85152272,-97.41617755,35.85152272,-97.41617755,1069.2,PU,PU,Non-towered,
18994,GUY,GUYMON MUNI,GUYMON,OK,OKLAHOMA,36.68415547,-101.5069686,36.68415547,-101.5069686,3125.4,PU,PU,Non-towered,
18997.1,2K9,HASKELL,HASKELL,OK,OKLAHOMA,35.83285252,-95.667417,35.83285252,-95.667417,587,PR,PU,Non-towered,
19004.1,F32,HEALDTON MUNI,HEALDTON,OK,OKLAHOMA,34.25489444,-97.47292777,34.25489444,-97.47292777,955.9,PU,PU,Non-towered,
19014.1,F10,HENRYETTA MUNI,HENRYETTA,OK,OKLAHOMA,35.40687972,-96.01583277,35.40687972,-96.01583277,849,PU,PU,Non-towered,
19015.1,2O8,HINTON MUNI,HINTON,OK,OKLAHOMA,35.50722222,-98.34255555,35.50722222,-98.34255555,1587,PU,PU,Non-towered,
19020,HBR,HOBART RGNL,HOBART,OK,OKLAHOMA,34.98991666,-99.05305861,34.98991666,-99.05305861,1563.2,PU,PU,Non-towered,
19022,F99,HOLDENVILLE MUNI,HOLDENVILLE,OK,OKLAHOMA,35.08586111,-96.41666666,35.08586111,-96.41666666,860.9,PU,PU,Non-towered,
19025.11,O35,HOLLIS MUNI,HOLLIS,OK,OKLAHOMA,34.70530527,-99.90856472,34.70530527,-99.90856472,1659.2,PU,PU,Non-towered,
19028,H92,HOMINY MUNI,HOMINY,OK,OKLAHOMA,36.44275,-96.38722222,36.44275,-96.38722222,825,PU,PU,Non-towered,
19030,O45,HOOKER MUNI,HOOKER,OK,OKLAHOMA,36.85708305,-101.2270917,36.85708305,-101.2270917,3000.2,PU,PU,Non-towered,
19034,HHW,STAN STAMPER MUNI,HUGO,OK,OKLAHOMA,34.03363888,-95.54205555,34.03363888,-95.54205555,572.2,PU,PU,Non-towered,
19037.2,4O4,MC CURTAIN COUNTY RGNL,IDABEL,OK,OKLAHOMA,33.90936111,-94.85936111,33.90936111,-94.85936111,471.6,PU,PU,Non-towered,
19046.02,1K8,SOUTH GRAND LAKE RGNL,KETCHUM,OK,OKLAHOMA,36.54636111,-95.01352777,36.54636111,-95.01352777,782.7,PU,PU,Non-towered,
19051,F92,KINGFISHER,KINGFISHER,OK,OKLAHOMA,35.87667222,-97.9529375,35.87667222,-97.9529375,1072,PU,PU,Non-towered,
19052.1,F31,LAKE TEXOMA STATE PARK,KINGSTON,OK,OKLAHOMA,33.99105555,-96.64272222,33.99105555,-96.64272222,693,PU,PU,Non-towered,
19063,LAW,LAWTON-FORT SILL RGNL,LAWTON,OK,OKLAHOMA,34.56771444,-98.41663666,34.56771444,-98.41663666,1110.3,PU,PU,Towered,
19076.11,1K2,LINDSAY MUNI,LINDSAY,OK,OKLAHOMA,34.84945138,-97.58529166,34.84945138,-97.58529166,968,PU,PU,Non-towered,
19083.11,1F4,MADILL MUNI,MADILL,OK,OKLAHOMA,34.14040194,-96.81203222,34.14040194,-96.81203222,890,PU,PU,Non-towered,
19085.1,2K4,SCOTT FLD,MANGUM,OK,OKLAHOMA,34.89261111,-99.52822222,34.89261111,-99.52822222,1643.8,PU,PU,Non-towered,
19080,MLC,MC ALESTER RGNL,MC ALESTER,OK,OKLAHOMA,34.88238888,-95.78347222,34.88238888,-95.78347222,770.8,PU,PU,Non-towered,
19095,O53,MEDFORD MUNI,MEDFORD,OK,OKLAHOMA,36.79058416,-97.74899722,36.79058416,-97.74899722,1092,PU,PU,Non-towered,
19098.1,MIO,MIAMI RGNL,MIAMI,OK,OKLAHOMA,36.90922222,-94.8875,36.90922222,-94.8875,806.4,PU,PU,Non-towered,
19103.6,MDF,MOORELAND MUNI,MOORELAND,OK,OKLAHOMA,36.48476666,-99.19416666,36.48476666,-99.19416666,1970,PU,PU,Non-towered,
19111,MKO,MUSKOGEE-DAVIS RGNL,MUSKOGEE,OK,OKLAHOMA,35.65775,-95.36163888,35.65775,-95.36163888,611.5,PU,PU,Non-towered,
19122,OUN,UNIVERSITY OF OKLAHOMA WESTHEIMER,NORMAN,OK,OKLAHOMA,35.24555555,-97.47213888,35.24555555,-97.47213888,1181.7,PU,PU,Towered,
19129,H66,NOWATA MUNI,NOWATA,OK,OKLAHOMA,36.72092222,-95.62525583,36.72092222,-95.62525583,679,PU,PU,Non-towered,
19132,O65,CHRISTMAN AIRFIELD,OKEENE,OK,OKLAHOMA,36.11253666,-98.3086825,36.11253666,-98.3086825,1207.5,PU,PU,Non-towered,
19133.1,F81,OKEMAH MUNI,OKEMAH,OK,OKLAHOMA,35.40526944,-96.30553888,35.40526944,-96.30553888,876.2,PU,PU,Non-towered,
19138.1,RCE,CLARENCE E PAGE MUNI,OKLAHOMA CITY,OK,OKLAHOMA,35.48808333,-97.82355555,35.48808333,-97.82355555,1353.8,PU,PU,Non-towered,
19136,OKC,OKC WILL ROGERS INTL,OKLAHOMA CITY,OK,OKLAHOMA,35.39307277,-97.60076555,35.39307277,-97.60076555,1295.5,PU,PU,Towered,
19134.4,HSD,SUNDANCE,OKLAHOMA CITY,OK,OKLAHOMA,35.60183333,-97.70616666,35.60183333,-97.70616666,1192.9,PR,PU,Non-towered,
19137,PWA,WILEY POST,OKLAHOMA CITY,OK,OKLAHOMA,35.53416388,-97.64705277,35.53416388,-97.64705277,1299.6,PU,PU,Towered,
19143,OKM,OKMULGEE RGNL/PAUL AND BETTY ABBOTT FLD,OKMULGEE,OK,OKLAHOMA,35.66811111,-95.94852777,35.66811111,-95.94852777,719.6,PU,PU,Non-towered,
19144,F09,OLUSTEE MUNI,OLUSTEE,OK,OKLAHOMA,34.51257416,-99.42953333,34.51257416,-99.42953333,1346,PU,PU,Non-towered,
19146.9,O38,GUNDYS,OWASSO,OK,OKLAHOMA,36.26676277,-95.78359638,36.26676277,-95.78359638,720,PR,PU,Non-towered,
19148,PVJ,PAULS VALLEY MUNI,PAULS VALLEY,OK,OKLAHOMA,34.70956327,-97.22334583,34.70956327,-97.22334583,970.8,PU,PU,Non-towered,
19150,H76,PAWHUSKA MUNI,PAWHUSKA,OK,OKLAHOMA,36.67172611,-96.40556916,36.67172611,-96.40556916,1000,PU,PU,Non-towered,
19157,F22,PERRY MUNI,PERRY,OK,OKLAHOMA,36.38561111,-97.27722222,36.38561111,-97.27722222,1002.5,PU,PU,Non-towered,
19166,PNC,PONCA CITY RGNL,PONCA CITY,OK,OKLAHOMA,36.73195472,-97.09978222,36.73195472,-97.09978222,1008.6,PU,PU,Non-towered,
19167,2K1,POND CREEK MUNI,POND CREEK,OK,OKLAHOMA,36.66253027,-97.80866611,36.66253027,-97.80866611,1061,PU,PU,Non-towered,
19169.1,RKR,ROBERT S KERR,POTEAU,OK,OKLAHOMA,35.02163888,-94.62125,35.02163888,-94.62125,450.9,PU,PU,Non-towered,
19172.5,O47,PRAGUE MUNI,PRAGUE,OK,OKLAHOMA,35.48077777,-96.71875,35.48077777,-96.71875,1041,PU,PU,Non-towered,
19174.1,H71,MID-AMERICA INDUSTRIAL,PRYOR,OK,OKLAHOMA,36.2253875,-95.33005694,36.2253875,-95.33005694,622.4,PU,PU,Non-towered,
19178.1,3O3,PURCELL MUNI - STEVEN E SHEPHARD FLD,PURCELL,OK,OKLAHOMA,34.98334972,-97.38263833,34.98334972,-97.38263833,1143,PU,PU,Non-towered,
19199.2,JSV,SALLISAW MUNI,SALLISAW,OK,OKLAHOMA,35.43825,-94.80291666,35.43825,-94.80291666,527,PU,PU,Non-towered,
19202.1,OWP,WILLIAM R POGUE MUNI,SAND SPRINGS,OK,OKLAHOMA,36.17527777,-96.15183333,36.17527777,-96.15183333,892.2,PU,PU,Non-towered,
19209,3O4,SAYRE MUNI,SAYRE,OK,OKLAHOMA,35.16770916,-99.65780611,35.16770916,-99.65780611,1937.2,PU,PU,Non-towered,
19212.4,1S4,SEILING,SEILING,OK,OKLAHOMA,36.15536111,-98.93369444,36.15536111,-98.93369444,1746,PU,PU,Non-towered,
19215,SRE,SEMINOLE MUNI,SEMINOLE,OK,OKLAHOMA,35.27445938,-96.67537891,35.27445938,-96.67537891,1023.1,PU,PU,Non-towered,
19223,SNL,SHAWNEE RGNL,SHAWNEE,OK,OKLAHOMA,35.35730555,-96.94283333,35.35730555,-96.94283333,1073.1,PU,PU,Non-towered,
19227.1,2F6,SKIATOOK MUNI,SKIATOOK,OK,OKLAHOMA,36.35514416,-96.01072561,36.35514416,-96.01072561,671.2,PU,PU,Non-towered,
19230.11,4O1,SNYDER,SNYDER,OK,OKLAHOMA,34.62772222,-99.014,34.62772222,-99.014,1325,PR,PU,Non-towered,
19239,GZL,STIGLER RGNL,STIGLER,OK,OKLAHOMA,35.28816666,-95.09388888,35.28816666,-95.09388888,599.9,PU,PU,Non-towered,
19241,SWO,STILLWATER RGNL,STILLWATER,OK,OKLAHOMA,36.16138944,-97.08589333,36.16138944,-97.08589333,1000.3,PU,PU,Towered,
19244.02,1PP,STILWELL / CHEROKEE NATION,STILWELL,OK,OKLAHOMA,35.75718472,-94.64985694,35.75718472,-94.64985694,1084,PR,PU,Non-towered,
19247,SUD,STROUD MUNI,STROUD,OK,OKLAHOMA,35.78958333,-96.65566666,35.78958333,-96.65566666,900.7,PU,PU,Non-towered,
19250,F30,SULPHUR MUNI,SULPHUR,OK,OKLAHOMA,34.52704444,-96.9901875,34.52704444,-96.9901875,1071,PU,PU,Non-towered,
19253.1,TQH,TAHLEQUAH MUNI,TAHLEQUAH,OK,OKLAHOMA,35.93027777,-95.00452777,35.93027777,-95.00452777,874.1,PU,PU,Non-towered,
19254,6F1,TALIHINA MUNI,TALIHINA,OK,OKLAHOMA,34.70777138,-95.07378583,34.70777138,-95.07378583,687,PU,PU,Non-towered,
19262.71,K49,TEXHOMA MUNI,TEXHOMA,OK,OKLAHOMA,36.50561111,-101.8136667,36.50561111,-101.8136667,3468,PU,PU,Non-towered,
19264.1,1O4,THOMAS MUNI,THOMAS,OK,OKLAHOMA,35.73366666,-98.73052777,35.73366666,-98.73052777,1732.5,PU,PU,Non-towered,
19271,1O8,TIPTON MUNI,TIPTON,OK,OKLAHOMA,34.458625,-99.17133333,34.458625,-99.17133333,1248,PU,PU,Non-towered,
19275.1,0F9,TISHOMINGO AIRPARK,TISHOMINGO,OK,OKLAHOMA,34.1985,-96.6745,34.1985,-96.6745,647,PU,PU,Non-towered,
19285,1H6,HARVEY YOUNG,TULSA,OK,OKLAHOMA,36.13891666,-95.82505555,36.13891666,-95.82505555,750,PR,PU,Non-towered,
19283,TUL,TULSA INTL,TULSA,OK,OKLAHOMA,36.19839333,-95.88810527,36.19839333,-95.88810527,677.8,PU,PU,Towered,
19279.1,RVS,TULSA RIVERSIDE,TULSA,OK,OKLAHOMA,36.03958416,-95.98459472,36.03958416,-95.98459472,638.2,PU,PU,Towered,
19288.3,5O1,VICI MUNI,VICI,OK,OKLAHOMA,36.14105555,-99.30336111,36.14105555,-99.30336111,2268,PU,PU,Non-towered,
19289.2,H04,VINITA MUNI,VINITA,OK,OKLAHOMA,36.61461627,-95.15169477,36.61461627,-95.15169477,695.2,PU,PU,Non-towered,
19292,H68,HEFNER-EASLEY,WAGONER,OK,OKLAHOMA,35.96569444,-95.34180555,35.96569444,-95.34180555,598.9,PU,PU,Non-towered,
19295.11,3O5,WALTERS MUNI,WALTERS,OK,OKLAHOMA,34.37258444,-98.40588583,34.37258444,-98.40588583,1058,PU,PU,Non-towered,
19298,JWG,WATONGA RGNL,WATONGA,OK,OKLAHOMA,35.86456361,-98.42075694,35.86456361,-98.42075694,1551,PU,PU,Non-towered,
19304.1,1K5,WAYNOKA MUNI,WAYNOKA,OK,OKLAHOMA,36.5713,-98.85466388,36.5713,-98.85466388,1544.4,PU,PU,Non-towered,
19307.2,OJA,WEATHERFORD STAFFORD,WEATHERFORD,OK,OKLAHOMA,35.54580555,-98.6685,35.54580555,-98.6685,1605.3,PU,PU,Non-towered,
19312,4F1,WESTPORT,WESTPORT,OK,OKLAHOMA,36.22141666,-96.3465,36.22141666,-96.3465,901,PU,PU,Non-towered,
19320.1,H05,WILBURTON MUNI,WILBURTON,OK,OKLAHOMA,34.92020694,-95.39390277,34.92020694,-95.39390277,669.8,PU,PU,Non-towered,
19326,WWR,WEST WOODWARD,WOODWARD,OK,OKLAHOMA,36.438,-99.52266666,36.438,-99.52266666,2189,PU,PU,Non-towered,
19345,S12,ALBANY MUNI,ALBANY,OR,OREGON,44.63781527,-123.0594489,44.63781527,-123.0594489,226.5,PU,PU,Non-towered,
19352.1,S03,ASHLAND MUNI/SUMNER PARKER FLD,ASHLAND,OR,OREGON,42.19027777,-122.6606389,42.19027777,-122.6606389,1888.5,PU,PU,Non-towered,
19354,AST,ASTORIA RGNL,ASTORIA,OR,OREGON,46.15797833,-123.8786236,46.15797833,-123.8786236,14.7,PU,PU,Non-towered,
19356,UAO,AURORA STATE,AURORA,OR,OREGON,45.24712638,-122.7700469,45.24712638,-122.7700469,199.6,PU,PU,Towered,
19358,BKE,BAKER CITY MUNI,BAKER CITY,OR,OREGON,44.83734583,-117.8091397,44.83734583,-117.8091397,3373.2,PU,PU,Non-towered,
19362.1,S05,BANDON STATE,BANDON,OR,OREGON,43.08647222,-124.4078611,43.08647222,-124.4078611,122.1,PU,PU,Non-towered,
19371,BDN,BEND MUNI,BEND,OR,OREGON,44.09456083,-121.2002211,44.09456083,-121.2002211,3459.4,PU,PU,Non-towered,
19374,M50,BOARDMAN,BOARDMAN,OR,OREGON,45.814825,-119.8205006,45.814825,-119.8205006,395.5,PU,PU,Non-towered,
19374.51,BOK,BROOKINGS,BROOKINGS,OR,OREGON,42.07394444,-124.2897778,42.07394444,-124.2897778,461.9,PU,PU,Non-towered,
19377,BNO,BURNS MUNI,BURNS,OR,OREGON,43.59190555,-118.9554372,43.59190555,-118.9554372,4148.2,PU,PU,Non-towered,
19380,CZK,CASCADE LOCKS STATE,CASCADE LOCKS,OR,OREGON,45.67694444,-121.8788889,45.67694444,-121.8788889,151,PU,PU,Non-towered,
19381,3S4,ILLINOIS VALLEY,CAVE JUNCTION,OR,OREGON,42.1036,-123.6824167,42.1036,-123.6824167,1394,PU,PU,Non-towered,
19403,2S7,CHILOQUIN STATE,CHILOQUIN,OR,OREGON,42.57931844,-121.8790142,42.57931844,-121.8790142,4221,PU,PU,Non-towered,
19403.3,62S,CHRISTMAS VALLEY,CHRISTMAS VALLEY,OR,OREGON,43.23625,-120.6646944,43.23625,-120.6646944,4320.1,PU,PU,Non-towered,
19405.4,3S9,CONDON STATE PAULING FLD,CONDON,OR,OREGON,45.24656666,-120.16645,45.24656666,-120.16645,2911,PU,PU,Non-towered,
19407,CVO,CORVALLIS MUNI,CORVALLIS,OR,OREGON,44.49687583,-123.2894572,44.49687583,-123.2894572,249.9,PU,PU,Non-towered,
19411.1,61S,COTTAGE GROVE STATE,COTTAGE GROVE,OR,OREGON,43.80407052,-123.0321162,43.80407052,-123.0321162,644.7,PU,PU,Non-towered,
19413,5S2,CRESCENT LAKE STATE,CRESCENT LAKE,OR,OREGON,43.53279002,-121.9502589,43.53279002,-121.9502589,4819.7,PU,PU,Non-towered,
19414.1,77S,HOBBY FLD,CRESWELL,OR,OREGON,43.93075,-123.0066667,43.93075,-123.0066667,541.2,PU,PU,Non-towered,
19415.2,5S5,LAKE BILLY CHINOOK,CULVER,OR,OREGON,44.51928472,-121.3206003,44.51928472,-121.3206003,2695,PR,PU,Non-towered,
19430.1,8S4,ENTERPRISE MUNI,ENTERPRISE,OR,OREGON,45.42483333,-117.26475,45.42483333,-117.26475,3957,PU,PU,Non-towered,
19434,EUG,MAHLON SWEET FLD,EUGENE,OR,OREGON,44.12458333,-123.2119722,44.12458333,-123.2119722,373.7,PU,PU,Towered,
19443,6S2,FLORENCE MUNI,FLORENCE,OR,OREGON,43.98281833,-124.1113672,43.98281833,-124.1113672,50.8,PU,PU,Non-towered,
19449.4,S45,SILETZ BAY STATE,GLENEDEN BEACH,OR,OREGON,44.87677777,-124.0285556,44.87677777,-124.0285556,69.2,PU,PU,Non-towered,
19453,4S1,GOLD BEACH MUNI,GOLD BEACH,OR,OREGON,42.41536111,-124.4249167,42.41536111,-124.4249167,20.5,PU,PU,Non-towered,
19457.1,3S8,GRANTS PASS,GRANTS PASS,OR,OREGON,42.51012083,-123.38799,42.51012083,-123.38799,1130.1,PU,PU,Non-towered,
19465,HRI,HERMISTON MUNI,HERMISTON,OR,OREGON,45.82822222,-119.2591667,45.82822222,-119.2591667,644.4,PU,PU,Non-towered,
19469.03,7S3,STARK'S TWIN OAKS AIRPARK,HILLSBORO,OR,OREGON,45.42845027,-122.9421569,45.42845027,-122.9421569,170,PR,PU,Non-towered,
19473,4S2,KEN JERNSTEDT AIRFIELD,HOOD RIVER,OR,OREGON,45.67277677,-121.5338639,45.67277677,-121.5338639,638,PU,PU,Non-towered,
19474,7S9,LENHARDT AIRPARK,HUBBARD,OR,OREGON,45.18039833,-122.743425,45.18039833,-122.743425,165,PR,PU,Non-towered,
19476.5,7S5,INDEPENDENCE STATE,INDEPENDENCE,OR,OREGON,44.86715155,-123.198245,44.86715155,-123.198245,179.5,PU,PU,Non-towered,
19480,GCD,GRANT COUNTY RGNL/OGILVIE FLD,JOHN DAY,OR,OREGON,44.40298325,-118.9676552,44.40298325,-118.9676552,3702.5,PU,PU,Non-towered,
19480.5,JSY,JOSEPH STATE,JOSEPH,OR,OREGON,45.35954972,-117.2538389,45.35954972,-117.2538389,4126.2,PU,PU,Non-towered,
19481,LMT,CRATER LAKE/KLAMATH RGNL,KLAMATH FALLS,OR,OREGON,42.15614388,-121.7332047,42.15614388,-121.7332047,4095.4,PU,PU,Towered,
19487,LGD,LA GRANDE/UNION COUNTY,LA GRANDE,OR,OREGON,45.28907805,-118.0061239,45.28907805,-118.0061239,2717.6,PU,PU,Non-towered,
19491,LKV,LAKE COUNTY,LAKEVIEW,OR,OREGON,42.16111111,-120.3990833,42.16111111,-120.3990833,4734.1,PU,PU,Non-towered,
19500,S30,LEBANON STATE,LEBANON,OR,OREGON,44.53113888,-122.9297222,44.53113888,-122.9297222,348.5,PU,PU,Non-towered,
19500.5,9S9,LEXINGTON,LEXINGTON,OR,OREGON,45.45413888,-119.6902778,45.45413888,-119.6902778,1634.5,PU,PU,Non-towered,
19505,S33,MADRAS MUNI,MADRAS,OR,OREGON,44.67016333,-121.1551492,44.67016333,-121.1551492,2437.6,PU,PU,Non-towered,
19506,4S7,MALIN,MALIN,OR,OREGON,42.00113888,-121.3963611,42.00113888,-121.3963611,4053,PU,PU,Non-towered,
19507,3S7,NEHALEM BAY STATE,MANZANITA,OR,OREGON,45.69813888,-123.9296389,45.69813888,-123.9296389,30,PU,PU,Non-towered,
19501.57,26U,MC DERMITT STATE,MC DERMITT,OR,OREGON,42.01030555,-117.7271389,42.01030555,-117.7271389,4478,PU,PU,Non-towered,
19502,MMV,MC MINNVILLE MUNI,MC MINNVILLE,OR,OREGON,45.19454805,-123.1360678,45.19454805,-123.1360678,162.6,PU,PU,Non-towered,
19514,MFR,ROGUE VALLEY INTL/MEDFORD,MEDFORD,OR,OREGON,42.37496472,-122.8732875,42.37496472,-122.8732875,1335.3,PU,PU,Towered,
19524.4,12S,MONUMENT MUNI,MONUMENT,OR,OREGON,44.83152777,-119.4296667,44.83152777,-119.4296667,2323,PU,PU,Non-towered,
19529.2,16S,MYRTLE CREEK MUNI,MYRTLE CREEK,OR,OREGON,42.99726111,-123.3153472,42.99726111,-123.3153472,619,PU,PU,Non-towered,
19535.2,17S,CHEHALEM AIRPARK,NEWBERG,OR,OREGON,45.32372777,-123.0542694,45.32372777,-123.0542694,190,PR,PU,Non-towered,
19535,2S6,SPORTSMAN AIRPARK,NEWBERG,OR,OREGON,45.29567333,-122.9553783,45.29567333,-122.9553783,181,PR,PU,Non-towered,
19538,ONP,NEWPORT MUNI,NEWPORT,OR,OREGON,44.58036111,-124.0579167,44.58036111,-124.0579167,160.1,PU,PU,Non-towered,
19541,OTH,SOUTHWEST OREGON RGNL,NORTH BEND,OR,OREGON,43.41694444,-124.2470278,43.41694444,-124.2470278,17.4,PU,PU,Towered,
19548.1,5S0,OAKRIDGE STATE,OAKRIDGE,OR,OREGON,43.75255555,-122.5045278,43.75255555,-122.5045278,1393,PU,PU,Non-towered,
19554,ONO,ONTARIO MUNI,ONTARIO,OR,OREGON,44.01936111,-117.0130278,44.01936111,-117.0130278,2193.3,PU,PU,Non-towered,
19560.5,PFC,PACIFIC CITY STATE,PACIFIC CITY,OR,OREGON,45.19936111,-123.9618944,45.19936111,-123.9618944,10,PU,PU,Non-towered,
19561.1,22S,PAISLEY,PAISLEY,OR,OREGON,42.71797222,-120.5627778,42.71797222,-120.5627778,4395,PU,PU,Non-towered,
19562,PDT,EASTERN OREGON RGNL AT PENDLETON,PENDLETON,OR,OREGON,45.69509555,-118.8433689,45.69509555,-118.8433689,1494,PU,PU,Towered,
19566.1,24S,PINEHURST STATE,PINEHURST,OR,OREGON,42.11019444,-122.3831111,42.11019444,-122.3831111,3643,PU,PU,Non-towered,
19571,PDX,PORTLAND INTL,PORTLAND,OR,OREGON,45.58870886,-122.5968694,45.58870886,-122.5968694,30.8,PU,PU,Towered,
19571.5,HIO,PORTLAND-HILLSBORO,PORTLAND,OR,OREGON,45.54212175,-122.9507219,45.54212175,-122.9507219,207.9,PU,PU,Towered,
19572,TTD,PORTLAND-TROUTDALE,PORTLAND,OR,OREGON,45.54936111,-122.40125,45.54936111,-122.40125,38.9,PU,PU,Towered,
19570,4S9,MULINO STATE,PORTLAND-MULINO,OR,OREGON,45.21655555,-122.5901944,45.21655555,-122.5901944,259.9,PU,PU,Non-towered,
19575,S39,PRINEVILLE,PRINEVILLE,OR,OREGON,44.28785444,-120.9054975,44.28785444,-120.9054975,3251.2,PU,PU,Non-towered,
19578,64S,PROSPECT STATE,PROSPECT,OR,OREGON,42.74258333,-122.4889722,42.74258333,-122.4889722,2578,PU,PU,Non-towered,
19580,RDM,ROBERTS FLD,REDMOND,OR,OREGON,44.25406888,-121.1499714,44.25406888,-121.1499714,3081.5,PU,PU,Towered,
19589,RBG,ROSEBURG RGNL,ROSEBURG,OR,OREGON,43.23933527,-123.3558525,43.23933527,-123.3558525,533.4,PU,PU,Non-towered,
19595,SLE,MCNARY FLD,SALEM,OR,OREGON,44.90952777,-123.0025,44.90952777,-123.0025,213.4,PU,PU,Towered,
19598,SPB,SCAPPOOSE,SCAPPOOSE,OR,OREGON,45.77102777,-122.8618333,45.77102777,-122.8618333,58.1,PU,PU,Non-towered,
19602,56S,SEASIDE MUNI,SEASIDE,OR,OREGON,46.01499583,-123.9076575,46.01499583,-123.9076575,12,PU,PU,Non-towered,
19607.3,6K5,SISTERS EAGLE AIR,SISTERS,OR,OREGON,44.30445833,-121.5390972,44.30445833,-121.5390972,3168,PR,PU,Non-towered,
19607.36,5S6,CAPE BLANCO STATE,SIXES,OR,OREGON,42.85803566,-124.5178092,42.85803566,-124.5178092,202,PU,PU,Non-towered,
19609.8,S21,SUNRIVER,SUNRIVER,OR,OREGON,43.8763125,-121.4530514,43.8763125,-121.4530514,4163.5,PR,PU,Non-towered,
19614,DLS,COLUMBIA GORGE RGNL/THE DALLES MUNI,THE DALLES,OR,OREGON,45.61935516,-121.1682757,45.61935516,-121.1682757,246.5,PU,PU,Non-towered,
19616,TMK,TILLAMOOK,TILLAMOOK,OR,OREGON,45.41825,-123.8143889,45.41825,-123.8143889,39.4,PU,PU,Non-towered,
19620.3,5S4,TOLEDO STATE,TOLEDO,OR,OREGON,44.60102777,-123.9396111,44.60102777,-123.9396111,12,PU,PU,Non-towered,
19627,S49,MILLER MEML AIRPARK,VALE,OR,OREGON,43.96377166,-117.2593425,43.96377166,-117.2593425,2249,PU,PU,Non-towered,
19635,35S,WASCO STATE,WASCO,OR,OREGON,45.58920416,-120.6739847,45.58920416,-120.6739847,1503,PU,PU,Non-towered,
19674,XLL,ALLENTOWN QUEEN CITY MUNI,ALLENTOWN,PA,PENNSYLVANIA,40.57027777,-75.48830555,40.57027777,-75.48830555,399,PU,PU,Non-towered,
19673,ABE,LEHIGH VALLEY INTL,ALLENTOWN,PA,PENNSYLVANIA,40.65236277,-75.44040583,40.65236277,-75.44040583,393.7,PU,PU,Towered,
19685,AOO,ALTOONA/BLAIR COUNTY,ALTOONA,PA,PENNSYLVANIA,40.29636111,-78.32002777,40.29636111,-78.32002777,1503.4,PU,PU,Non-towered,
19801,BVI,BEAVER COUNTY,BEAVER FALLS,PA,PENNSYLVANIA,40.77247222,-80.39144444,40.77247222,-80.39144444,1252.7,PU,PU,Towered,
19809.2,HMZ,BEDFORD COUNTY,BEDFORD,PA,PENNSYLVANIA,40.086125,-78.51349833,40.086125,-78.51349833,1161.7,PU,PU,Non-towered,
19814.2,N96,BELLEFONTE,BELLEFONTE,PA,PENNSYLVANIA,40.8855,-77.81622222,40.8855,-77.81622222,1071.5,PR,PU,Non-towered,
19883,N13,BLOOMSBURG MUNI,BLOOMSBURG,PA,PENNSYLVANIA,40.99765055,-76.43524636,40.99765055,-76.43524636,481.3,PU,PU,Non-towered,
19905,BFD,BRADFORD RGNL,BRADFORD,PA,PENNSYLVANIA,41.80295433,-78.63996597,41.80295433,-78.63996597,2143.1,PU,PU,Non-towered,
19967.1,3G9,BUTLER FARM SHOW,BUTLER,PA,PENNSYLVANIA,40.85256444,-79.97477972,40.85256444,-79.97477972,1333,PR,PU,Non-towered,
19967,BTP,PITTSBURGH/BUTLER RGNL,BUTLER,PA,PENNSYLVANIA,40.77658333,-79.95108333,40.77658333,-79.95108333,1248.4,PU,PU,Non-towered,
19996.4,N94,CARLISLE,CARLISLE,PA,PENNSYLVANIA,40.18791444,-77.17427361,40.18791444,-77.17427361,510.1,PU,PU,Non-towered,
20016.2,N74,PENNS CAVE,CENTRE HALL,PA,PENNSYLVANIA,40.88993611,-77.60313555,40.88993611,-77.60313555,1245,PR,PU,Non-towered,
20037.1,N68,FRANKLIN COUNTY RGNL,CHAMBERSBURG,PA,PENNSYLVANIA,39.97296138,-77.64325611,39.97296138,-77.64325611,687.8,PU,PU,Non-towered,
20069.11,AXQ,CLARION COUNTY,CLARION,PA,PENNSYLVANIA,41.22494444,-79.44216666,41.22494444,-79.44216666,1457.5,PU,PU,Non-towered,
20078.1,FIG,CLEARFIELD-LAWRENCE,CLEARFIELD,PA,PENNSYLVANIA,41.04913361,-78.41515791,41.04913361,-78.41515791,1516.2,PU,PU,Non-towered,
20096,MQS,CHESTER COUNTY G O CARLSON,COATESVILLE,PA,PENNSYLVANIA,39.97897222,-75.86547222,39.97897222,-75.86547222,660.2,PU,PU,Non-towered,
20126,VVS,JOSEPH A HARDY CONNELLSVILLE,CONNELLSVILLE,PA,PENNSYLVANIA,39.95905555,-79.65741666,39.95905555,-79.65741666,1264.4,PU,PU,Non-towered,
20147,8G2,CORRY-LAWRENCE,CORRY,PA,PENNSYLVANIA,41.90755555,-79.64105555,41.90755555,-79.64105555,1765.6,PU,PU,Non-towered,
20204,8N8,DANVILLE,DANVILLE,PA,PENNSYLVANIA,40.94835208,-76.64392638,40.94835208,-76.64392638,559,PU,PU,Non-towered,
20228.81,0P8,LAZY B RANCH,DOVER,PA,PENNSYLVANIA,40.02442361,-76.8153,40.02442361,-76.8153,476,PR,PU,Non-towered,
20232,DYL,DOYLESTOWN,DOYLESTOWN,PA,PENNSYLVANIA,40.33305027,-75.12233833,40.33305027,-75.12233833,393.7,PU,PU,Non-towered,
20243.1,DUJ,DUBOIS RGNL,DUBOIS,PA,PENNSYLVANIA,41.17827777,-78.89869444,41.17827777,-78.89869444,1816.8,PU,PU,Non-towered,
20299,9G8,EBENSBURG,EBENSBURG,PA,PENNSYLVANIA,40.46125416,-78.77531138,40.46125416,-78.77531138,2099,PU,PU,Non-towered,
20355,ERI,ERIE INTL/TOM RIDGE FLD,ERIE,PA,PENNSYLVANIA,42.08308333,-80.17394444,42.08308333,-80.17394444,732.1,PU,PU,Towered,
20368.01,9N3,SEAMANS FLD,FACTORYVILLE,PA,PENNSYLVANIA,41.58935472,-75.75608055,41.58935472,-75.75608055,1209,PR,PU,Non-towered,
20369.91,W73,MID ATLANTIC SOARING CENTER,FAIRFIELD,PA,PENNSYLVANIA,39.75704,-77.35137611,39.75704,-77.35137611,573,PR,PU,Non-towered,
20379,G05,FINLEYVILLE AIRPARK,FINLEYVILLE,PA,PENNSYLVANIA,40.24545,-80.00981388,40.24545,-80.00981388,1236,PR,PU,Non-towered,
20420,FKL,VENANGO RGNL,FRANKLIN,PA,PENNSYLVANIA,41.37741666,-79.86063888,41.37741666,-79.86063888,1540.2,PU,PU,Non-towered,
20425.13,6P7,MCVILLE,FREEPORT,PA,PENNSYLVANIA,40.7345625,-79.59564583,40.7345625,-79.59564583,1104.5,PR,PU,Non-towered,
20440,W05,GETTYSBURG RGNL,GETTYSBURG,PA,PENNSYLVANIA,39.84130916,-77.27465,39.84130916,-77.27465,553.2,PU,PU,Non-towered,
20477,4G1,GREENVILLE MUNI,GREENVILLE,PA,PENNSYLVANIA,41.44676644,-80.39119675,41.44676644,-80.39119675,1206.2,PU,PU,Non-towered,
20480.2,29D,GROVE CITY,GROVE CITY,PA,PENNSYLVANIA,41.14602777,-80.16775,41.14602777,-80.16775,1370.6,PU,PU,Non-towered,
20502,CXY,CAPITAL CITY,HARRISBURG,PA,PENNSYLVANIA,40.21713888,-76.85136111,40.21713888,-76.85136111,346.7,PU,PU,Towered,
20503,MDT,HARRISBURG INTL,HARRISBURG,PA,PENNSYLVANIA,40.19319166,-76.76261916,40.19319166,-76.76261916,310,PU,PU,Towered,
20527,HZL,HAZLETON RGNL,HAZLETON,PA,PENNSYLVANIA,40.9867725,-75.99470305,40.9867725,-75.99470305,1603.4,PU,PU,Non-towered,
20556.11,N30,CHERRY RIDGE,HONESDALE,PA,PENNSYLVANIA,41.51559166,-75.25155972,41.51559166,-75.25155972,1357,PR,PU,Non-towered,
20565.13,N48,HORSHAM VALLEY AIRWAYS INC,HORSHAM,PA,PENNSYLVANIA,40.2020525,-75.17822916,40.2020525,-75.17822916,250,PR,PU,Non-towered,
20599,IDI,INDIANA COUNTY/JIMMY STEWART FLD,INDIANA,PA,PENNSYLVANIA,40.63106083,-79.10152638,40.63106083,-79.10152638,1419.3,PU,PU,Non-towered,
20616.11,5G8,GREENSBURG JEANNETTE RGNL,JEANNETTE,PA,PENNSYLVANIA,40.37633333,-79.60877777,40.37633333,-79.60877777,1188,PR,PU,Non-towered,
20640,JST,JOHN MURTHA JOHNSTOWN/CAMBRIA COUNTY,JOHNSTOWN,PA,PENNSYLVANIA,40.31555555,-78.83466666,40.31555555,-78.83466666,2284.2,PU,PU,Towered,
20700,LNS,LANCASTER,LANCASTER,PA,PENNSYLVANIA,40.12236111,-76.29436111,40.12236111,-76.29436111,402.6,PU,PU,Towered,
20724,LBE,ARNOLD PALMER RGNL,LATROBE,PA,PENNSYLVANIA,40.2731005,-79.41032555,40.2731005,-79.41032555,1198.7,PU,PU,Towered,
20746.3,22N,JAKE ARNER MEML,LEHIGHTON,PA,PENNSYLVANIA,40.80950888,-75.76149638,40.80950888,-75.76149638,534,PU,PU,Non-towered,
20787,LHV,WILLIAM T PIPER MEML,LOCK HAVEN,PA,PENNSYLVANIA,41.13577777,-77.42230555,41.13577777,-77.42230555,555.5,PU,PU,Non-towered,
20893,GKJ,PORT MEADVILLE,MEADVILLE,PA,PENNSYLVANIA,41.62652777,-80.21472222,41.62652777,-80.21472222,1399.4,PU,PU,Non-towered,
20928.12,P34,MIFFLINTOWN,MIFFLINTOWN,PA,PENNSYLVANIA,40.59894444,-77.40566666,40.59894444,-77.40566666,545,PR,PU,Non-towered,
20962,FWQ,ROSTRAVER,MONONGAHELA,PA,PENNSYLVANIA,40.20972222,-79.83144444,40.20972222,-79.83144444,1228.2,PU,PU,Non-towered,
20993,N71,DONEGAL SPRINGS AIRPARK,MOUNT JOY/MARIETTA,PA,PENNSYLVANIA,40.09220666,-76.57435527,40.09220666,-76.57435527,458,PR,PU,Non-towered,
20999.01,P99,W P H S,MOUNT PLEASANT,PA,PENNSYLVANIA,40.10810555,-79.54794166,40.10810555,-79.54794166,1090,PR,PU,Non-towered,
21002,MPO,POCONO MOUNTAINS RGNL,MOUNT POCONO,PA,PENNSYLVANIA,41.13769444,-75.38005555,41.13769444,-75.38005555,1915.2,PU,PU,Non-towered,
21014.03,9D4,DECK,MYERSTOWN,PA,PENNSYLVANIA,40.35212777,-76.32964444,40.35212777,-76.32964444,523.3,PR,PU,Non-towered,
21029,UCP,NEW CASTLE MUNI,NEW CASTLE,PA,PENNSYLVANIA,41.02533305,-80.41336277,41.02533305,-80.41336277,1072.3,PU,PU,Non-towered,
21176,58N,REIGLE FLD,PALMYRA,PA,PENNSYLVANIA,40.28676666,-76.5769875,40.28676666,-76.5769875,489,PR,PU,Non-towered,
21201.3,CKZ,PENNRIDGE,PERKASIE,PA,PENNSYLVANIA,40.38919444,-75.29047222,40.38919444,-75.29047222,567.6,PR,PU,Non-towered,
21221,PNE,NORTHEAST PHILADELPHIA,PHILADELPHIA,PA,PENNSYLVANIA,40.08193833,-75.01057777,40.08193833,-75.01057777,119.8,PU,PU,Towered,
21217,PHL,PHILADELPHIA INTL,PHILADELPHIA,PA,PENNSYLVANIA,39.87208388,-75.24066305,39.87208388,-75.24066305,35.9,PU,PU,Towered,1
21211,LOM,WINGS FLD,PHILADELPHIA,PA,PENNSYLVANIA,40.13755555,-75.26513888,40.13755555,-75.26513888,301.5,PR,PU,Non-towered,
21233,PSB,MID-STATE,PHILIPSBURG,PA,PENNSYLVANIA,40.88439138,-78.08734166,40.88439138,-78.08734166,1948,PU,PU,Non-towered,
21251,AGC,ALLEGHENY COUNTY,PITTSBURGH,PA,PENNSYLVANIA,40.35443763,-79.92904666,40.35443763,-79.92904666,1251.5,PU,PU,Towered,
21252,PIT,PITTSBURGH INTL,PITTSBURGH,PA,PENNSYLVANIA,40.49141666,-80.23269444,40.49141666,-80.23269444,1202.9,PU,PU,Towered,1
21293,PTW,HERITAGE FLD,POTTSTOWN,PA,PENNSYLVANIA,40.23955555,-75.55672222,40.23955555,-75.55672222,308.2,PR,PU,Non-towered,
21292,N47,POTTSTOWN MUNI,POTTSTOWN,PA,PENNSYLVANIA,40.26041666,-75.67083333,40.26041666,-75.67083333,255.6,PU,PU,Non-towered,
21300,ZER,SCHUYLKILL COUNTY/JOE ZERBEY,POTTSVILLE,PA,PENNSYLVANIA,40.70675083,-76.37375027,40.70675083,-76.37375027,1729.8,PU,PU,Non-towered,
21305,N35,PUNXSUTAWNEY MUNI,PUNXSUTAWNEY,PA,PENNSYLVANIA,40.96683666,-78.92990444,40.96683666,-78.92990444,1444.8,PU,PU,Non-towered,
21308,UKT,QUAKERTOWN,QUAKERTOWN,PA,PENNSYLVANIA,40.43513888,-75.38194444,40.43513888,-75.38194444,525.1,PU,PU,Non-towered,
21329,RDG,READING RGNL/CARL A SPAATZ FLD,READING,PA,PENNSYLVANIA,40.37849861,-75.96524722,40.37849861,-75.96524722,343.4,PU,PU,Towered,
21335.1,RVL,MIFFLIN COUNTY,REEDSVILLE,PA,PENNSYLVANIA,40.67738888,-77.62683333,40.67738888,-77.62683333,818.8,PU,PU,Non-towered,
21439,SEG,PENN VALLEY,SELINSGROVE,PA,PENNSYLVANIA,40.82123472,-76.86417222,40.82123472,-76.86417222,463.5,PU,PU,Non-towered,
21474.1,N79,NORTHUMBERLAND COUNTY,SHAMOKIN,PA,PENNSYLVANIA,40.83691666,-76.55244444,40.83691666,-76.55244444,880.6,PU,PU,Non-towered,
21483,69N,SLATINGTON,SLATINGTON,PA,PENNSYLVANIA,40.76359405,-75.60485241,40.76359405,-75.60485241,380,PR,PU,Non-towered,
21487,S37,SMOKETOWN,SMOKETOWN,PA,PENNSYLVANIA,40.04159305,-76.20189583,40.04159305,-76.20189583,370,PR,PU,Non-towered,
21497,2G9,SOMERSET COUNTY,SOMERSET,PA,PENNSYLVANIA,40.03850313,-79.01529641,40.03850313,-79.01529641,2275,PU,PU,Non-towered,
21393,OYM,ST MARYS MUNI,ST MARYS,PA,PENNSYLVANIA,41.41247777,-78.50263138,41.41247777,-78.50263138,1934.3,PU,PU,Non-towered,
21545.1,UNV,STATE COLLEGE RGNL,STATE COLLEGE,PA,PENNSYLVANIA,40.85,-77.84758333,40.85,-77.84758333,1231.3,PU,PU,Towered,
21601,6G1,TITUSVILLE,TITUSVILLE,PA,PENNSYLVANIA,41.60880555,-79.74133333,41.60880555,-79.74133333,1599.9,PU,PU,Non-towered,
21607,N57,NEW GARDEN,TOUGHKENAMON,PA,PENNSYLVANIA,39.8305125,-75.76975361,39.8305125,-75.76975361,435.2,PU,PU,Non-towered,
21608,N27,BRADFORD COUNTY,TOWANDA,PA,PENNSYLVANIA,41.74,-76.44713888,41.74,-76.44713888,730.3,PU,PU,Non-towered,
21614,74N,BENDIGO,TOWER CITY,PA,PENNSYLVANIA,40.55899583,-76.5597125,40.55899583,-76.5597125,790.6,PR,PU,Non-towered,
21640,76N,SKYHAVEN,TUNKHANNOCK,PA,PENNSYLVANIA,41.52816388,-75.94588055,41.52816388,-75.94588055,639,PR,PU,Non-towered,
21682,AFJ,WASHINGTON COUNTY,WASHINGTON,PA,PENNSYLVANIA,40.13647222,-80.29019444,40.13647222,-80.29019444,1183.9,PU,PU,Non-towered,
21694,WAY,GREENE COUNTY,WAYNESBURG,PA,PENNSYLVANIA,39.90113888,-80.13069444,39.90113888,-80.13069444,1068.6,PU,PU,Non-towered,
21716,N38,GRAND CANYON RGNL,WELLSBORO,PA,PENNSYLVANIA,41.72798938,-77.39543752,41.72798938,-77.39543752,1891.5,PU,PU,Non-towered,
21730,OQN,BRANDYWINE RGNL,WEST CHESTER,PA,PENNSYLVANIA,39.99011722,-75.58190194,39.99011722,-75.58190194,464.6,PR,PU,Non-towered,
21782,WBW,WILKES-BARRE WYOMING VALLEY,WILKES-BARRE,PA,PENNSYLVANIA,41.2973075,-75.85224333,41.2973075,-75.85224333,543.8,PU,PU,Non-towered,
21781,AVP,WILKES-BARRE/SCRANTON INTL,WILKES-BARRE/SCRANTON,PA,PENNSYLVANIA,41.33847222,-75.72338888,41.33847222,-75.72338888,961.7,PU,PU,Towered,
21791,IPT,WILLIAMSPORT RGNL,WILLIAMSPORT,PA,PENNSYLVANIA,41.24166666,-76.92180555,41.24166666,-76.92180555,528.1,PU,PU,Towered,
21834,THV,YORK,YORK,PA,PENNSYLVANIA,39.917,-76.87302777,39.917,-76.87302777,494.7,PR,PU,Non-towered,
21845,PJC,ZELIENOPLE MUNI,ZELIENOPLE,PA,PENNSYLVANIA,40.80270305,-80.16109972,40.80270305,-80.16109972,907,PU,PU,Non-towered,
21888,BID,BLOCK ISLAND STATE,BLOCK ISLAND,RI,RHODE ISLAND,41.16811111,-71.57783333,41.16811111,-71.57783333,107.9,PU,PU,Non-towered,
21979.1,UUU,NEWPORT STATE,NEWPORT,RI,RHODE ISLAND,41.53243975,-71.28154394,41.53243975,-71.28154394,171.8,PU,PU,Non-towered,
21990,OQU,QUONSET STATE,NORTH KINGSTOWN,RI,RHODE ISLAND,41.59713888,-71.41213888,41.59713888,-71.41213888,18.3,PU,PU,Towered,
22000,SFZ,NORTH CENTRAL STATE,PAWTUCKET,RI,RHODE ISLAND,41.92075,-71.49141666,41.92075,-71.49141666,440.5,PU,PU,Non-towered,
22024,PVD,RHODE ISLAND TF GREEN INTL,PROVIDENCE,RI,RHODE ISLAND,41.72233333,-71.42772222,41.72233333,-71.42772222,54,PU,PU,Towered,
22077,08R,RICHMOND,WEST KINGSTON,RI,RHODE ISLAND,41.4895,-71.62063888,41.4895,-71.62063888,130.4,PR,PU,Non-towered,
22075,WST,WESTERLY STATE,WESTERLY,RI,RHODE ISLAND,41.34963297,-71.80341683,41.34963297,-71.80341683,81.1,PU,PU,Non-towered,
22097,AIK,AIKEN RGNL,AIKEN,SC,SOUTH CAROLINA,33.64938888,-81.68502777,33.64938888,-81.68502777,528.5,PU,PU,Non-towered,
22099.1,AQX,ALLENDALE COUNTY,ALLENDALE,SC,SOUTH CAROLINA,32.99511166,-81.27023666,32.99511166,-81.27023666,161.8,PU,PU,Non-towered,
22102,AND,ANDERSON RGNL,ANDERSON,SC,SOUTH CAROLINA,34.49458666,-82.70938138,34.49458666,-82.70938138,781.9,PU,PU,Non-towered,
22105.1,PHH,ROBERT F SWINNIE,ANDREWS,SC,SOUTH CAROLINA,33.45169972,-79.52617666,33.45169972,-79.52617666,26.4,PU,PU,Non-towered,
22108.2,99N,BAMBERG COUNTY,BAMBERG,SC,SOUTH CAROLINA,33.30452777,-81.10841666,33.30452777,-81.10841666,231,PU,PU,Non-towered,
22111,BNL,BARNWELL RGNL,BARNWELL,SC,SOUTH CAROLINA,33.25766775,-81.38821894,33.25766775,-81.38821894,246.3,PU,PU,Non-towered,
22123.1,ARW,BEAUFORT EXEC,BEAUFORT,SC,SOUTH CAROLINA,32.41216666,-80.63435416,32.41216666,-80.63435416,9,PU,PU,Non-towered,
22129.1,BBP,MARLBORO COUNTY JETPORT/H E AVENT FLD,BENNETTSVILLE,SC,SOUTH CAROLINA,34.62170861,-79.73435944,34.62170861,-79.73435944,146.8,PU,PU,Non-towered,
22137,52J,LEE COUNTY/BUTTERS FLD,BISHOPVILLE,SC,SOUTH CAROLINA,34.244485,-80.23603361,34.244485,-80.23603361,211,PU,PU,Non-towered,
22162,CDN,WOODWARD FLD,CAMDEN,SC,SOUTH CAROLINA,34.28359277,-80.56485527,34.28359277,-80.56485527,302.5,PU,PU,Non-towered,
22174,CHS,CHARLESTON AFB/INTL,CHARLESTON,SC,SOUTH CAROLINA,32.89863888,-80.04052777,32.89863888,-80.04052777,46,MA,PU,Towered,
22173,JZI,CHARLESTON EXEC,CHARLESTON,SC,SOUTH CAROLINA,32.70102777,-80.00325,32.70102777,-80.00325,18.6,PU,PU,Non-towered,
22183,CQW,CHERAW MUNI/LYNCH BELLINGER FLD,CHERAW,SC,SOUTH CAROLINA,34.71286111,-79.957,34.71286111,-79.957,238.7,PU,PU,Non-towered,
22190,DCM,CHESTER CATAWBA RGNL,CHESTER,SC,SOUTH CAROLINA,34.78933333,-81.19577777,34.78933333,-81.19577777,656.6,PU,PU,Non-towered,
22200,CEU,OCONEE COUNTY RGNL,CLEMSON,SC,SOUTH CAROLINA,34.67222694,-82.88589666,34.67222694,-82.88589666,890.6,PU,PU,Non-towered,
22209,CAE,COLUMBIA METRO,COLUMBIA,SC,SOUTH CAROLINA,33.93883805,-81.11953555,33.93883805,-81.11953555,235.9,PU,PU,Towered,
22210,CUB,JIM HAMILTON L B OWENS,COLUMBIA,SC,SOUTH CAROLINA,33.97047222,-80.99525,33.97047222,-80.99525,193.4,PU,PU,Non-towered,
22224.2,HYW,CONWAY-HORRY COUNTY,CONWAY,SC,SOUTH CAROLINA,33.8284875,-79.12217633,33.8284875,-79.12217633,34.8,PU,PU,Non-towered,
22232,UDG,DARLINGTON COUNTY,DARLINGTON,SC,SOUTH CAROLINA,34.44748888,-79.88642416,34.44748888,-79.88642416,192.2,PU,PU,Non-towered,
22239,DLC,DILLON COUNTY,DILLON,SC,SOUTH CAROLINA,34.44905555,-79.36858333,34.44905555,-79.36858333,133.1,PU,PU,Non-towered,
22276,FLO,FLORENCE RGNL,FLORENCE,SC,SOUTH CAROLINA,34.18536333,-79.72388305,34.18536333,-79.72388305,146.6,PU,PU,Towered,
22292,GGE,GEORGETOWN COUNTY,GEORGETOWN,SC,SOUTH CAROLINA,33.31141666,-79.32030555,33.31141666,-79.32030555,39.5,PU,PU,Non-towered,
22300,S17,TWIN LAKES,GRANITEVILLE,SC,SOUTH CAROLINA,33.64569138,-81.86705638,33.64569138,-81.86705638,540,PR,PU,Non-towered,
22310,GYH,DONALDSON FLD,GREENVILLE,SC,SOUTH CAROLINA,34.75831277,-82.37641388,34.75831277,-82.37641388,955.9,PU,PU,Towered,
22309,GMU,GREENVILLE DOWNTOWN,GREENVILLE,SC,SOUTH CAROLINA,34.84793166,-82.34999805,34.84793166,-82.34999805,1048,PU,PU,Towered,
22313,GRD,GREENWOOD COUNTY,GREENWOOD,SC,SOUTH CAROLINA,34.25039375,-82.15780933,34.25039375,-82.15780933,631.2,PU,PU,Non-towered,
22316.1,GSP,GREENVILLE SPARTANBURG INTL,GREER,SC,SOUTH CAROLINA,34.89567111,-82.21885944,34.89567111,-82.21885944,963.6,PU,PU,Towered,
22321,3J0,HAMPTON COUNTY,HAMPTON,SC,SOUTH CAROLINA,32.86651111,-81.08097027,32.86651111,-81.08097027,112.1,PU,PU,Non-towered,
22324.1,HVS,HARTSVILLE RGNL,HARTSVILLE,SC,SOUTH CAROLINA,34.40308333,-80.11922222,34.40308333,-80.11922222,363.5,PU,PU,Non-towered,
22328.51,HXD,HILTON HEAD,HILTON HEAD ISLAND,SC,SOUTH CAROLINA,32.224495,-80.69740083,32.224495,-80.69740083,19.3,PU,PU,Towered,
22360.3,CKI,WILLIAMSBURG RGNL,KINGSTREE,SC,SOUTH CAROLINA,33.71722222,-79.85697222,33.71722222,-79.85697222,66.5,PU,PU,Non-towered,
22362,51J,LAKE CITY MUNI CJ EVANS FLD,LAKE CITY,SC,SOUTH CAROLINA,33.85358055,-79.76811888,33.85358055,-79.76811888,80.2,PU,PU,Non-towered,
22366,T73,KIRK AIR BASE,LANCASTER,SC,SOUTH CAROLINA,34.67431694,-80.68229083,34.67431694,-80.68229083,578,PR,PU,Non-towered,
22366.1,LKR,LANCASTER COUNTY-MC WHIRTER FLD,LANCASTER,SC,SOUTH CAROLINA,34.72290438,-80.85459008,34.72290438,-80.85459008,485.9,PU,PU,Non-towered,
22370,33A,FAIRVIEW,LANDRUM,SC,SOUTH CAROLINA,35.15733333,-82.12375,35.15733333,-82.12375,1046,PR,PU,Non-towered,
22384.1,LUX,LAURENS COUNTY,LAURENS,SC,SOUTH CAROLINA,34.50711111,-81.94694444,34.50711111,-81.94694444,697.6,PU,PU,Non-towered,
22399,5J9,TWIN CITY,LORIS,SC,SOUTH CAROLINA,34.08841666,-78.86491666,34.08841666,-78.86491666,99.3,PU,PU,Non-towered,
22419.2,MNI,SANTEE COOPER RGNL,MANNING,SC,SOUTH CAROLINA,33.58710055,-80.20867,33.58710055,-80.20867,102.7,PU,PU,Non-towered,
22424,MAO,MARION COUNTY,MARION,SC,SOUTH CAROLINA,34.18116611,-79.33471972,34.18116611,-79.33471972,92.7,PU,PU,Non-towered,
22410,S19,MC CORMICK COUNTY,MC CORMICK,SC,SOUTH CAROLINA,33.90809694,-82.26693,33.90809694,-82.26693,459.4,PU,PU,Non-towered,
22432,MKS,BERKELEY COUNTY,MONCKS CORNER,SC,SOUTH CAROLINA,33.18483694,-80.03697638,33.18483694,-80.03697638,74,PU,PU,Non-towered,
22436.1,LRO,MT PLEASANT RGNL-FAISON FLD,MOUNT PLEASANT,SC,SOUTH CAROLINA,32.89783333,-79.78286111,32.89783333,-79.78286111,11.6,PU,PU,Non-towered,
22444,MYR,MYRTLE BEACH INTL,MYRTLE BEACH,SC,SOUTH CAROLINA,33.67974111,-78.92832138,33.67974111,-78.92832138,25,PU,PU,Towered,
22453,EOE,NEWBERRY COUNTY,NEWBERRY,SC,SOUTH CAROLINA,34.30933333,-81.64066666,34.30933333,-81.64066666,570.1,PU,PU,Non-towered,
22466,CRE,GRAND STRAND,NORTH MYRTLE BEACH,SC,SOUTH CAROLINA,33.81175,-78.72394444,33.81175,-78.72394444,31.6,PU,PU,Towered,
22468,OGB,ORANGEBURG MUNI,ORANGEBURG,SC,SOUTH CAROLINA,33.4569178,-80.85940666,33.4569178,-80.85940666,195.4,PU,PU,Non-towered,
22471.1,PYG,PAGELAND,PAGELAND,SC,SOUTH CAROLINA,34.74213888,-80.34519444,34.74213888,-80.34519444,574.9,PU,PU,Non-towered,
22476.12,6J0,LEXINGTON COUNTY,PELION,SC,SOUTH CAROLINA,33.79463888,-81.24586111,33.79463888,-81.24586111,451.7,PU,PU,Non-towered,
22483.1,LQK,PICKENS COUNTY,PICKENS,SC,SOUTH CAROLINA,34.80997222,-82.70288888,34.80997222,-82.70288888,1013.4,PU,PU,Non-towered,
22500,3J1,RIDGELAND-CLAUDE DEAN,RIDGELAND,SC,SOUTH CAROLINA,32.49685055,-80.99314888,32.49685055,-80.99314888,84.8,PU,PU,Non-towered,
22505,UZA,ROCK HILL/YORK COUNTY/BRYANT FLD,ROCK HILL,SC,SOUTH CAROLINA,34.98783333,-81.05716666,34.98783333,-81.05716666,666.3,PU,PU,Non-towered,
22521.1,6J4,SALUDA COUNTY,SALUDA,SC,SOUTH CAROLINA,33.92679305,-81.79462777,33.92679305,-81.79462777,539.2,PU,PU,Non-towered,
22531,SPA,SPARTANBURG DOWNTOWN MEML/SIMPSON FLD,SPARTANBURG,SC,SOUTH CAROLINA,34.91640527,-81.95577083,34.91640527,-81.95577083,802,PU,PU,Non-towered,
22510.1,6J2,ST GEORGE,ST GEORGE,SC,SOUTH CAROLINA,33.1955,-80.50847222,33.1955,-80.50847222,84.8,PU,PU,Non-towered,
22536.21,DYB,SUMMERVILLE,SUMMERVILLE,SC,SOUTH CAROLINA,33.06227777,-80.28091666,33.06227777,-80.28091666,55.8,PU,PU,Non-towered,
22539,SMS,SUMTER,SUMTER,SC,SOUTH CAROLINA,33.99502555,-80.36132888,33.99502555,-80.36132888,182.1,PU,PU,Non-towered,
22555,35A,"UNION COUNTY, TROY SHELTON FLD",UNION,SC,SOUTH CAROLINA,34.68694916,-81.64116444,34.68694916,-81.64116444,609.9,PU,PU,Non-towered,
22557,RBW,LOWCOUNTRY RGNL,WALTERBORO,SC,SOUTH CAROLINA,32.92104055,-80.64058972,32.92104055,-80.64058972,100.9,PU,PU,Non-towered,
22577.01,FDW,FAIRFIELD COUNTY,WINNSBORO,SC,SOUTH CAROLINA,34.31572222,-81.10855555,34.31572222,-81.10855555,577.5,PU,PU,Non-towered,
22603,ABR,ABERDEEN RGNL,ABERDEEN,SD,SOUTH DAKOTA,45.44679805,-98.42244083,45.44679805,-98.42244083,1301.9,PU,PU,Non-towered,
22614.01,EFC,BELLE FOURCHE MUNI,BELLE FOURCHE,SD,SOUTH DAKOTA,44.73457166,-103.8618092,44.73457166,-103.8618092,3190.6,PU,PU,Non-towered,
22621.1,6V5,BISON MUNI,BISON,SD,SOUTH DAKOTA,45.51833333,-102.4678333,45.51833333,-102.4678333,2791,PU,PU,Non-towered,
22629.8,BTN,BRITTON MUNI,BRITTON,SD,SOUTH DAKOTA,45.81502777,-97.74280555,45.81502777,-97.74280555,1318.4,PU,PU,Non-towered,
22631,BKX,BROOKINGS RGNL,BROOKINGS,SD,SOUTH DAKOTA,44.30452777,-96.81891666,44.30452777,-96.81891666,1647.5,PU,PU,Non-towered,
22632,9D2,HARDING COUNTY,BUFFALO,SD,SOUTH DAKOTA,45.57955497,-103.5289102,45.57955497,-103.5289102,2891,PU,PU,Non-towered,
22633.81,7G9,CANTON MUNI,CANTON,SD,SOUTH DAKOTA,43.309,-96.57121666,43.309,-96.57121666,1290,PU,PU,Non-towered,
22641.02,9V9,CHAMBERLAIN MUNI,CHAMBERLAIN,SD,SOUTH DAKOTA,43.76613708,-99.32122919,43.76613708,-99.32122919,1696.3,PU,PU,Non-towered,
22646,8D7,CLARK COUNTY,CLARK,SD,SOUTH DAKOTA,44.89503166,-97.71047916,44.89503166,-97.71047916,1793.2,PU,PU,Non-towered,
22651.1,CUT,CUSTER COUNTY,CUSTER,SD,SOUTH DAKOTA,43.73366055,-103.6194983,43.73366055,-103.6194983,5619.7,PU,PU,Non-towered,
22656.1,6.00E+05,WILDER,DESMET,SD,SOUTH DAKOTA,44.4330475,-97.55816,44.4330475,-97.55816,1730.4,PU,PU,Non-towered,
22665.01,84D,CHEYENNE EAGLE BUTTE,EAGLE BUTTE,SD,SOUTH DAKOTA,44.98437805,-101.2510447,44.98437805,-101.2510447,2448.8,PU,PU,Non-towered,
22666,6V0,EDGEMONT MUNI,EDGEMONT,SD,SOUTH DAKOTA,43.295,-103.8429806,43.295,-103.8429806,3593.6,PU,PU,Non-towered,
22673,3W8,EUREKA MUNI,EUREKA,SD,SOUTH DAKOTA,45.79999072,-99.64272,45.79999072,-99.64272,1935,PU,PU,Non-towered,
22674.72,D07,FAITH MUNI,FAITH,SD,SOUTH DAKOTA,45.03516527,-102.0206847,45.03516527,-102.0206847,2584.3,PU,PU,Non-towered,
22675.1,3FU,FAULKTON MUNI,FAULKTON,SD,SOUTH DAKOTA,45.03067361,-99.11287222,45.03067361,-99.11287222,1571,PU,PU,Non-towered,
22682,4P3,FLANDREAU MUNI,FLANDREAU,SD,SOUTH DAKOTA,44.004055,-96.59317388,44.004055,-96.59317388,1645.2,PU,PU,Non-towered,
22686.8,0D8,GETTYSBURG MUNI,GETTYSBURG,SD,SOUTH DAKOTA,44.98661111,-99.95288888,44.98661111,-99.95288888,2061.8,PU,PU,Non-towered,
22688,9D1,GREGORY MUNI/FLYNN FLD,GREGORY,SD,SOUTH DAKOTA,43.22178019,-99.40342286,43.22178019,-99.40342286,2174.5,PU,PU,Non-towered,
22694,9D0,HIGHMORE MUNI,HIGHMORE,SD,SOUTH DAKOTA,44.54076713,-99.45101227,44.54076713,-99.45101227,1854.3,PU,PU,Non-towered,
22697,HSR,HOT SPRINGS MUNI,HOT SPRINGS,SD,SOUTH DAKOTA,43.36830555,-103.3882778,43.36830555,-103.3882778,3150.2,PU,PU,Non-towered,
22698,9F8,HOVEN MUNI,HOVEN,SD,SOUTH DAKOTA,45.25755944,-99.79783916,45.25755944,-99.79783916,1885.4,PU,PU,Non-towered,
22702,HON,HURON RGNL,HURON,SD,SOUTH DAKOTA,44.38519444,-98.22855555,44.38519444,-98.22855555,1288.7,PU,PU,Non-towered,
22721,LEM,LEMMON MUNI,LEMMON,SD,SOUTH DAKOTA,45.91838052,-102.1055364,45.91838052,-102.1055364,2572.8,PU,PU,Non-towered,
22727.1,MDS,MADISON MUNI,MADISON,SD,SOUTH DAKOTA,44.01641666,-97.08561111,44.01641666,-97.08561111,1718.4,PU,PU,Non-towered,
22729.2,9V6,MARTIN MUNI,MARTIN,SD,SOUTH DAKOTA,43.16564944,-101.7126981,43.16564944,-101.7126981,3294.5,PU,PU,Non-towered,
22725.55,5P2,MC LAUGHLIN MUNI,MC LAUGHLIN,SD,SOUTH DAKOTA,45.7968175,-100.7842578,45.7968175,-100.7842578,2008,PU,PU,Non-towered,
22736,1D1,MILBANK MUNI,MILBANK,SD,SOUTH DAKOTA,45.2305,-96.56608333,45.2305,-96.56608333,1117.8,PU,PU,Non-towered,
22737,MKA,MILLER MUNI,MILLER,SD,SOUTH DAKOTA,44.52523888,-98.95807916,44.52523888,-98.95807916,1569.6,PU,PU,Non-towered,
22741,MHE,MITCHELL MUNI,MITCHELL,SD,SOUTH DAKOTA,43.77482194,-98.03861527,43.77482194,-98.03861527,1304.4,PU,PU,Non-towered,
22744.1,MBG,MOBRIDGE MUNI,MOBRIDGE,SD,SOUTH DAKOTA,45.54628361,-100.4062703,45.54628361,-100.4062703,1716.1,PU,PU,Non-towered,
22748.1,8F6,MURDO MUNI,MURDO,SD,SOUTH DAKOTA,43.85213888,-100.7128056,43.85213888,-100.7128056,2270.1,PU,PU,Non-towered,
22750.5,7K7,GRAHAM FLD,NORTH SIOUX CITY,SD,SOUTH DAKOTA,42.54078611,-96.48551111,42.54078611,-96.48551111,1109,PR,PU,Non-towered,
22753.6,98D,ONIDA MUNI,ONIDA,SD,SOUTH DAKOTA,44.7005,-100.1014167,44.7005,-100.1014167,1884.8,PU,PU,Non-towered,
22754.21,8V3,PARKSTON MUNI,PARKSTON,SD,SOUTH DAKOTA,43.37740838,-97.98971075,43.37740838,-97.98971075,1418.3,PU,PU,Non-towered,
22759,PHP,PHILIP,PHILIP,SD,SOUTH DAKOTA,44.04873063,-101.5988405,44.04873063,-101.5988405,2209.2,PU,PU,Non-towered,
22762,PIR,PIERRE RGNL,PIERRE,SD,SOUTH DAKOTA,44.38268694,-100.2859753,44.38268694,-100.2859753,1744.3,PU,PU,Non-towered,
22764,IEN,PINE RIDGE,PINE RIDGE,SD,SOUTH DAKOTA,43.02127372,-102.5066064,43.02127372,-102.5066064,3332.5,PU,PU,Non-towered,
22765.1,1D3,PLATTE MUNI,PLATTE,SD,SOUTH DAKOTA,43.40471525,-98.83049091,43.40471525,-98.83049091,1618,PU,PU,Non-towered,
22776,RAP,RAPID CITY RGNL,RAPID CITY,SD,SOUTH DAKOTA,44.04533333,-103.0573611,44.04533333,-103.0573611,3203.5,PU,PU,Towered,
22778,1D8,REDFIELD MUNI,REDFIELD,SD,SOUTH DAKOTA,44.85656722,-98.53122833,44.85656722,-98.53122833,1308.5,PU,PU,Non-towered,
22784.4,SUO,ROSEBUD SIOUX TRIBAL,ROSEBUD,SD,SOUTH DAKOTA,43.25845722,-100.8594936,43.25845722,-100.8594936,2724,PU,PU,Non-towered,
22789,FSD,JOE FOSS FLD,SIOUX FALLS,SD,SOUTH DAKOTA,43.58201805,-96.74192527,43.58201805,-96.74192527,1430,PU,PU,Towered,
22794,8D3,SISSETON MUNI,SISSETON,SD,SOUTH DAKOTA,45.6695275,-96.99358555,45.6695275,-96.99358555,1162.2,PU,PU,Non-towered,
22798,SPF,BLACK HILLS-CLYDE ICE FLD,SPEARFISH,SD,SOUTH DAKOTA,44.48105555,-103.786,44.48105555,-103.786,3933.1,PU,PU,Non-towered,
22799.5,Y03,SPRINGFIELD MUNI,SPRINGFIELD,SD,SOUTH DAKOTA,42.88112008,-97.9016255,42.88112008,-97.9016255,1324,PU,PU,Non-towered,
22808.2,49B,STURGIS MUNI,STURGIS,SD,SOUTH DAKOTA,44.41867697,-103.3777239,44.41867697,-103.3777239,3254.9,PU,PU,Non-towered,
22810,Y14,MARV SKIE-LINCOLN COUNTY,TEA,SD,SOUTH DAKOTA,43.45490194,-96.8013125,43.45490194,-96.8013125,1511.4,PU,PU,Non-towered,
22813.1,VMR,HAROLD DAVIDSON FLD,VERMILLION,SD,SOUTH DAKOTA,42.76527777,-96.93425,42.76527777,-96.93425,1146.7,PU,PU,Non-towered,
22815,AGZ,WAGNER MUNI,WAGNER,SD,SOUTH DAKOTA,43.06416613,-98.29638208,43.06416613,-98.29638208,1477.5,PU,PU,Non-towered,
22817,6V4,WALL MUNI,WALL,SD,SOUTH DAKOTA,43.99922222,-102.2535,43.99922222,-102.2535,2812.7,PU,PU,Non-towered,
22822,ATY,WATERTOWN RGNL,WATERTOWN,SD,SOUTH DAKOTA,44.91397222,-97.15472222,44.91397222,-97.15472222,1749.3,PU,PU,Non-towered,
22825,1D7,THE SIGURD ANDERSON,WEBSTER,SD,SOUTH DAKOTA,45.29311111,-97.51361111,45.29311111,-97.51361111,1857.6,PU,PU,Non-towered,
22825.5,4X4,WESSINGTON SPRINGS,WESSINGTON SPRINGS,SD,SOUTH DAKOTA,44.06188888,-98.53219444,44.06188888,-98.53219444,1544.5,PU,PU,Non-towered,
22837,ICR,WINNER RGNL,WINNER,SD,SOUTH DAKOTA,43.38948466,-99.84121441,43.38948466,-99.84121441,2032.3,PU,PU,Non-towered,
22844,YKN,CHAN GURNEY MUNI,YANKTON,SD,SOUTH DAKOTA,42.91667861,-97.38593166,42.91667861,-97.38593166,1305.9,PU,PU,Non-towered,
22862,MMI,MCMINN COUNTY,ATHENS,TN,TENNESSEE,35.39919444,-84.56177777,35.39919444,-84.56177777,874.3,PU,PU,Non-towered,
22866,M08,WILLIAM L WHITEHURST FLD,BOLIVAR,TN,TENNESSEE,35.21513888,-89.04325,35.21513888,-89.04325,499.1,PU,PU,Non-towered,
22884,TRI,TRI-CITIES,BRISTOL/JOHNSON/KINGSPORT,TN,TENNESSEE,36.47520888,-82.407415,36.47520888,-82.407415,1518.6,PU,PU,Towered,
22890.1,0M4,BENTON COUNTY,CAMDEN,TN,TENNESSEE,36.00954166,-88.12472777,36.00954166,-88.12472777,468,PU,PU,Non-towered,
22894.5,GHM,CENTERVILLE MUNI,CENTERVILLE,TN,TENNESSEE,35.83741583,-87.44537694,35.83741583,-87.44537694,765,PU,PU,Non-towered,
22899,CHA,LOVELL FLD,CHATTANOOGA,TN,TENNESSEE,35.03519444,-85.20355555,35.03519444,-85.20355555,682.5,PU,PU,Towered,
22905,CKV,OUTLAW FLD,CLARKSVILLE,TN,TENNESSEE,36.621865,-87.41494777,36.621865,-87.41494777,549.9,PU,PU,Non-towered,
22906.1,RZR,CLEVELAND RGNL JETPORT,CLEVELAND,TN,TENNESSEE,35.21233638,-84.79919888,35.21233638,-84.79919888,865.6,PU,PU,Non-towered,
22912,M29,HASSELL FLD,CLIFTON,TN,TENNESSEE,35.38303444,-87.96826777,35.38303444,-87.96826777,406.6,PU,PU,Non-towered,
22919,FGU,COLLEGEDALE MUNI,COLLEGEDALE,TN,TENNESSEE,35.04442083,-85.02006666,35.04442083,-85.02006666,860,PU,PU,Non-towered,
22919.6,MRC,MAURY COUNTY RGNL,COLUMBIA/MOUNT PLEASANT,TN,TENNESSEE,35.55433861,-87.17914,35.55433861,-87.17914,681.3,PU,PU,Non-towered,
22925,1A3,MARTIN CAMPBELL FLD,COPPERHILL,TN,TENNESSEE,35.01581611,-84.34683111,35.01581611,-84.34683111,1789,PU,PU,Non-towered,
22930,M04,COVINGTON MUNI,COVINGTON,TN,TENNESSEE,35.58336388,-89.58722472,35.58336388,-89.58722472,280.2,PU,PU,Non-towered,
22935,CSV,CROSSVILLE MEML-WHITSON FLD,CROSSVILLE,TN,TENNESSEE,35.95129138,-85.08497722,35.95129138,-85.08497722,1881.7,PU,PU,Non-towered,
22941.1,2A0,MARK ANTON,DAYTON,TN,TENNESSEE,35.48625,-84.93108333,35.48625,-84.93108333,718.2,PU,PU,Non-towered,
22946,M02,DICKSON MUNI,DICKSON,TN,TENNESSEE,36.12795666,-87.42983972,36.12795666,-87.42983972,892.1,PU,PU,Non-towered,
22952,DYR,DYERSBURG RGNL,DYERSBURG,TN,TENNESSEE,35.99797222,-89.40658333,35.99797222,-89.40658333,337.7,PU,PU,Non-towered,
22960.2,0A9,ELIZABETHTON MUNI,ELIZABETHTON,TN,TENNESSEE,36.37155794,-82.17272433,36.37155794,-82.17272433,1592.5,PU,PU,Non-towered,
22970.1,FYM,FAYETTEVILLE MUNI,FAYETTEVILLE,TN,TENNESSEE,35.05969444,-86.564,35.05969444,-86.564,983.9,PU,PU,Non-towered,
22976.8,1A7,JACKSON COUNTY,GAINESBORO,TN,TENNESSEE,36.39681694,-85.64132527,36.39681694,-85.64132527,517.3,PU,PU,Non-towered,
22977.1,XNX,MUSIC CITY EXEC,GALLATIN,TN,TENNESSEE,36.37508055,-86.40841222,36.37508055,-86.40841222,583.3,PU,PU,Non-towered,
22993.1,GCY,GREENEVILLE MUNI,GREENEVILLE,TN,TENNESSEE,36.19572222,-82.81136111,36.19572222,-82.81136111,1607.5,PU,PU,Non-towered,
23006,0M3,PAUL BRIDGES FLD,HOHENWALD,TN,TENNESSEE,35.54597416,-87.59732444,35.54597416,-87.59732444,972,PU,PU,Non-towered,
23011,M53,HUMBOLDT MUNI,HUMBOLDT,TN,TENNESSEE,35.80218333,-88.87493444,35.80218333,-88.87493444,421.2,PU,PU,Non-towered,
23014,HZD,SGT LEE RUSSELL CARROLL COUNTY,HUNTINGDON,TN,TENNESSEE,36.08929736,-88.46329877,36.08929736,-88.46329877,496.6,PU,PU,Non-towered,
23018.2,JAU,COLONEL TOMMY C STINER AIRFIELD,JACKSBORO,TN,TENNESSEE,36.33408888,-84.16296527,36.33408888,-84.16296527,1179.9,PU,PU,Non-towered,
23023,MKL,JACKSON RGNL,JACKSON,TN,TENNESSEE,35.59988055,-88.91561194,35.59988055,-88.91561194,433.3,PU,PU,Towered,
23028,2A1,JAMESTOWN MUNI,JAMESTOWN,TN,TENNESSEE,36.34970361,-84.94665333,36.34970361,-84.94665333,1694.3,PU,PU,Non-towered,
23029.5,APT,MARION COUNTY/BROWN FLD,JASPER,TN,TENNESSEE,35.06066666,-85.58530555,35.06066666,-85.58530555,641.2,PU,PU,Non-towered,
23034,0A4,JOHNSON CITY,JOHNSON CITY,TN,TENNESSEE,36.36371666,-82.30902611,36.36371666,-82.30902611,1550,PR,PU,Non-towered,
23043,DKX,KNOXVILLE DOWNTOWN ISLAND,KNOXVILLE,TN,TENNESSEE,35.96383333,-83.87366666,35.96383333,-83.87366666,833.2,PU,PU,Non-towered,
23046,TYS,MC GHEE TYSON,KNOXVILLE,TN,TENNESSEE,35.81109111,-83.99406722,35.81109111,-83.99406722,986.4,PU,PU,Towered,
23050,3M7,LAFAYETTE MUNI,LAFAYETTE,TN,TENNESSEE,36.52002777,-86.05805555,36.52002777,-86.05805555,969,PU,PU,Non-towered,
23053.3,2M2,LAWRENCEBURG/LAWRENCE COUNTY (FLEEMAN FLD),LAWRENCEBURG,TN,TENNESSEE,35.23430111,-87.25794361,35.23430111,-87.25794361,936.5,PU,PU,Non-towered,
23055,M54,LEBANON MUNI,LEBANON,TN,TENNESSEE,36.19041122,-86.31569041,36.19041122,-86.31569041,588.4,PU,PU,Non-towered,
23059.1,LUG,ELLINGTON,LEWISBURG,TN,TENNESSEE,35.50697416,-86.8038875,35.50697416,-86.8038875,718.4,PU,PU,Non-towered,
23060.01,PVE,BEECH RIVER RGNL,LEXINGTON-PARSONS,TN,TENNESSEE,35.65636169,-88.19535227,35.65636169,-88.19535227,487.7,PU,PU,Non-towered,
23062.5,M15,JAMES TUCKER,LINDEN,TN,TENNESSEE,35.59483888,-87.87662916,35.59483888,-87.87662916,740,PU,PU,Non-towered,
23064,8A3,LIVINGSTON MUNI,LIVINGSTON,TN,TENNESSEE,36.41350333,-85.31045583,36.41350333,-85.31045583,1372,PU,PU,Non-towered,
23084.5,MNV,MONROE COUNTY,MADISONVILLE,TN,TENNESSEE,35.54523138,-84.38040027,35.54523138,-84.38040027,1031,PU,PU,Non-towered,
23081,M93,HOUSTON COUNTY,MC KINNON,TN,TENNESSEE,36.31672166,-87.91669555,36.31672166,-87.91669555,370,PU,PU,Non-towered,
23083,RNC,WARREN COUNTY MEML,MC MINNVILLE,TN,TENNESSEE,35.69869888,-85.84382055,35.69869888,-85.84382055,1031.9,PU,PU,Non-towered,
23094.12,M01,GENERAL DEWITT SPAIN,MEMPHIS,TN,TENNESSEE,35.2006925,-90.05397527,35.2006925,-90.05397527,225,PU,PU,Non-towered,
23097,MEM,MEMPHIS INTL,MEMPHIS,TN,TENNESSEE,35.04241138,-89.97667916,35.04241138,-89.97667916,340.9,PU,PU,Towered,1
23103,2M8,CHARLES W BAKER,MILLINGTON,TN,TENNESSEE,35.27848038,-89.93299661,35.27848038,-89.93299661,246.8,PU,PU,Non-towered,
23103.02,NQA,MILLINGTON/MEMPHIS,MILLINGTON,TN,TENNESSEE,35.35663888,-89.87043,35.35663888,-89.87043,322.4,PU,PU,Towered,
23109.1,MOR,MOORE-MURRELL,MORRISTOWN,TN,TENNESSEE,36.1793825,-83.37545166,36.1793825,-83.37545166,1312.8,PU,PU,Non-towered,
23115,6A4,JOHNSON COUNTY,MOUNTAIN CITY,TN,TENNESSEE,36.41784527,-81.82513388,36.41784527,-81.82513388,2241.1,PU,PU,Non-towered,
23118.2,MBT,MURFREESBORO MUNI,MURFREESBORO,TN,TENNESSEE,35.87865388,-86.37746833,35.87865388,-86.37746833,614.2,PU,PU,Non-towered,
23122.1,JWN,JOHN C TUNE,NASHVILLE,TN,TENNESSEE,36.18302183,-86.88649533,36.18302183,-86.88649533,501,PU,PU,Towered,
23121,BNA,NASHVILLE INTL,NASHVILLE,TN,TENNESSEE,36.124475,-86.67818055,36.124475,-86.67818055,599,PU,PU,Towered,
23143,SCX,SCOTT MUNI,ONEIDA,TN,TENNESSEE,36.45569194,-84.58575,36.45569194,-84.58575,1544.8,PU,PU,Non-towered,
23146,PHT,HENRY COUNTY,PARIS,TN,TENNESSEE,36.33594444,-88.38444444,36.33594444,-88.38444444,580.2,PU,PU,Non-towered,
23154.1,1M5,DOUGLAS HUNTER FLD,PORTLAND,TN,TENNESSEE,36.59286583,-86.47691111,36.59286583,-86.47691111,817.6,PU,PU,Non-towered,
23160,GZS,ABERNATHY FLD,PULASKI,TN,TENNESSEE,35.15408333,-87.05705555,35.15408333,-87.05705555,688.8,PU,PU,Non-towered,
23178.1,RKW,ROCKWOOD MUNI,ROCKWOOD,TN,TENNESSEE,35.92233333,-84.68977777,35.92233333,-84.68977777,1664.1,PU,PU,Non-towered,
23179,RVN,HAWKINS COUNTY,ROGERSVILLE,TN,TENNESSEE,36.45757916,-82.88503416,36.45757916,-82.88503416,1254.6,PU,PU,Non-towered,
23180,SNH,SAVANNAH-HARDIN COUNTY,SAVANNAH,TN,TENNESSEE,35.17024638,-88.21672611,35.17024638,-88.21672611,472.7,PU,PU,Non-towered,
23183.6,SZY,ROBERT SIBLEY,SELMER,TN,TENNESSEE,35.20294444,-88.49836111,35.20294444,-88.49836111,610.2,PU,PU,Non-towered,
23183.9,GKT,GATLINBURG-PIGEON FORGE,SEVIERVILLE,TN,TENNESSEE,35.85775861,-83.52870305,35.85775861,-83.52870305,1013.9,PU,PU,Non-towered,
23184,UOS,FRANKLIN COUNTY,SEWANEE,TN,TENNESSEE,35.20514583,-85.89814722,35.20514583,-85.89814722,1953.3,PU,PU,Non-towered,
23184.3,SYI,BOMAR FLD/SHELBYVILLE MUNI,SHELBYVILLE,TN,TENNESSEE,35.5594,-86.44247194,35.5594,-86.44247194,799.6,PU,PU,Non-towered,
23187.2,0A3,SMITHVILLE MUNI,SMITHVILLE,TN,TENNESSEE,35.98544444,-85.80911111,35.98544444,-85.80911111,1084.3,PU,PU,Non-towered,
23189,MQY,SMYRNA,SMYRNA,TN,TENNESSEE,36.00897027,-86.52008972,36.00897027,-86.52008972,543,PU,PU,Towered,
23215.01,FYE,FAYETTE COUNTY,SOMERVILLE,TN,TENNESSEE,35.20769444,-89.39444444,35.20769444,-89.39444444,435.8,PU,PU,Non-towered,
23216.7,SRB,UPPER CUMBERLAND RGNL,SPARTA,TN,TENNESSEE,36.05673777,-85.53010611,36.05673777,-85.53010611,1025.2,PU,PU,Non-towered,
23218.1,M91,SPRINGFIELD ROBERTSON COUNTY,SPRINGFIELD,TN,TENNESSEE,36.53669444,-86.92116666,36.53669444,-86.92116666,706.3,PU,PU,Non-towered,
23221,3A2,NEW TAZEWELL MUNI,TAZEWELL,TN,TENNESSEE,36.40889722,-83.55718583,36.40889722,-83.55718583,1178.8,PU,PU,Non-towered,
23224.1,0M2,REELFOOT LAKE,TIPTONVILLE,TN,TENNESSEE,36.47533333,-89.34630555,36.47533333,-89.34630555,289,PU,PU,Non-towered,
23230,TGC,GIBSON COUNTY,TRENTON,TN,TENNESSEE,35.93245472,-88.84894027,35.93245472,-88.84894027,358.4,PU,PU,Non-towered,
23233,THA,TULLAHOMA RGNL/WM NORTHERN FLD,TULLAHOMA,TN,TENNESSEE,35.38012527,-86.24677833,35.38012527,-86.24677833,1084,PU,PU,Non-towered,
23235,UCY,EVERETT-STEWART RGNL,UNION CITY,TN,TENNESSEE,36.37974055,-88.98570194,36.37974055,-88.98570194,345.6,PU,PU,Non-towered,
23240.1,0M5,HUMPHREYS COUNTY,WAVERLY,TN,TENNESSEE,36.11661111,-87.73816666,36.11661111,-87.73816666,755.8,PU,PU,Non-towered,
23250,BGF,WINCHESTER MUNI,WINCHESTER,TN,TENNESSEE,35.17753361,-86.06616638,35.17753361,-86.06616638,978.8,PU,PU,Non-towered,
23287,ABI,ABILENE RGNL,ABILENE,TX,TEXAS,32.41133333,-99.68188888,32.41133333,-99.68188888,1790.6,PU,PU,Towered,
23292.01,67T,OLD HOPPE PLACE,AGUA DULCE,TX,TEXAS,27.79970555,-97.85090277,27.79970555,-97.85090277,96,PR,PU,Non-towered,
23299,T23,ALBANY MUNI,ALBANY,TX,TEXAS,32.72138888,-99.26758333,32.72138888,-99.26758333,1414.8,PU,PU,Non-towered,
23305,ALI,ALICE INTL,ALICE,TX,TEXAS,27.74088888,-98.02694444,27.74088888,-98.02694444,178.2,PU,PU,Non-towered,
23307,E38,ALPINE-CASPARIS MUNI,ALPINE,TX,TEXAS,30.38422222,-103.6835833,30.38422222,-103.6835833,4514.4,PU,PU,Non-towered,
23328,AMA,RICK HUSBAND AMARILLO INTL,AMARILLO,TX,TEXAS,35.21936111,-101.7059167,35.21936111,-101.7059167,3606.7,PU,PU,Towered,
23324.12,H81,RIVER FALLS,AMARILLO,TX,TEXAS,35.08142538,-101.7557974,35.08142538,-101.7557974,3585,PR,PU,Non-towered,
23324,TDW,TRADEWIND,AMARILLO,TX,TEXAS,35.16988888,-101.8258611,35.16988888,-101.8258611,3648.5,PR,PU,Non-towered,
23332,T00,CHAMBERS COUNTY,ANAHUAC,TX,TEXAS,29.76981477,-94.66348708,29.76981477,-94.66348708,21.2,PU,PU,Non-towered,
23336,E11,ANDREWS COUNTY,ANDREWS,TX,TEXAS,32.33075297,-102.5296873,32.33075297,-102.5296873,3174,PU,PU,Non-towered,
23337.22,LBX,TEXAS GULF COAST RGNL,ANGLETON/LAKE JACKSON,TX,TEXAS,29.10863888,-95.46208333,29.10863888,-95.46208333,25.2,PU,PU,Non-towered,
23352.1,GKY,ARLINGTON MUNI,ARLINGTON,TX,TEXAS,32.66387111,-97.09428055,32.66387111,-97.09428055,628.3,PU,PU,Towered,
23359.4,T60,STONEWALL COUNTY,ASPERMONT,TX,TEXAS,33.17034027,-100.197275,33.17034027,-100.197275,1744,PU,PU,Non-towered,
23363.1,F44,ATHENS MUNI,ATHENS,TX,TEXAS,32.16384777,-95.82835305,32.16384777,-95.82835305,444.1,PU,PU,Non-towered,
23366,ATA,HALL-MILLER MUNI,ATLANTA,TX,TEXAS,33.10252777,-94.19502777,33.10252777,-94.19502777,280.3,PU,PU,Non-towered,
23373.2,EDC,AUSTIN EXEC,AUSTIN,TX,TEXAS,30.39749313,-97.5663935,30.39749313,-97.5663935,620,PR,PU,Towered,
23369,AUS,AUSTIN-BERGSTROM INTL,AUSTIN,TX,TEXAS,30.19452722,-97.66987611,30.19452722,-97.66987611,541.5,PU,PU,Towered,
23369.39,HYI,SAN MARCOS RGNL,AUSTIN,TX,TEXAS,29.89275,-97.863,29.89275,-97.863,594.7,PU,PU,Towered,
23388,E30,BRUCE FLD,BALLINGER,TX,TEXAS,31.67447222,-99.977,31.67447222,-99.977,1738.5,PU,PU,Non-towered,
23409.4,BYY,BAY CITY RGNL,BAY CITY,TX,TEXAS,28.97324666,-95.86345194,28.97324666,-95.86345194,44.9,PU,PU,Non-towered,
23412.1,HPY,BAYTOWN,BAYTOWN,TX,TEXAS,29.78608333,-94.95266666,29.78608333,-94.95266666,33.8,PR,PU,Non-towered,
23412.13,54T,RWJ AIRPARK,BAYTOWN,TX,TEXAS,29.76189444,-94.84793888,29.76189444,-94.84793888,33,PR,PU,Non-towered,
23415,BMT,BEAUMONT MUNI,BEAUMONT,TX,TEXAS,30.07020438,-94.21509672,30.07020438,-94.21509672,31.9,PU,PU,Non-towered,
23416,BPT,JACK BROOKS RGNL,BEAUMONT/PORT ARTHUR,TX,TEXAS,29.95083111,-94.02069888,29.95083111,-94.02069888,14.8,PU,PU,Towered,
23418.2,BEA,BEEVILLE MUNI,BEEVILLE,TX,TEXAS,28.36422222,-97.79194444,28.36422222,-97.79194444,272.8,PU,PU,Non-towered,
23418.25,TX2,CHASE FLD INDUSTRIAL,BEEVILLE,TX,TEXAS,28.36244444,-97.66191666,28.36244444,-97.66191666,184.2,PU,PU,Non-towered,
23432,E41,REAGAN COUNTY,BIG LAKE,TX,TEXAS,31.19862472,-101.475245,31.19862472,-101.475245,2705.7,PU,PU,Non-towered,
23439,BPG,BIG SPRING/MC MAHON-WRINKLE,BIG SPRING,TX,TEXAS,32.21261777,-101.5216464,32.21261777,-101.5216464,2572.8,PU,PU,Non-towered,
23442,07R,BISHOP-WINDHAM,BISHOP,TX,TEXAS,27.61016666,-97.75252777,27.61016666,-97.75252777,55,PU,PU,Non-towered,
23454,F00,JONES FLD,BONHAM,TX,TEXAS,33.61309166,-96.179325,33.61309166,-96.179325,618.2,PU,PU,Non-towered,
23461,BGD,HUTCHINSON COUNTY,BORGER,TX,TEXAS,35.70088888,-101.3936667,35.70088888,-101.3936667,3055.2,PU,PU,Non-towered,
23469.2,0F2,BOWIE MUNI,BOWIE,TX,TEXAS,33.60166666,-97.77555555,33.60166666,-97.77555555,1100.5,PU,PU,Non-towered,
23477,BBD,CURTIS FLD,BRADY,TX,TEXAS,31.17927777,-99.32391666,31.17927777,-99.32391666,1827.4,PU,PU,Non-towered,
23481,BKD,STEPHENS COUNTY,BRECKENRIDGE,TX,TEXAS,32.71875611,-98.89159638,32.71875611,-98.89159638,1284.2,PU,PU,Non-towered,
23485.1,11R,BRENHAM MUNI,BRENHAM,TX,TEXAS,30.2196755,-96.37440277,30.2196755,-96.37440277,317.7,PU,PU,Non-towered,
23486.1,XBP,BRIDGEPORT MUNI,BRIDGEPORT,TX,TEXAS,33.17395972,-97.82842713,33.17395972,-97.82842713,863.7,PU,PU,Non-towered,
23495,BFE,TERRY COUNTY,BROWNFIELD,TX,TEXAS,33.17313888,-102.1929167,33.17313888,-102.1929167,3264.6,PU,PU,Non-towered,
23499,BRO,BROWNSVILLE/SOUTH PADRE ISLAND INTL,BROWNSVILLE,TX,TEXAS,25.90613888,-97.426,25.90613888,-97.426,22.4,PU,PU,Towered,
23502,BWD,BROWNWOOD RGNL,BROWNWOOD,TX,TEXAS,31.79361111,-98.9565,31.79361111,-98.9565,1386.7,PU,PU,Non-towered,
23506,CFD,COULTER FLD,BRYAN,TX,TEXAS,30.71569444,-96.33136111,30.71569444,-96.33136111,366.7,PU,PU,Non-towered,
23522.2,BMQ,BURNET MUNI/KATE CRADDOCK FLD,BURNET,TX,TEXAS,30.73892722,-98.23861027,30.73892722,-98.23861027,1283.4,PU,PU,Non-towered,
23525,7F3,CADDO MILLS MUNI,CADDO MILLS,TX,TEXAS,33.03622222,-96.24313888,33.03622222,-96.24313888,541.6,PU,PU,Non-towered,
23535,RWV,CALDWELL MUNI,CALDWELL,TX,TEXAS,30.51547427,-96.70408577,30.51547427,-96.70408577,390.6,PU,PU,Non-towered,
23540,T35,CAMERON MUNI AIRPARK,CAMERON,TX,TEXAS,30.87900277,-96.9722125,30.87900277,-96.9722125,402,PU,PU,Non-towered,
23545,HHF,HEMPHILL COUNTY,CANADIAN,TX,TEXAS,35.89511111,-100.4038889,35.89511111,-100.4038889,2396.4,PU,PU,Non-towered,
23560,CZT,DIMMIT COUNTY,CARRIZO SPRINGS,TX,TEXAS,28.52225,-99.82363888,28.52225,-99.82363888,598.1,PU,PU,Non-towered,
23565.1,4F2,PANOLA COUNTY-SHARPE FLD,CARTHAGE,TX,TEXAS,32.17608333,-94.29880555,32.17608333,-94.29880555,248,PU,PU,Non-towered,
23574.1,CVB,CASTROVILLE MUNI,CASTROVILLE,TX,TEXAS,29.34238888,-98.85122222,29.34238888,-98.85122222,773.9,PU,PU,Non-towered,
23579,F17,CENTER MUNI,CENTER,TX,TEXAS,31.83158333,-94.15641666,31.83158333,-94.15641666,318.6,PU,PU,Non-towered,
23593,CDS,CHILDRESS MUNI,CHILDRESS,TX,TEXAS,34.43377777,-100.288,34.43377777,-100.288,1953.8,PU,PU,Non-towered,
23602,3F2,CISCO MUNI,CISCO,TX,TEXAS,32.41502777,-98.99683333,32.41502777,-98.99683333,1621,PU,PU,Non-towered,
23602.4,GZN,GREGORY M SIMMONS MEML,CISCO,TX,TEXAS,32.36583333,-99.02369444,32.36583333,-99.02369444,1711.1,PR,PU,Non-towered,
23607.1,E34,SMILEY JOHNSON MUNI/BASS FLD,CLARENDON,TX,TEXAS,34.9115,-100.8693611,34.9115,-100.8693611,2832.9,PU,PU,Non-towered,
23608.3,LBR,CLARKSVILLE/RED RIVER CTY-J D TRISSELL FLD,CLARKSVILLE,TX,TEXAS,33.59264027,-95.06414722,33.59264027,-95.06414722,440,PU,PU,Non-towered,
23617,CPT,CLEBURNE RGNL,CLEBURNE,TX,TEXAS,32.35375,-97.43375,32.35375,-97.43375,854.2,PU,PU,Non-towered,
23619,6R3,CLEVELAND MUNI,CLEVELAND,TX,TEXAS,30.35644444,-95.00802777,30.35644444,-95.00802777,150.1,PU,PU,Non-towered,
23625.1,7F7,CLIFTON MUNI/ISENHOWER FLD,CLIFTON,TX,TEXAS,31.81713333,-97.56956944,31.81713333,-97.56956944,760,PU,PU,Non-towered,
23630,COM,COLEMAN MUNI,COLEMAN,TX,TEXAS,31.84113888,-99.40361111,31.84113888,-99.40361111,1696.8,PU,PU,Non-towered,
23635,CLL,EASTERWOOD FLD,COLLEGE STATION,TX,TEXAS,30.58804188,-96.36254444,30.58804188,-96.36254444,320.6,PU,PU,Towered,
23637.3,T88,COLORADO CITY,COLORADO CITY,TX,TEXAS,32.46842833,-100.9211222,32.46842833,-100.9211222,2214,PU,PU,Non-towered,
23638.12,66R,ROBERT R WELLS JR,COLUMBUS,TX,TEXAS,29.64151111,-96.51595555,29.64151111,-96.51595555,242,PU,PU,Non-towered,
23640.11,MKN,COMANCHE COUNTY-CITY,COMANCHE,TX,TEXAS,31.92030555,-98.59919444,31.92030555,-98.59919444,1386.6,PU,PU,Non-towered,
23646.1,2F7,COMMERCE MUNI,COMMERCE,TX,TEXAS,33.29286111,-95.89641666,33.29286111,-95.89641666,515.5,PU,PU,Non-towered,
23657.2,CRP,CORPUS CHRISTI INTL,CORPUS CHRISTI,TX,TEXAS,27.77219444,-97.50241666,27.77219444,-97.50241666,46.1,PU,PU,Towered,
23664,CRS,C DAVID CAMPBELL FLD-CORSICANA MUNI,CORSICANA,TX,TEXAS,32.02805555,-96.40058333,32.02805555,-96.40058333,448.6,PU,PU,Non-towered,
23667,COT,COTULLA-LA SALLE COUNTY,COTULLA,TX,TEXAS,28.45572222,-99.21722222,28.45572222,-99.21722222,474.3,PU,PU,Non-towered,
23671,E13,CRANE COUNTY,CRANE,TX,TEXAS,31.41157361,-102.3604736,31.41157361,-102.3604736,2554.7,PU,PU,Non-towered,
23673.1,DKR,HOUSTON COUNTY,CROCKETT,TX,TEXAS,31.30697222,-95.40383333,31.30697222,-95.40383333,348.4,PU,PU,Non-towered,
23675.1,8F3,CROSBYTON MUNI,CROSBYTON,TX,TEXAS,33.62383333,-101.2408611,33.62383333,-101.2408611,3018.1,PU,PU,Non-towered,
23684,20R,CRYSTAL CITY MUNI,CRYSTAL CITY,TX,TEXAS,28.69755555,-99.81766666,28.69755555,-99.81766666,608,PU,PU,Non-towered,
23690,T71,CUERO MUNI,CUERO,TX,TEXAS,29.08358805,-97.26693416,29.08358805,-97.26693416,214,PU,PU,Non-towered,
23704.1,8F5,GREATER MORRIS COUNTY,DAINGERFIELD,TX,TEXAS,33.14805916,-94.70014888,33.14805916,-94.70014888,402,PU,PU,Non-towered,
23708,DHT,DALHART MUNI,DALHART,TX,TEXAS,36.02247222,-102.5473889,36.02247222,-102.5473889,3991.1,PU,PU,Non-towered,
23710.3,ADS,ADDISON,DALLAS,TX,TEXAS,32.96855555,-96.83644444,32.96855555,-96.83644444,644.6,PU,PU,Towered,
23710.1,F69,AIR PARK-DALLAS,DALLAS,TX,TEXAS,33.02345472,-96.83694611,33.02345472,-96.83694611,695,PR,PU,Non-towered,
23710.12,1F7,AIRPARK EAST,DALLAS,TX,TEXAS,32.81293338,-96.35203255,32.81293338,-96.35203255,500,PR,PU,Non-towered,
23710.18,49T,DALLAS CBD,DALLAS,TX,TEXAS,32.77172222,-96.80205555,32.77172222,-96.80205555,480,PU,PU,Non-towered,
23710.2,RBD,DALLAS EXEC,DALLAS,TX,TEXAS,32.68130555,-96.86877777,32.68130555,-96.86877777,660.5,PU,PU,Towered,
23713,DAL,DALLAS LOVE FLD,DALLAS,TX,TEXAS,32.84594472,-96.85087666,32.84594472,-96.85087666,486.9,PU,PU,Towered,
23710.38,TKI,MCKINNEY NTL,DALLAS,TX,TEXAS,33.17706527,-96.58876666,33.17706527,-96.58876666,588.9,PU,PU,Towered,
23710.6,DFW,DALLAS-FORT WORTH INTL,DALLAS-FORT WORTH,TX,TEXAS,32.89723305,-97.03769472,32.89723305,-97.03769472,606.4,PU,PU,Towered,1
23726,LUD,DECATUR MUNI,DECATUR,TX,TEXAS,33.25425,-97.5805,33.25425,-97.5805,1046.7,PU,PU,Non-towered,
23745,DRT,DEL RIO INTL,DEL RIO,TX,TEXAS,29.37420694,-100.9271569,29.37420694,-100.9271569,1002.2,PU,PU,Non-towered,
23741.21,2.00E+05,DELL CITY MUNI,DELL CITY,TX,TEXAS,31.94762222,-105.1917833,31.94762222,-105.1917833,3703,PU,PU,Non-towered,
23750,DTO,DENTON ENTERPRISE,DENTON,TX,TEXAS,33.20196055,-97.1990975,33.20196055,-97.1990975,642.7,PU,PU,Towered,
23752,E57,DENVER CITY,DENVER CITY,TX,TEXAS,32.9746595,-102.8450962,32.9746595,-102.8450962,3575,PR,PU,Non-towered,
23759.7,73T,COLONEL BOBBY WADDLE/DESOTO,DESOTO,TX,TEXAS,32.63166111,-96.85522777,32.63166111,-96.85522777,648.5,PU,PU,Non-towered,
23760.1,23R,DEVINE MUNI,DEVINE,TX,TEXAS,29.13838888,-98.94188888,29.13838888,-98.94188888,702.2,PU,PU,Non-towered,
23767.11,24R,DILLEY AIRPARK,DILLEY,TX,TEXAS,28.6855,-99.18908333,28.6855,-99.18908333,542,PU,PU,Non-towered,
23769.1,T55,DIMMITT MUNI,DIMMITT,TX,TEXAS,34.56673555,-102.3226947,34.56673555,-102.3226947,3883,PU,PU,Non-towered,
23779,6R6,TERRELL COUNTY,DRYDEN,TX,TEXAS,30.04647222,-102.2131667,30.04647222,-102.2131667,2323.4,PU,PU,Non-towered,
23781.11,9F0,DUBLIN MUNI,DUBLIN,TX,TEXAS,32.06819916,-98.32532083,32.06819916,-98.32532083,1495,PU,PU,Non-towered,
23785.1,DUX,MOORE COUNTY,DUMAS,TX,TEXAS,35.85743066,-102.0133093,35.85743066,-102.0133093,3706.4,PU,PU,Non-towered,
23787,ELA,EAGLE LAKE,EAGLE LAKE,TX,TEXAS,29.60002777,-96.32194444,29.60002777,-96.32194444,184.1,PU,PU,Non-towered,
23794,5T9,MAVERICK COUNTY MEML INTL,EAGLE PASS,TX,TEXAS,28.85709277,-100.5134678,28.85709277,-100.5134678,887.3,PU,PU,Non-towered,
23796,ETN,EASTLAND MUNI,EASTLAND,TX,TEXAS,32.41488888,-98.80969444,32.41488888,-98.80969444,1467.9,PU,PU,Non-towered,
23804,EBG,SOUTH TEXAS INTL AT EDINBURG,EDINBURG,TX,TEXAS,26.44166666,-98.12222222,26.44166666,-98.12222222,75.2,PU,PU,Non-towered,
23808.1,26R,JACKSON COUNTY,EDNA,TX,TEXAS,29.00099916,-96.58196194,29.00099916,-96.58196194,61.5,PU,PU,Non-towered,
23830,ELP,EL PASO INTL,EL PASO,TX,TEXAS,31.80733333,-106.3763611,31.80733333,-106.3763611,3961.6,PU,PU,Towered,
23817,27R,ELDORADO,ELDORADO,TX,TEXAS,30.86222222,-100.6108611,30.86222222,-100.6108611,2448,PU,PU,Non-towered,
23836.1,F41,ENNIS MUNI,ENNIS,TX,TEXAS,32.32969805,-96.66389916,32.32969805,-96.66389916,500.3,PU,PU,Non-towered,
23844,E35,FABENS,FABENS,TX,TEXAS,31.51719722,-106.1470611,31.51719722,-106.1470611,3680,PU,PU,Non-towered,
23852,BKS,BROOKS COUNTY,FALFURRIAS,TX,TEXAS,27.20605555,-98.12102777,27.20605555,-98.12102777,111.7,PU,PU,Non-towered,
23856,12T,FERRIS RED OAK MUNI,FERRIS/RED OAK,TX,TEXAS,32.52986111,-96.73116111,32.52986111,-96.73116111,510,PU,PU,Non-towered,
23871.1,41F,FLOYDADA MUNI,FLOYDADA,TX,TEXAS,34.00152777,-101.33025,34.00152777,-101.33025,3187.2,PU,PU,Non-towered,
23873.15,T93,FOLLETT/LIPSCOMB COUNTY,FOLLETT,TX,TEXAS,36.44080555,-100.1238056,36.44080555,-100.1238056,2600.8,PU,PU,Non-towered,
23882.2,GRK,ROBERT GRAY AAF,FORT HOOD (KILLEEN),TX,TEXAS,31.06725,-97.82891666,31.06725,-97.82891666,1015.2,MR,PU,Towered,
23885,FST,FORT STOCKTON-PECOS COUNTY,FORT STOCKTON,TX,TEXAS,30.91525,-102.9127778,30.91525,-102.9127778,3011,PU,PU,Non-towered,
23887.11,50F,BOURLAND FLD,FORT WORTH,TX,TEXAS,32.58183333,-97.59077777,32.58183333,-97.59077777,873.2,PR,PU,Non-towered,
23887,FTW,FORT WORTH MEACHAM INTL,FORT WORTH,TX,TEXAS,32.81977027,-97.36245,32.81977027,-97.36245,710.1,PU,PU,Towered,
23895.11,FWS,FORT WORTH SPINKS,FORT WORTH,TX,TEXAS,32.56513361,-97.30843944,32.56513361,-97.30843944,700.4,PU,PU,Towered,
23887.3,T67,HICKS AIRFIELD,FORT WORTH,TX,TEXAS,32.93123666,-97.41168583,32.93123666,-97.41168583,855,PR,PU,Non-towered,
23887.2,4T2,KENNETH COPELAND,FORT WORTH,TX,TEXAS,32.97763172,-97.49229366,32.97763172,-97.49229366,693,PR,PU,Non-towered,
23895.3,AFW,PEROT FLD/FORT WORTH ALLIANCE,FORT WORTH,TX,TEXAS,32.99030666,-97.31942944,32.99030666,-97.31942944,723.2,PU,PU,Towered,
23887.4,9F9,SYCAMORE STRIP,FORT WORTH,TX,TEXAS,32.62702777,-97.35400694,32.62702777,-97.35400694,762,PR,PU,Non-towered,
23903,T82,GILLESPIE COUNTY,FREDERICKSBURG,TX,TEXAS,30.24324305,-98.90918666,30.24324305,-98.90918666,1694.9,PU,PU,Non-towered,
23907,T19,DUVAL-FREER,FREER,TX,TEXAS,27.88869444,-98.59995833,27.88869444,-98.59995833,564,PU,PU,Non-towered,
23911,GLE,GAINESVILLE MUNI,GAINESVILLE,TX,TEXAS,33.65219444,-97.19727777,33.65219444,-97.19727777,845.5,PU,PU,Non-towered,
23915,GLS,SCHOLES INTL AT GALVESTON,GALVESTON,TX,TEXAS,29.26533333,-94.86041666,29.26533333,-94.86041666,5.6,PU,PU,Towered,
23930.2,GOP,GATESVILLE MUNI,GATESVILLE,TX,TEXAS,31.42093888,-97.79646388,31.42093888,-97.79646388,905,PU,PU,Non-towered,
23934.61,8T6,LIVE OAK COUNTY,GEORGE WEST,TX,TEXAS,28.36280555,-98.11647222,28.36280555,-98.11647222,128.7,PU,PU,Non-towered,
23934,GTU,GEORGETOWN EXEC,GEORGETOWN,TX,TEXAS,30.67880555,-97.67938888,30.67880555,-97.67938888,789.5,PU,PU,Towered,
23937.1,GYB,GIDDINGS-LEE COUNTY,GIDDINGS,TX,TEXAS,30.16927777,-96.98002777,30.16927777,-96.98002777,484.1,PU,PU,Non-towered,
23939.11,JXI,FOX STEPHENS FLD/GILMER MUNI,GILMER,TX,TEXAS,32.69803194,-94.94886833,32.69803194,-94.94886833,415.4,PU,PU,Non-towered,
23948,07F,GLADEWATER MUNI,GLADEWATER,TX,TEXAS,32.52883333,-94.97175,32.52883333,-94.97175,296.5,PU,PU,Non-towered,
23950.2,T37,GOLDTHWAITE MUNI,GOLDTHWAITE,TX,TEXAS,31.42906666,-98.60835555,31.42906666,-98.60835555,1457.6,PU,PU,Non-towered,
23951.1,T20,ROGER M DREYER MEML,GONZALES,TX,TEXAS,29.52912361,-97.46430277,29.52912361,-97.46430277,354,PU,PU,Non-towered,
23960.51,F35,POSSUM KINGDOM,GRAFORD,TX,TEXAS,32.92332458,-98.43687277,32.92332458,-98.43687277,1008.3,PU,PU,Non-towered,
23961,RPH,GRAHAM MUNI,GRAHAM,TX,TEXAS,33.11072222,-98.55477777,33.11072222,-98.55477777,1123,PU,PU,Non-towered,
23965.1,GDJ,GRANBURY RGNL,GRANBURY,TX,TEXAS,32.44307222,-97.82137277,32.44307222,-97.82137277,835.2,PU,PU,Non-towered,
23969.01,GPM,GRAND PRAIRIE MUNI,GRAND PRAIRIE,TX,TEXAS,32.69877777,-97.04691666,32.69877777,-97.04691666,590,PU,PU,Towered,
23985,GVT,MAJORS,GREENVILLE,TX,TEXAS,33.06783333,-96.06533333,33.06783333,-96.06533333,534.9,PU,PU,Towered,
23990,33R,GROVETON/TRINITY COUNTY,GROVETON,TX,TEXAS,31.08433333,-95.16411111,31.08433333,-95.16411111,340,PU,PU,Non-towered,
23995.1,E19,GRUVER MUNI,GRUVER,TX,TEXAS,36.23372611,-101.4321894,36.23372611,-101.4321894,3205.3,PU,PU,Non-towered,
24002.11,34R,HALLETTSVILLE MUNI,HALLETTSVILLE,TX,TEXAS,29.38995833,-96.95605972,29.38995833,-96.95605972,277.7,PU,PU,Non-towered,
24003,MNZ,HAMILTON MUNI,HAMILTON,TX,TEXAS,31.66592083,-98.14864305,31.66592083,-98.14864305,1304.8,PU,PU,Non-towered,
24012,HRL,VALLEY INTL,HARLINGEN,TX,TEXAS,26.22655944,-97.65531194,26.22655944,-97.65531194,36.3,PU,PU,Towered,
24015.12,15F,HASKELL MUNI,HASKELL,TX,TEXAS,33.19148686,-99.71787263,33.19148686,-99.71787263,1625.4,PU,PU,Non-towered,
24026,LHB,HEARNE MUNI,HEARNE,TX,TEXAS,30.87208333,-96.62219444,30.87208333,-96.62219444,284.7,PU,PU,Non-towered,
24030.121,HBV,JIM HOGG COUNTY,HEBBRONVILLE,TX,TEXAS,27.34955555,-98.73694444,27.34955555,-98.73694444,662.8,PU,PU,Non-towered,
24034,RFI,RUSK COUNTY,HENDERSON,TX,TEXAS,32.14172277,-94.85172833,32.14172277,-94.85172833,441.9,PU,PU,Non-towered,
24042,HRX,HEREFORD MUNI,HEREFORD,TX,TEXAS,34.86069888,-102.3258833,34.86069888,-102.3258833,3787.6,PU,PU,Non-towered,
24048,1X1,HIGGINS/LIPSCOMB COUNTY,HIGGINS,TX,TEXAS,36.10590277,-100.0257067,36.10590277,-100.0257067,2565.5,PU,PU,Non-towered,
24057.9,INJ,HILLSBORO MUNI,HILLSBORO,TX,TEXAS,32.08363888,-97.09725,32.08363888,-97.09725,685.7,PU,PU,Non-towered,
24062,HDO,SOUTH TEXAS RGNL AT HONDO,HONDO,TX,TEXAS,29.35913055,-99.17749166,29.35913055,-99.17749166,930.1,PU,PU,Non-towered,
24065,DZB,HORSESHOE BAY RESORT,HORSESHOE BAY,TX,TEXAS,30.52705138,-98.35875694,30.52705138,-98.35875694,1093,PR,PU,Non-towered,
24072.1,CXO,CONROE/NORTH HOUSTON RGNL,HOUSTON,TX,TEXAS,30.35339552,-95.41508194,30.35339552,-95.41508194,244.8,PU,PU,Towered,
24073.1,DWH,DAVID WAYNE HOOKS MEML,HOUSTON,TX,TEXAS,30.06177911,-95.55278841,30.06177911,-95.55278841,152.4,PR,PU,Towered,
24067.3,EFD,ELLINGTON,HOUSTON,TX,TEXAS,29.60733333,-95.15875,29.60733333,-95.15875,32.5,PU,PU,Towered,
24071.1,IAH,GEORGE BUSH INTCNTL/HOUSTON,HOUSTON,TX,TEXAS,29.98443527,-95.3414425,29.98443527,-95.3414425,95.8,PU,PU,Towered,1
24071.2,TME,HOUSTON EXEC,HOUSTON,TX,TEXAS,29.80502777,-95.89788888,29.80502777,-95.89788888,165.9,PR,PU,Towered,
24067.6,AXH,HOUSTON/SOUTHWEST,HOUSTON,TX,TEXAS,29.50613888,-95.47691666,29.50613888,-95.47691666,68.9,PR,PU,Non-towered,
24067.1,LVJ,PEARLAND RGNL,HOUSTON,TX,TEXAS,29.52127777,-95.24213888,29.52127777,-95.24213888,43.9,PR,PU,Non-towered,
24067.61,SGR,SUGAR LAND RGNL,HOUSTON,TX,TEXAS,29.62224861,-95.65653416,29.62224861,-95.65653416,81.1,PU,PU,Towered,
24068.2,IWS,WEST HOUSTON,HOUSTON,TX,TEXAS,29.81819444,-95.67261111,29.81819444,-95.67261111,111,PR,PU,Non-towered,
24071,HOU,WILLIAM P HOBBY,HOUSTON,TX,TEXAS,29.64579983,-95.27723158,29.64579983,-95.27723158,46.3,PU,PU,Towered,1
24092,UTS,HUNTSVILLE MUNI,HUNTSVILLE,TX,TEXAS,30.74688888,-95.58716666,30.74688888,-95.58716666,362.9,PU,PU,Non-towered,
24096.62,TFP,INGLESIDE RGNL,INGLESIDE,TX,TEXAS,27.91303166,-97.21148722,27.91303166,-97.21148722,17.7,PU,PU,Non-towered,
24099,2F0,IRAAN MUNI,IRAAN,TX,TEXAS,30.90622222,-101.8898056,30.90622222,-101.8898056,2200,PU,PU,Non-towered,
24106.2,21F,JACKSBORO MUNI,JACKSBORO,TX,TEXAS,33.22786111,-98.14644444,33.22786111,-98.14644444,1062,PU,PU,Non-towered,
24113.1,JSO,CHEROKEE COUNTY,JACKSONVILLE,TX,TEXAS,31.86933036,-95.21740547,31.86933036,-95.21740547,677.6,PU,PU,Non-towered,
24117,JAS,JASPER COUNTY/BELL FLD,JASPER,TX,TEXAS,30.88569444,-94.03494444,30.88569444,-94.03494444,212.6,PU,PU,Non-towered,
24120.21,22F,KENT COUNTY,JAYTON,TX,TEXAS,33.22911111,-100.5691111,33.22911111,-100.5691111,2008,PU,PU,Non-towered,
24121,24F,CYPRESS RIVER,JEFFERSON,TX,TEXAS,32.74430611,-94.30466138,32.74430611,-94.30466138,221.6,PU,PU,Non-towered,
24135,JCT,KIMBLE COUNTY,JUNCTION,TX,TEXAS,30.51111111,-99.76288888,30.51111111,-99.76288888,1753.6,PU,PU,Non-towered,
24137.623,3T6,CLARK,JUSTIN,TX,TEXAS,33.13361111,-97.29702777,33.13361111,-97.29702777,705,PR,PU,Non-towered,
24137.611,16X,PROPWASH,JUSTIN,TX,TEXAS,33.08061111,-97.35841666,33.08061111,-97.35841666,804,PR,PU,Non-towered,
24149.11,2R9,KENEDY RGNL,KENEDY,TX,TEXAS,28.82498569,-97.86556833,28.82498569,-97.86556833,288.7,PU,PU,Non-towered,
24159,ERV,KERRVILLE MUNI/LOUIS SCHREINER FLD,KERRVILLE,TX,TEXAS,29.97666666,-99.08547222,29.97666666,-99.08547222,1616.8,PU,PU,Non-towered,
24163,ILE,SKYLARK FLD,KILLEEN,TX,TEXAS,31.08583333,-97.6865,31.08583333,-97.6865,847.5,PU,PU,Non-towered,
24166.7,IKG,KLEBERG COUNTY,KINGSVILLE,TX,TEXAS,27.55086111,-98.03091666,27.55086111,-98.03091666,130.1,PU,PU,Non-towered,
24171,T12,KIRBYVILLE,KIRBYVILLE,TX,TEXAS,30.646565,-93.91490333,30.646565,-93.91490333,121,PU,PU,Non-towered,
24174.1,F75,HARRISON FLD OF KNOX CITY,KNOX CITY,TX,TEXAS,33.43815055,-99.81286888,33.43815055,-99.81286888,1500,PU,PU,Non-towered,
24175,45R,HAWTHORNE FLD,KOUNTZE/SILSBEE,TX,TEXAS,30.33633333,-94.25755555,30.33633333,-94.25755555,70.8,PU,PU,Non-towered,
24179.01,3T5,FAYETTE RGNL AIR CENTER,LA GRANGE,TX,TEXAS,29.90797222,-96.95,29.90797222,-96.95,324,PU,PU,Non-towered,
24190,T41,LA PORTE MUNI,LA PORTE,TX,TEXAS,29.66925,-95.06419444,29.66925,-95.06419444,25.1,PU,PU,Non-towered,
24196.19,TX0,SHANK N BANK,LA WARD,TX,TEXAS,28.74007166,-96.46818944,28.74007166,-96.46818944,29,PR,PU,Non-towered,
24178.8,RYW,LAGO VISTA TX/RUSTY ALLEN,LAGO VISTA,TX,TEXAS,30.49858333,-97.96947222,30.49858333,-97.96947222,1230.4,PU,PU,Non-towered,
24179.99,T89,LAJITAS INTL,LAJITAS,TX,TEXAS,29.27712527,-103.6857947,29.27712527,-103.6857947,2630,PR,PU,Non-towered,
24180.3,30F,LAKEVIEW,LAKE DALLAS,TX,TEXAS,33.13138888,-97.01419444,33.13138888,-97.01419444,535,PU,PU,Non-towered,
21480.8,3R9,LAKEWAY AIRPARK,LAKEWAY,TX,TEXAS,30.35749111,-97.99446777,30.35749111,-97.99446777,909.4,PR,PU,Non-towered,
24184,LUV,LAMESA MUNI,LAMESA,TX,TEXAS,32.75630555,-101.9202222,32.75630555,-101.9202222,2998.6,PU,PU,Non-towered,
24189.1,LZZ,LAMPASAS,LAMPASAS,TX,TEXAS,31.10619444,-98.19591666,31.10619444,-98.19591666,1214.4,PU,PU,Non-towered,
24189.6,LNC,LANCASTER RGNL,LANCASTER,TX,TEXAS,32.57760416,-96.71750277,32.57760416,-96.71750277,501.1,PU,PU,Non-towered,
24194,LRD,LAREDO INTL,LAREDO,TX,TEXAS,27.54419444,-99.46158333,27.54419444,-99.46158333,508,PU,PU,Towered,
24198.1,T95,BAY ELECTRIC SUPPLY,LEAGUE CITY,TX,TEXAS,29.48828777,-95.10743027,29.48828777,-95.10743027,26,PR,PU,Non-towered,
24200.13,49R,REAL COUNTY,LEAKEY,TX,TEXAS,29.74550111,-99.7608925,29.74550111,-99.7608925,1640,PR,PU,Non-towered,
24206,LLN,LEVELLAND MUNI,LEVELLAND,TX,TEXAS,33.55252777,-102.3725278,33.55252777,-102.3725278,3514.1,PU,PU,Non-towered,
24216.1,T78,LIBERTY MUNI,LIBERTY,TX,TEXAS,30.07780555,-94.69855555,30.07780555,-94.69855555,69.5,PU,PU,Non-towered,
24221.1,LIU,LITTLEFIELD TAYLOR BROWN MUNI,LITTLEFIELD,TX,TEXAS,33.92394419,-102.3866738,33.92394419,-102.3866738,3615.6,PU,PU,Non-towered,
24226.1,00R,LIVINGSTON MUNI,LIVINGSTON,TX,TEXAS,30.68586111,-95.01791666,30.68586111,-95.01791666,150.7,PU,PU,Non-towered,
24228,AQO,LLANO MUNI,LLANO,TX,TEXAS,30.78422222,-98.65988888,30.78422222,-98.65988888,1101.7,PU,PU,Non-towered,
24231,50R,LOCKHART MUNI,LOCKHART,TX,TEXAS,29.85033333,-97.67241666,29.85033333,-97.67241666,531.6,PU,PU,Non-towered,
24239,GGG,EAST TEXAS RGNL,LONGVIEW,TX,TEXAS,32.384,-94.7115,32.384,-94.7115,365.5,PU,PU,Towered,
24243.1,F82,LUBBOCK EXEC AIRPARK,LUBBOCK,TX,TEXAS,33.4837775,-101.8130447,33.4837775,-101.8130447,3175.7,PR,PU,Non-towered,
24245,LBB,LUBBOCK PRESTON SMITH INTL,LUBBOCK,TX,TEXAS,33.66366666,-101.8205556,33.66366666,-101.8205556,3282.4,PU,PU,Towered,
24249,LFK,ANGELINA COUNTY,LUFKIN,TX,TEXAS,31.23402777,-94.75,31.23402777,-94.75,295.6,PU,PU,Non-towered,
24281.1,51R,MADISONVILLE MUNI,MADISONVILLE,TX,TEXAS,30.9128375,-95.95199361,30.9128375,-95.95199361,286.4,PU,PU,Non-towered,
24298,MRF,MARFA MUNI,MARFA,TX,TEXAS,30.37111111,-104.0175278,30.37111111,-104.0175278,4848.8,PU,PU,Non-towered,
24299.2,T15,MARLIN,MARLIN,TX,TEXAS,31.34066666,-96.85202777,31.34066666,-96.85202777,410.7,PU,PU,Non-towered,
24302,ASL,HARRISON COUNTY,MARSHALL,TX,TEXAS,32.5205,-94.30777777,32.5205,-94.30777777,357,PU,PU,Non-towered,
24308,T92,MASON COUNTY,MASON,TX,TEXAS,30.73219302,-99.18400597,30.73219302,-99.18400597,1514,PU,PU,Non-towered,
24260,MFE,MC ALLEN INTL,MC ALLEN,TX,TEXAS,26.17583333,-98.23861111,26.17583333,-98.23861111,107.2,PU,PU,Towered,
24263,E48,UPTON COUNTY,MC CAMEY,TX,TEXAS,31.12514833,-102.225415,31.12514833,-102.225415,2433,PU,PU,Non-towered,
24275.1,2.00E+07,MC LEAN/GRAY COUNTY,MC LEAN,TX,TEXAS,35.24686111,-100.5468056,35.24686111,-100.5468056,2835,PU,PU,Non-towered,
24339,F21,MEMPHIS MUNI,MEMPHIS,TX,TEXAS,34.73958944,-100.5297008,34.73958944,-100.5297008,2102,PU,PU,Non-towered,
24340,T50,MENARD COUNTY,MENARD,TX,TEXAS,30.93247222,-99.80922777,30.93247222,-99.80922777,1933,PU,PU,Non-towered,
24346.5,HQZ,MESQUITE METRO,MESQUITE,TX,TEXAS,32.74696277,-96.53041722,32.74696277,-96.53041722,446.5,PU,PU,Towered,
24347.01,LXY,MEXIA-LIMESTONE COUNTY,MEXIA,TX,TEXAS,31.64117833,-96.51445944,31.64117833,-96.51445944,544.7,PU,PU,Non-towered,
24349.1,3.00E+00,MIAMI-ROBERTS COUNTY,MIAMI,TX,TEXAS,35.71393222,-100.6031922,35.71393222,-100.6031922,2720,PU,PU,Non-towered,
24352,MDD,MIDLAND AIRPARK,MIDLAND,TX,TEXAS,32.03657044,-102.1015276,32.03657044,-102.1015276,2805.4,PU,PU,Non-towered,
24353,MAF,MIDLAND INTL AIR AND SPACE PORT,MIDLAND,TX,TEXAS,31.94252777,-102.2019167,31.94252777,-102.2019167,2872.1,PU,PU,Towered,
24352.03,7T7,SKYWEST INC,MIDLAND,TX,TEXAS,31.85508333,-102.0739444,31.85508333,-102.0739444,2805,PR,PU,Non-towered,
24353.52,T56,EAGLE'S NEST ESTATES,MIDLOTHIAN,TX,TEXAS,32.51281222,-96.9267768,32.51281222,-96.9267768,780,PR,PU,Non-towered,
24353.6,JWY,MID-WAY RGNL,MIDLOTHIAN/WAXAHACHIE,TX,TEXAS,32.45829305,-96.91252638,32.45829305,-96.91252638,727,PU,PU,Non-towered,
24359,3F9,MINEOLA WISENER FLD,MINEOLA,TX,TEXAS,32.67667497,-95.51095811,32.67667497,-95.51095811,430,PR,PU,Non-towered,
24359.1,JDD,WOOD COUNTY/COLLINS FLD,MINEOLA/QUITMAN,TX,TEXAS,32.74219444,-95.49647222,32.74219444,-95.49647222,432.9,PU,PU,Non-towered,
24363,MWL,MINERAL WELLS RGNL,MINERAL WELLS,TX,TEXAS,32.78160555,-98.060175,32.78160555,-98.060175,973.6,PU,PU,Non-towered,
24374,E01,ROY HURD MEML,MONAHANS,TX,TEXAS,31.58247222,-102.9090278,31.58247222,-102.9090278,2614.5,PU,PU,Non-towered,
24384,F85,COCHRAN COUNTY,MORTON,TX,TEXAS,33.73133355,-102.7350813,33.73133355,-102.7350813,3747.2,PU,PU,Non-towered,
24387.03,OSA,MOUNT PLEASANT RGNL,MOUNT PLEASANT,TX,TEXAS,33.09688888,-94.96175,33.09688888,-94.96175,364.2,PU,PU,Non-towered,
24388.8,F53,FRANKLIN COUNTY,MOUNT VERNON,TX,TEXAS,33.21533333,-95.23722222,33.21533333,-95.23722222,412.1,PU,PU,Non-towered,
24395.1,2T1,MULESHOE MUNI,MULESHOE,TX,TEXAS,34.18513638,-102.6410981,34.18513638,-102.6410981,3779.3,PU,PU,Non-towered,
24397.21,37F,MUNDAY MUNI,MUNDAY,TX,TEXAS,33.46872222,-99.58622222,33.46872222,-99.58622222,1474,PU,PU,Non-towered,
24400,OCH,NACOGDOCHES A L MANGHAM JR RGNL,NACOGDOCHES,TX,TEXAS,31.57776388,-94.71011111,31.57776388,-94.71011111,343.1,PU,PU,Non-towered,
24403,60R,NAVASOTA MUNI,NAVASOTA,TX,TEXAS,30.36713888,-96.11294444,30.36713888,-96.11294444,229,PU,PU,Non-towered,
24407,BAZ,NEW BRAUNFELS NTL,NEW BRAUNFELS,TX,TEXAS,29.70575,-98.04322222,29.70575,-98.04322222,658.4,PU,PU,Towered,
24414.5,61R,NEWTON MUNI,NEWTON,TX,TEXAS,30.88405555,-93.74247222,30.88405555,-93.74247222,322,PU,PU,Non-towered,
24427,ODO,ODESSA-SCHLEMEYER FLD,ODESSA,TX,TEXAS,31.92141516,-102.3871329,31.92141516,-102.3871329,3003.6,PU,PU,Non-towered,
24437,ONY,OLNEY MUNI,OLNEY,TX,TEXAS,33.35088888,-98.81916666,33.35088888,-98.81916666,1275.4,PU,PU,Non-towered,
24445,ORG,ORANGE COUNTY,ORANGE,TX,TEXAS,30.06845161,-93.80402022,30.06845161,-93.80402022,13.2,PU,PU,Non-towered,
24455.1,OZA,OZONA MUNI,OZONA,TX,TEXAS,30.73519444,-101.2021944,30.73519444,-101.2021944,2376.9,PU,PU,Non-towered,
24457.3,3F6,DAN E RICHARDS MUNI,PADUCAH,TX,TEXAS,34.02763305,-100.2820025,34.02763305,-100.2820025,1859.5,PU,PU,Non-towered,
24462,PSX,PALACIOS MUNI,PALACIOS,TX,TEXAS,28.7275,-96.25094444,28.7275,-96.25094444,14.1,PU,PU,Non-towered,
24465,PSN,PALESTINE MUNI,PALESTINE,TX,TEXAS,31.77969444,-95.70630555,31.77969444,-95.70630555,422.6,PU,PU,Non-towered,
24472.1,PPA,PERRY LEFORS FLD,PAMPA,TX,TEXAS,35.613,-100.99625,35.613,-100.99625,3245.2,PU,PU,Non-towered,
24474.01,T45,PANHANDLE-CARSON COUNTY,PANHANDLE,TX,TEXAS,35.36169444,-101.3650833,35.36169444,-101.3650833,3453.7,PU,PU,Non-towered,
24480,PRX,COX FLD,PARIS,TX,TEXAS,33.63661111,-95.45075,33.63661111,-95.45075,547.6,PU,PU,Non-towered,
24491.1,T30,MC KINLEY FLD,PEARSALL,TX,TEXAS,28.82225,-99.10902777,28.82225,-99.10902777,586.4,PR,PU,Non-towered,
24494,PEQ,PECOS MUNI,PECOS,TX,TEXAS,31.38238888,-103.5107222,31.38238888,-103.5107222,2613.1,PU,PU,Non-towered,
24500,PYX,PERRYTON OCHILTREE COUNTY,PERRYTON,TX,TEXAS,36.41291777,-100.7515764,36.41291777,-100.7515764,2918.4,PU,PU,Non-towered,
24503.6,T24,PINELAND MUNI,PINELAND,TX,TEXAS,31.23352194,-93.98185555,31.23352194,-93.98185555,260,PU,PU,Non-towered,
24513,F98,YOAKUM COUNTY,PLAINS,TX,TEXAS,33.21719444,-102.8300833,33.21719444,-102.8300833,3705,PU,PU,Non-towered,
24519,PVW,HALE COUNTY,PLAINVIEW,TX,TEXAS,34.16814722,-101.7173361,34.16814722,-101.7173361,3374,PU,PU,Non-towered,
24525.11,PEZ,PLEASANTON MUNI,PLEASANTON,TX,TEXAS,28.95419444,-98.51997222,28.95419444,-98.51997222,430.4,PU,PU,Non-towered,
24528.2,RAS,MUSTANG BEACH,PORT ARANSAS,TX,TEXAS,27.81183333,-97.08875,27.81183333,-97.08875,5,PU,PU,Non-towered,
24537,PIL,CAMERON COUNTY,PORT ISABEL,TX,TEXAS,26.16619444,-97.34588888,26.16619444,-97.34588888,18.6,PU,PU,Non-towered,
24542.2,PKV,CALHOUN COUNTY,PORT LAVACA,TX,TEXAS,28.65330555,-96.68272222,28.65330555,-96.68272222,32,PU,PU,Non-towered,
24543,T05,CHARLES R JOHNSON,PORT MANSFIELD,TX,TEXAS,26.56015555,-97.43925,26.56015555,-97.43925,10,PU,PU,Non-towered,
24540,9R5,HUNT,PORTLAND,TX,TEXAS,27.88639102,-97.34956688,27.88639102,-97.34956688,38,PR,PU,Non-towered,
24548.11,5F1,POST-GARZA COUNTY MUNI,POST,TX,TEXAS,33.20330555,-101.3382222,33.20330555,-101.3382222,2545,PU,PU,Non-towered,
24566.13,PRS,PRESIDIO LELY INTL,PRESIDIO,TX,TEXAS,29.6342125,-104.3614944,29.6342125,-104.3614944,2938.4,PU,PU,Non-towered,
24586,F01,QUANAH MUNI,QUANAH,TX,TEXAS,34.27711083,-99.75968166,34.27711083,-99.75968166,1603.2,PU,PU,Non-towered,
24605,RFG,ROOKE FLD,REFUGIO,TX,TEXAS,28.29581666,-97.32597194,28.29581666,-97.32597194,54,PU,PU,Non-towered,
24612.1,67R,RIO GRANDE CITY MUNI,RIO GRANDE CITY,TX,TEXAS,26.42428333,-98.84608055,26.42428333,-98.84608055,290.3,PU,PU,Non-towered,
24625.1,52F,AERO VALLEY,ROANOKE,TX,TEXAS,33.04984472,-97.2322375,33.04984472,-97.2322375,643,PR,PU,Non-towered,
24631,RBO,NUECES COUNTY,ROBSTOWN,TX,TEXAS,27.77813888,-97.69011111,27.77813888,-97.69011111,79.7,PU,PU,Non-towered,
24631.7,RCK,H H COFFIELD RGNL,ROCKDALE,TX,TEXAS,30.63137638,-96.9894875,30.63137638,-96.9894875,474,PU,PU,Non-towered,
24633,RKP,ARANSAS COUNTY,ROCKPORT,TX,TEXAS,28.08622222,-97.04369444,28.08622222,-97.04369444,23.8,PU,PU,Non-towered,
24635.2,ECU,EDWARDS COUNTY,ROCKSPRINGS,TX,TEXAS,29.94691958,-100.1738547,29.94691958,-100.1738547,2372.2,PU,PU,Non-towered,
24638,F46,RALPH M HALL/ROCKWALL MUNI,ROCKWALL,TX,TEXAS,32.93059444,-96.43548555,32.93059444,-96.43548555,574.1,PU,PU,Non-towered,
24652,T54,LANE AIRPARK,ROSENBERG,TX,TEXAS,29.52320416,-95.77961527,29.52320416,-95.77961527,94,PR,PU,Non-towered,
24659.01,56F,FISHER COUNTY,ROTAN/ROBY,TX,TEXAS,32.82430555,-100.4128333,32.82430555,-100.4128333,1941,PU,PU,Non-towered,
24676.1,2TX,SALADO,SALADO,TX,TEXAS,30.9205785,-97.540105,30.9205785,-97.540105,689,PR,PU,Non-towered,
24693,SJT,SAN ANGELO RGNL/MATHIS FLD,SAN ANGELO,TX,TEXAS,31.35774833,-100.4963042,31.35774833,-100.4963042,1918.6,PU,PU,Towered,
24695,5C1,BOERNE STAGE AIRFIELD,SAN ANTONIO,TX,TEXAS,29.72321902,-98.69455691,29.72321902,-98.69455691,1383.9,PR,PU,Non-towered,
24694.3,1T8,BULVERDE AIRPARK,SAN ANTONIO,TX,TEXAS,29.73936513,-98.45129444,29.73936513,-98.45129444,1088,PR,PU,Non-towered,
24704,SKF,KELLY FLD,SAN ANTONIO,TX,TEXAS,29.38423333,-98.58111666,29.38423333,-98.58111666,690.6,MA,PU,Towered,
24693.35,1T7,KESTREL AIRPARK,SAN ANTONIO,TX,TEXAS,29.81175,-98.42605555,29.81175,-98.42605555,1261,PR,PU,Non-towered,
24709,SAT,SAN ANTONIO INTL,SAN ANTONIO,TX,TEXAS,29.53395833,-98.46905694,29.53395833,-98.46905694,809.1,PU,PU,Towered,
24693.4,8T8,SAN GERONIMO AIRPARK,SAN ANTONIO,TX,TEXAS,29.51019444,-98.79841666,29.51019444,-98.79841666,1040,PR,PU,Non-towered,
24708,SSF,STINSON MUNI,SAN ANTONIO,TX,TEXAS,29.33698138,-98.47104444,29.33698138,-98.47104444,577.6,PU,PU,Towered,
24694.8,T94,TWIN-OAKS,SAN ANTONIO,TX,TEXAS,29.57018694,-98.46838916,29.57018694,-98.46838916,873,PR,PU,Non-towered,
24712.71,78R,SAN AUGUSTINE COUNTY,SAN AUGUSTINE,TX,TEXAS,31.54043055,-94.17006666,31.54043055,-94.17006666,443,PU,PU,Non-towered,
24741.9,81R,SAN SABA COUNTY MUNI,SAN SABA,TX,TEXAS,31.23574527,-98.71769388,31.23574527,-98.71769388,1255.2,PU,PU,Non-towered,
24762.31,E70,HUBER AIRPARK CIVIC CLUB LLC,SEGUIN,TX,TEXAS,29.60240625,-97.99056305,29.60240625,-97.99056305,556,PR,PU,Non-towered,
24767.1,GNC,GAINES COUNTY,SEMINOLE,TX,TEXAS,32.67533333,-102.6526667,32.67533333,-102.6526667,3314.9,PU,PU,Non-towered,
24770.11,60F,SEYMOUR MUNI,SEYMOUR,TX,TEXAS,33.64851666,-99.26130555,33.64851666,-99.26130555,1344,PU,PU,Non-towered,
24774.1,2F1,SHAMROCK MUNI,SHAMROCK,TX,TEXAS,35.23461111,-100.1853056,35.23461111,-100.1853056,2369,PU,PU,Non-towered,
24779,SWI,SHERMAN MUNI,SHERMAN,TX,TEXAS,33.62413888,-96.58613888,33.62413888,-96.58613888,746.1,PU,PU,Non-towered,
24780,GYI,NORTH TEXAS RGNL/PERRIN FLD,SHERMAN/DENISON,TX,TEXAS,33.71409027,-96.674035,33.71409027,-96.674035,749.3,PU,PU,Towered,
24804,T69,SINTON,SINTON,TX,TEXAS,28.03856686,-97.54250125,28.03856686,-97.54250125,47.9,PU,PU,Non-towered,
24812.2,F49,CITY OF SLATON/LARRY T NEAL MEML,SLATON,TX,TEXAS,33.48523272,-101.6616778,33.48523272,-101.6616778,3126.5,PU,PU,Non-towered,
24815.11,84R,SMITHVILLE CRAWFORD MUNI,SMITHVILLE,TX,TEXAS,30.02820777,-97.16703916,30.02820777,-97.16703916,323.2,PU,PU,Non-towered,
24820.1,SNK,WINSTON FLD,SNYDER,TX,TEXAS,32.69338888,-100.9504722,32.69338888,-100.9504722,2430.3,PU,PU,Non-towered,
24827.3,SOA,SONORA MUNI,SONORA,TX,TEXAS,30.58569444,-100.6485556,30.58569444,-100.6485556,2139.9,PU,PU,Non-towered,
24831.01,E42,MAJOR SAMUEL B CORNELIUS FLD,SPEARMAN,TX,TEXAS,36.221,-101.1945,36.221,-101.1945,3090,PU,PU,Non-towered,
24832.01,88R,SPICEWOOD,SPICEWOOD,TX,TEXAS,30.47378194,-98.12143611,30.47378194,-98.12143611,830,PR,PU,Non-towered,
24841,F56,ARLEDGE FLD,STAMFORD,TX,TEXAS,32.91047222,-99.73416666,32.91047222,-99.73416666,1560.8,PU,PU,Non-towered,
24843.13,63F,STANTON MUNI,STANTON,TX,TEXAS,32.17358305,-101.8224722,32.17358305,-101.8224722,2731,PU,PU,Non-towered,
24849,SEP,STEPHENVILLE CLARK RGNL,STEPHENVILLE,TX,TEXAS,32.21533333,-98.17766666,32.21533333,-98.17766666,1321.4,PU,PU,Non-towered,
24856,H70,STRATFORD FLD,STRATFORD,TX,TEXAS,36.34563888,-102.04925,36.34563888,-102.04925,3668.2,PR,PU,Non-towered,
24868,SLR,SULPHUR SPRINGS MUNI,SULPHUR SPRINGS,TX,TEXAS,33.15983333,-95.62113888,33.15983333,-95.62113888,489.3,PU,PU,Non-towered,
24874.2,X43,SUNRAY,SUNRAY,TX,TEXAS,36.02920222,-101.8287822,36.02920222,-101.8287822,3507,PU,PU,Non-towered,
24875,SWW,AVENGER FLD,SWEETWATER,TX,TEXAS,32.46736111,-100.4665556,32.46736111,-100.4665556,2379.7,PU,PU,Non-towered,
24881.1,2F4,T-BAR,TAHOKA,TX,TEXAS,33.181,-101.8193889,33.181,-101.8193889,3126,PU,PU,Non-towered,
24889,T74,TAYLOR MUNI,TAYLOR,TX,TEXAS,30.57263888,-97.44319444,30.57263888,-97.44319444,600,PU,PU,Non-towered,
24893.1,68F,TEAGUE MUNI,TEAGUE,TX,TEXAS,31.66175,-96.3105,31.66175,-96.3105,525,PU,PU,Non-towered,
24895,TPL,DRAUGHON-MILLER CENTRAL TEXAS RGNL,TEMPLE,TX,TEXAS,31.15190041,-97.40766294,31.15190041,-97.40766294,682.3,PU,PU,Non-towered,
24899,TRL,TERRELL MUNI,TERRELL,TX,TEXAS,32.70849444,-96.26709444,32.70849444,-96.26709444,474.2,PU,PU,Non-towered,
24921,72F,THROCKMORTON MUNI,THROCKMORTON,TX,TEXAS,33.18000416,-99.1497625,33.18000416,-99.1497625,1273,PU,PU,Non-towered,
24938,I06,CITY OF TULIA/SWISHER COUNTY MUNI,TULIA,TX,TEXAS,34.56682472,-101.7814611,34.56682472,-101.7814611,3503,PU,PU,Non-towered,
24947,TYR,TYLER POUNDS RGNL,TYLER,TX,TEXAS,32.35354722,-95.40297777,32.35354722,-95.40297777,543.9,PU,PU,Towered,
24955,UVA,GARNER FLD,UVALDE,TX,TEXAS,29.21133333,-99.74358333,29.21133333,-99.74358333,941.9,PU,PU,Non-towered,
24955.15,10X,OX RANCH,UVALDE,TX,TEXAS,29.46148194,-100.1142892,29.46148194,-100.1142892,1305.3,PR,PU,Non-towered,
24964,VHN,CULBERSON COUNTY,VAN HORN,TX,TEXAS,31.05783333,-104.7838056,31.05783333,-104.7838056,3956.8,PU,PU,Non-towered,
24966.61,E52,OLDHAM COUNTY,VEGA,TX,TEXAS,35.23071388,-102.3987681,35.23071388,-102.3987681,3995,PU,PU,Non-towered,
24970,F05,WILBARGER COUNTY,VERNON,TX,TEXAS,34.22566666,-99.28375,34.22566666,-99.28375,1264.7,PU,PU,Non-towered,
24971,VCT,VICTORIA RGNL,VICTORIA,TX,TEXAS,28.85420555,-96.91873166,28.85420555,-96.91873166,115.1,PU,PU,Towered,
24976.7,PWG,MC GREGOR EXEC,WACO,TX,TEXAS,31.48491666,-97.31652777,31.48491666,-97.31652777,591.7,PU,PU,Non-towered,
24980,CNW,TSTC WACO,WACO,TX,TEXAS,31.63780555,-97.07413888,31.63780555,-97.07413888,470.2,PU,PU,Towered,
24976,ACT,WACO RGNL,WACO,TX,TEXAS,31.61219444,-97.23030555,31.61219444,-97.23030555,516.1,PU,PU,Towered,
24988.2,WEA,PARKER COUNTY,WEATHERFORD,TX,TEXAS,32.74628669,-97.68245219,32.74628669,-97.68245219,991.2,PR,PU,Non-towered,
24996,F06,MARIAN AIRPARK,WELLINGTON,TX,TEXAS,34.84486563,-100.195191,34.84486563,-100.195191,2009,PU,PU,Non-towered,
25001,TXW,MID VALLEY,WESLACO,TX,TEXAS,26.1787075,-97.97400638,26.1787075,-97.97400638,69.9,PU,PU,Non-towered,
25016.11,ARM,WHARTON RGNL,WHARTON,TX,TEXAS,29.25427777,-96.15438888,29.25427777,-96.15438888,100,PU,PU,Non-towered,
25019,T59,WHEELER MUNI,WHEELER,TX,TEXAS,35.45108333,-100.1999167,35.45108333,-100.1999167,2469.9,PU,PU,Non-towered,
25028,CWC,KICKAPOO DOWNTOWN,WICHITA FALLS,TX,TEXAS,33.86061666,-98.49039861,33.86061666,-98.49039861,1003,PU,PU,Non-towered,
25029,SPS,SHEPPARD AFB/WICHITA FALLS MUNI,WICHITA FALLS,TX,TEXAS,33.9888,-98.49190555,33.9888,-98.49190555,1019.1,MA,PU,Towered,
25027.1,F14,WICHITA VALLEY,WICHITA FALLS,TX,TEXAS,33.94761047,-98.61614766,33.94761047,-98.61614766,1005.1,PR,PU,Non-towered,
25039.1,76F,VAN ZANDT COUNTY RGNL,WILLS POINT,TX,TEXAS,32.68141666,-95.98413888,32.68141666,-95.98413888,522,PU,PU,Non-towered,
25049,INK,WINKLER COUNTY,WINK,TX,TEXAS,31.77980555,-103.2016944,31.77980555,-103.2016944,2821.6,PU,PU,Non-towered,
25052.03,T90,CHAMBERS COUNTY/WINNIE STOWELL,WINNIE/STOWELL,TX,TEXAS,29.81891388,-94.43106666,29.81891388,-94.43106666,24.2,PU,PU,Non-towered,
25054.1,F51,WINNSBORO MUNI,WINNSBORO,TX,TEXAS,32.93882611,-95.2788675,32.93882611,-95.2788675,513.4,PU,PU,Non-towered,
25057.1,77F,WINTERS MUNI,WINTERS,TX,TEXAS,31.94719419,-99.98585005,31.94719419,-99.98585005,1871,PU,PU,Non-towered,
25063.2,T96,SOUTHWEST LUBBOCK,WOLFFORTH,TX,TEXAS,33.39394977,-102.0100044,33.39394977,-102.0100044,3265,PR,PU,Non-towered,
25065,09R,TYLER COUNTY,WOODVILLE,TX,TEXAS,30.77520055,-94.4585325,30.77520055,-94.4585325,388,PU,PU,Non-towered,
25070.1,T85,YOAKUM MUNI,YOAKUM,TX,TEXAS,29.31316666,-97.13841666,29.31316666,-97.13841666,365.4,PU,PU,Non-towered,
25083,APY,ZAPATA COUNTY,ZAPATA,TX,TEXAS,26.96878611,-99.24890833,26.96878611,-99.24890833,422.1,PU,PU,Non-towered,
25102,U52,BEAVER MUNI,BEAVER,UT,UTAH,38.230595,-112.6754086,38.230595,-112.6754086,5863.2,PU,PU,Non-towered,
25106,BDG,BLANDING MUNI,BLANDING,UT,UTAH,37.58333333,-109.4832778,37.58333333,-109.4832778,5867.8,PU,PU,Non-towered,
25106.8,66V,BLUFF,BLUFF,UT,UTAH,37.255,-109.6330278,37.255,-109.6330278,4476,PU,PU,Non-towered,
25111,BTF,SKYPARK,BOUNTIFUL,UT,UTAH,40.86814913,-111.9274991,40.86814913,-111.9274991,4237.1,PR,PU,Non-towered,
25114,BMC,BRIGHAM CITY RGNL,BRIGHAM CITY,UT,UTAH,41.55430555,-112.06225,41.55430555,-112.06225,4229.9,PU,PU,Non-towered,
25115,BCE,BRYCE CANYON,BRYCE CANYON,UT,UTAH,37.70644694,-112.1457997,37.70644694,-112.1457997,7589.9,PU,PU,Non-towered,
25117,CDC,CEDAR CITY RGNL,CEDAR CITY,UT,UTAH,37.70097,-113.0988508,37.70097,-113.0988508,5622.3,PU,PU,Non-towered,
25121,DTA,DELTA MUNI,DELTA,UT,UTAH,39.38283,-112.5022117,39.38283,-112.5022117,4759.6,PU,PU,Non-towered,
25124,U69,DUCHESNE MUNI,DUCHESNE,UT,UTAH,40.19363527,-110.3826239,40.19363527,-110.3826239,5830.9,PU,PU,Non-towered,
25124.8,33U,DUTCH JOHN,DUTCH JOHN,UT,UTAH,40.9178125,-109.3906607,40.9178125,-109.3906607,6561,PU,PU,Non-towered,
25129,1L7,ESCALANTE MUNI,ESCALANTE,UT,UTAH,37.74536111,-111.5701667,37.74536111,-111.5701667,5736.9,PU,PU,Non-towered,
25117.4,UT9,WEST DESERT AIRPARK,FAIRFIELD,UT,UTAH,40.2396713,-112.0910225,40.2396713,-112.0910225,4886,PR,PU,Non-towered,
25141,FOM,FILLMORE MUNI,FILLMORE,UT,UTAH,38.95813888,-112.3631389,38.95813888,-112.3631389,4984.5,PU,PU,Non-towered,
25148,U07,BULLFROG BASIN,GLEN CANYON NATL REC AREA,UT,UTAH,37.54582361,-110.7131992,37.54582361,-110.7131992,4167,PU,PU,Non-towered,
25154.11,U34,GREEN RIVER MUNI,GREEN RIVER,UT,UTAH,38.96168861,-110.2272878,38.96168861,-110.2272878,4234.1,PU,PU,Non-towered,
25158,U96,CAL BLACK MEML,HALLS CROSSING,UT,UTAH,37.43530555,-110.5642778,37.43530555,-110.5642778,4394.6,PU,PU,Non-towered,
25160,HVE,HANKSVILLE,HANKSVILLE,UT,UTAH,38.41941666,-110.7029167,38.41941666,-110.7029167,4453.6,PU,PU,Non-towered,
25164,HCR,HEBER VALLEY,HEBER,UT,UTAH,40.48180555,-111.4288056,40.48180555,-111.4288056,5636.8,PU,PU,Non-towered,
25167.7,69V,HUNTINGTON MUNI,HUNTINGTON,UT,UTAH,39.36122472,-110.9169806,39.36122472,-110.9169806,5915.3,PU,PU,Non-towered,
25168,1L8,GENERAL DICK STOUT FLD,HURRICANE,UT,UTAH,37.14021536,-113.3060799,37.14021536,-113.3060799,3351.4,PU,PU,Non-towered,
25170,U13,JUNCTION,JUNCTION,UT,UTAH,38.24997833,-112.2254806,38.24997833,-112.2254806,6069,PU,PU,Non-towered,
25172,KNB,KANAB MUNI,KANAB,UT,UTAH,37.01051138,-112.5314778,37.01051138,-112.5314778,4867.7,PU,PU,Non-towered,
25182,38U,WAYNE WONDERLAND,LOA,UT,UTAH,38.36291444,-111.5959867,38.36291444,-111.5959867,7027.4,PU,PU,Non-towered,
25186,LGU,LOGAN-CACHE,LOGAN,UT,UTAH,41.79177055,-111.8516472,41.79177055,-111.8516472,4456.9,PU,PU,Non-towered,
25190.1,40U,MANILA,MANILA,UT,UTAH,40.98639444,-109.6785269,40.98639444,-109.6785269,6178.7,PU,PU,Non-towered,
25194,41U,MANTI-EPHRAIM,MANTI,UT,UTAH,39.33141666,-111.6126111,39.33141666,-111.6126111,5515.8,PU,PU,Non-towered,
25198,MLF,MILFORD MUNI/BEN AND JUDY BRISCOE FLD,MILFORD,UT,UTAH,38.42663558,-113.013274,38.42663558,-113.013274,5042.2,PU,PU,Non-towered,
25205.1,CNY,CANYONLANDS RGNL,MOAB,UT,UTAH,38.75763083,-109.7534625,38.75763083,-109.7534625,4579.2,PU,PU,Non-towered,
25211.05,U64,MONTICELLO,MONTICELLO,UT,UTAH,37.93242972,-109.3412242,37.93242972,-109.3412242,6969.9,PU,PU,Non-towered,
25213,42U,MORGAN COUNTY,MORGAN,UT,UTAH,41.14867555,-111.7671486,41.14867555,-111.7671486,5020,PU,PU,Non-towered,
25228,U14,NEPHI MUNI,NEPHI,UT,UTAH,39.73658333,-111.8700556,39.73658333,-111.8700556,5022.1,PU,PU,Non-towered,
25233,OGD,OGDEN-HINCKLEY,OGDEN,UT,UTAH,41.19507036,-112.0121947,41.19507036,-112.0121947,4472.5,PU,PU,Towered,
25243.1,U55,PANGUITCH MUNI,PANGUITCH,UT,UTAH,37.84522222,-112.3919444,37.84522222,-112.3919444,6762.5,PU,PU,Non-towered,
25248,1L9,PAROWAN,PAROWAN,UT,UTAH,37.85963888,-112.8158611,37.85963888,-112.8158611,5930,PU,PU,Non-towered,
25259,PUC,CARBON COUNTY RGNL/BUCK DAVIS FLD,PRICE,UT,UTAH,39.61388888,-110.7516111,39.61388888,-110.7516111,5957.6,PU,PU,Non-towered,
25269,PVU,PROVO MUNI,PROVO,UT,UTAH,40.21916666,-111.7233611,40.21916666,-111.7233611,4496.9,PU,PU,Towered,
25270,RIF,RICHFIELD MUNI,RICHFIELD,UT,UTAH,38.73411111,-112.1015833,38.73411111,-112.1015833,5318,PU,PU,Non-towered,
25279.01,74V,ROOSEVELT MUNI,ROOSEVELT,UT,UTAH,40.27841388,-110.0513772,40.27841388,-110.0513772,5176.1,PU,PU,Non-towered,
25284,44U,SALINA-GUNNISON,SALINA,UT,UTAH,39.02912833,-111.8382583,39.02912833,-111.8382583,5159,PU,PU,Non-towered,
25289,SLC,SALT LAKE CITY INTL,SALT LAKE CITY,UT,UTAH,40.78839333,-111.9777733,40.78839333,-111.9777733,4230.9,PU,PU,Towered,1
25287,SVR,SOUTH VALLEY RGNL,SALT LAKE CITY,UT,UTAH,40.61954666,-111.9928892,40.61954666,-111.9928892,4606.4,PU,PU,Non-towered,
25300.1,SPK,SPANISH FORK MUNI/WOODHOUSE FLD,SPANISH FORK,UT,UTAH,40.14502777,-111.6676944,40.14502777,-111.6676944,4529.5,PU,PU,Non-towered,
25282.02,SGU,ST GEORGE RGNL,ST GEORGE,UT,UTAH,37.03637805,-113.5103028,37.03637805,-113.5103028,2883.6,PU,PU,Non-towered,
25313.01,TVY,BOLINDER FLD/TOOELE VALLEY,TOOELE,UT,UTAH,40.61255333,-112.3507775,40.61255333,-112.3507775,4321.1,PU,PU,Non-towered,
25324,VEL,VERNAL RGNL,VERNAL,UT,UTAH,40.43607777,-109.5114225,40.43607777,-109.5114225,5274.2,PU,PU,Non-towered,
25333,ENV,WENDOVER,WENDOVER,UT,UTAH,40.71872527,-114.0286736,40.71872527,-114.0286736,4236.7,PU,PU,Non-towered,
25600,VJI,VIRGINIA HIGHLANDS,ABINGDON,VA,VIRGINIA,36.68631361,-82.03478416,36.68631361,-82.03478416,2087.5,PU,PU,Non-towered,
25644,BCB,VIRGINIA TECH/MONTGOMERY EXEC,BLACKSBURG,VA,VIRGINIA,37.20938638,-80.41209,37.20938638,-80.41209,2119.4,PU,PU,Non-towered,
25647,BKT,ALLAN C PERKINSON/BLACKSTONE AAF,BLACKSTONE,VA,VIRGINIA,37.07473758,-77.95181216,37.07473758,-77.95181216,437.4,MR,PU,Towered,
25649,VBW,BRIDGEWATER AIR PARK,BRIDGEWATER,VA,VIRGINIA,38.36531472,-78.958965,38.36531472,-78.958965,1165,PR,PU,Non-towered,
25658.13,0V4,BROOKNEAL/CAMPBELL COUNTY,BROOKNEAL,VA,VIRGINIA,37.14172222,-79.01638888,37.14172222,-79.01638888,596.6,PU,PU,Non-towered,
25659.4,7W4,LAKE ANNA,BUMPASS,VA,VIRGINIA,37.96581944,-77.74590277,37.96581944,-77.74590277,351.2,PR,PU,Non-towered,
25666,CHO,CHARLOTTESVILLE-ALBEMARLE,CHARLOTTESVILLE,VA,VIRGINIA,38.13964277,-78.45234416,38.13964277,-78.45234416,640.1,PU,PU,Towered,
25668,CXE,CHASE CITY MUNI,CHASE CITY,VA,VIRGINIA,36.78833555,-78.50155361,36.78833555,-78.50155361,503,PU,PU,Non-towered,
25687.2,W63,LAKE COUNTRY RGNL,CLARKSVILLE,VA,VIRGINIA,36.59636666,-78.55972944,36.59636666,-78.55972944,420.9,PU,PU,Non-towered,
25710.1,W81,CREWE MUNI,CREWE,VA,VIRGINIA,37.18101222,-78.09847469,37.18101222,-78.09847469,422,PU,PU,Non-towered,
25713,CJR,CULPEPER RGNL,CULPEPER,VA,VIRGINIA,38.52547222,-77.85963888,38.52547222,-77.85963888,315.5,PU,PU,Non-towered,
25725,DAN,DANVILLE RGNL,DANVILLE,VA,VIRGINIA,36.57247222,-79.33625,36.57247222,-79.33625,571.1,PU,PU,Non-towered,
25735,PSK,NEW RIVER VALLEY,DUBLIN,VA,VIRGINIA,37.13733638,-80.67847944,37.13733638,-80.67847944,2104.5,PU,PU,Non-towered,
25744,EMV,EMPORIA-GREENSVILLE RGNL,EMPORIA,VA,VIRGINIA,36.68685805,-77.48274888,36.68685805,-77.48274888,126.7,PU,PU,Non-towered,
25755.1,FVX,FARMVILLE RGNL,FARMVILLE,VA,VIRGINIA,37.35752777,-78.43780555,37.35752777,-78.43780555,415.7,PU,PU,Non-towered,
25767,W90,NEW LONDON,FOREST,VA,VIRGINIA,37.27172777,-79.3359,37.27172777,-79.3359,842,PR,PU,Non-towered,
25779,FKN,FRANKLIN RGNL,FRANKLIN,VA,VIRGINIA,36.70029638,-76.90213555,36.70029638,-76.90213555,40.3,PU,PU,Non-towered,
25783.1,EZF,SHANNON,FREDERICKSBURG,VA,VIRGINIA,38.26689527,-77.44924027,38.26689527,-77.44924027,85,PR,PU,Non-towered,
25791,FRR,FRONT ROYAL-WARREN COUNTY,FRONT ROYAL,VA,VIRGINIA,38.91751222,-78.25337333,38.91751222,-78.25337333,703.6,PU,PU,Non-towered,
25794.1,HLX,TWIN COUNTY,GALAX HILLSVILLE,VA,VIRGINIA,36.76603861,-80.82356138,36.76603861,-80.82356138,2693.7,PU,PU,Non-towered,
25805,GVE,GORDONSVILLE MUNI,GORDONSVILLE,VA,VIRGINIA,38.15598416,-78.16577972,38.15598416,-78.16577972,452,PU,PU,Non-towered,
25830,HSP,INGALLS FLD,HOT SPRINGS,VA,VIRGINIA,37.95145277,-79.83388888,37.95145277,-79.83388888,3792.4,PU,PU,Non-towered,
25836.4,0VG,LEE COUNTY,JONESVILLE,VA,VIRGINIA,36.654085,-83.21784666,36.654085,-83.21784666,1410.9,PU,PU,Non-towered,
25838.5,W31,LUNENBURG COUNTY,KENBRIDGE,VA,VIRGINIA,36.96040277,-78.18511111,36.96040277,-78.18511111,526,PU,PU,Non-towered,
25845,LVL,BRUNSWICK COUNTY,LAWRENCEVILLE,VA,VIRGINIA,36.77462916,-77.79378194,36.77462916,-77.79378194,328.7,PU,PU,Non-towered,
25847.1,JYO,LEESBURG EXEC,LEESBURG,VA,VIRGINIA,39.07797222,-77.5575,39.07797222,-77.5575,389.5,PU,PU,Towered,
25856.42,LKU,LOUISA COUNTY/FREEMAN FLD,LOUISA,VA,VIRGINIA,38.00982472,-77.97012666,38.00982472,-77.97012666,493.7,PU,PU,Non-towered,
25859.2,LUA,LURAY CAVERNS,LURAY,VA,VIRGINIA,38.66671047,-78.50083502,38.66671047,-78.50083502,902.4,PU,PU,Non-towered,
25862,W24,FALWELL,LYNCHBURG,VA,VIRGINIA,37.37792083,-79.12224527,37.37792083,-79.12224527,939,PR,PU,Non-towered,
25863,LYH,LYNCHBURG RGNL/PRESTON GLENN FLD,LYNCHBURG,VA,VIRGINIA,37.32538888,-79.20122222,37.32538888,-79.20122222,938.2,PU,PU,Towered,
25873.1,MKJ,MOUNTAIN EMPIRE,MARION/WYTHEVILLE,VA,VIRGINIA,36.89484888,-81.34994611,36.89484888,-81.34994611,2558.2,PU,PU,Non-towered,
25876.1,MTV,BLUE RIDGE,MARTINSVILLE,VA,VIRGINIA,36.6307525,-80.01833833,36.6307525,-80.01833833,940.9,PU,PU,Non-towered,
25882,MFV,ACCOMACK COUNTY,MELFA,VA,VIRGINIA,37.64687888,-75.76104527,37.64687888,-75.76104527,47.6,PU,PU,Non-towered,
25884.4,W91,SMITH MOUNTAIN LAKE,MONETA,VA,VIRGINIA,37.10772222,-79.59247222,37.10772222,-79.59247222,892.2,PR,PU,Non-towered,
25893.1,8W2,NEW MARKET,NEW MARKET,VA,VIRGINIA,38.65598472,-78.70849583,38.65598472,-78.70849583,962.7,PR,PU,Non-towered,
25897,PHF,NEWPORT NEWS/WILLIAMSBURG INTL,NEWPORT NEWS,VA,VIRGINIA,37.13188888,-76.49297222,37.13188888,-76.49297222,42.2,PU,PU,Towered,
25906.2,CPK,CHESAPEAKE RGNL,NORFOLK,VA,VIRGINIA,36.6656175,-76.32065583,36.6656175,-76.32065583,18.7,PU,PU,Non-towered,
25905.1,PVG,HAMPTON ROADS EXEC,NORFOLK,VA,VIRGINIA,36.7807648,-76.45128036,36.7807648,-76.45128036,28,PR,PU,Non-towered,
25905,ORF,NORFOLK INTL,NORFOLK,VA,VIRGINIA,36.89460416,-76.20122916,36.89460416,-76.20122916,26.4,PU,PU,Towered,
25926,OMH,ORANGE COUNTY,ORANGE,VA,VIRGINIA,38.24720277,-78.04562111,38.24720277,-78.04562111,464.4,PU,PU,Non-towered,
25936,PTB,TRI CITIES EXEC/DINWIDDIE COUNTY,PETERSBURG,VA,VIRGINIA,37.18430138,-77.50617444,37.18430138,-77.50617444,192.7,PU,PU,Non-towered,
25960,W96,NEW KENT COUNTY,QUINTON,VA,VIRGINIA,37.50342944,-77.12655833,37.50342944,-77.12655833,120.7,PU,PU,Non-towered,
25969.12,JFZ,TAZEWELL COUNTY,RICHLANDS,VA,VIRGINIA,37.06374638,-81.79826583,37.06374638,-81.79826583,2653.1,PU,PU,Non-towered,
25974,FCI,RICHMOND EXEC/CHESTERFIELD COUNTY,RICHMOND,VA,VIRGINIA,37.40644444,-77.52483333,37.40644444,-77.52483333,236.1,PU,PU,Non-towered,
25977,RIC,RICHMOND INTL,RICHMOND,VA,VIRGINIA,37.50518111,-77.31973861,37.50518111,-77.31973861,167.5,PU,PU,Towered,
25973.35,OFP,HANOVER COUNTY MUNI,RICHMOND/ASHLAND,VA,VIRGINIA,37.70893805,-77.43663777,37.70893805,-77.43663777,206.8,PU,PU,Non-towered,
25986,ROA,ROANOKE/BLACKSBURG RGNL (WOODRUM FLD),ROANOKE,VA,VIRGINIA,37.32547222,-79.97541666,37.32547222,-79.97541666,1175.2,PU,PU,Towered,
25996,W75,HUMMEL FLD,SALUDA,VA,VIRGINIA,37.60361472,-76.44645444,37.60361472,-76.44645444,30,PU,PU,Non-towered,
26011,W78,WILLIAM M TUCK,SOUTH BOSTON,VA,VIRGINIA,36.70937241,-78.84833747,36.70937241,-78.84833747,419.8,PU,PU,Non-towered,
26014.01,AVC,MECKLENBURG-BRUNSWICK RGNL,SOUTH HILL,VA,VIRGINIA,36.68827777,-78.05447222,36.68827777,-78.05447222,441.4,PU,PU,Non-towered,
25783.12,RMN,STAFFORD RGNL,STAFFORD,VA,VIRGINIA,38.39913472,-77.45660777,38.39913472,-77.45660777,219.1,PU,PU,Non-towered,
26022.1,SHD,SHENANDOAH VALLEY RGNL,STAUNTON/WAYNESBORO/HARRISONBURG,VA,VIRGINIA,38.26383333,-78.89644444,38.26383333,-78.89644444,1201,PU,PU,Non-towered,
26028,SFQ,SUFFOLK EXEC,SUFFOLK,VA,VIRGINIA,36.68288844,-76.59962316,36.68288844,-76.59962316,70.1,PU,PU,Non-towered,
26030.5,TGI,TANGIER ISLAND,TANGIER,VA,VIRGINIA,37.82586527,-75.9976625,37.82586527,-75.9976625,5.4,PU,PU,Non-towered,
26031.1,XSA,TAPPAHANNOCK/ESSEX COUNTY,TAPPAHANNOCK,VA,VIRGINIA,37.85960916,-76.89411944,37.85960916,-76.89411944,135.2,PU,PU,Non-towered,
26047.5,AKQ,WAKEFIELD MUNI,WAKEFIELD,VA,VIRGINIA,36.98722222,-77.00113888,36.98722222,-77.00113888,111.4,PU,PU,Non-towered,
26049.2,HWY,WARRENTON/FAUQUIER,WARRENTON,VA,VIRGINIA,38.58628527,-77.71063083,38.58628527,-77.71063083,336.2,PU,PU,Non-towered,
26054,W13,EAGLE'S NEST,WAYNESBORO,VA,VIRGINIA,38.0769375,-78.9444375,38.0769375,-78.9444375,1436,PR,PU,Non-towered,
26064,FYJ,MIDDLE PENINSULA RGNL,WEST POINT,VA,VIRGINIA,37.52136111,-76.76275,37.52136111,-76.76275,20.4,PU,PU,Non-towered,
26067.2,JGG,WALTRIP WILLIAMSBURG EXEC AIRPORT,WILLIAMSBURG,VA,VIRGINIA,37.23917472,-76.71609611,37.23917472,-76.71609611,49,PR,PU,Non-towered,
26070,OKV,WINCHESTER RGNL,WINCHESTER,VA,VIRGINIA,39.14352777,-78.14444444,39.14352777,-78.14444444,726.2,PU,PU,Non-towered,
26075.3,LNP,LONESOME PINE,WISE,VA,VIRGINIA,36.98763194,-82.52978444,36.98763194,-82.52978444,2684.8,PU,PU,Non-towered,
25348,MPV,EDWARD F KNAPP STATE,BARRE/MONTPELIER,VT,VERMONT,44.20348916,-72.56209638,44.20348916,-72.56209638,1165.6,PU,PU,Non-towered,
25361,DDH,WILLIAM H MORSE STATE,BENNINGTON,VT,VERMONT,42.89133027,-73.24640388,42.89133027,-73.24640388,826.6,PU,PU,Non-towered,
25385,BTV,PATRICK LEAHY BURLINGTON INTL,BURLINGTON,VT,VERMONT,44.471955,-73.15327611,44.471955,-73.15327611,334.6,PU,PU,Towered,
25436,FSO,FRANKLIN COUNTY STATE,HIGHGATE,VT,VERMONT,44.94027777,-73.09747222,44.94027777,-73.09747222,227.9,PU,PU,Non-towered,
25476,CDA,CALEDONIA COUNTY,LYNDONVILLE,VT,VERMONT,44.56911416,-72.01797888,44.56911416,-72.01797888,1187.6,PU,PU,Non-towered,
25483.1,6B0,MIDDLEBURY STATE,MIDDLEBURY,VT,VERMONT,43.98647194,-73.09555166,43.98647194,-73.09555166,494.1,PU,PU,Non-towered,
25496.1,MVL,MORRISVILLE-STOWE STATE,MORRISVILLE,VT,VERMONT,44.53435472,-72.61399194,44.53435472,-72.61399194,732.9,PU,PU,Non-towered,
25499,EFK,NORTHEAST KINGDOM INTL,NEWPORT,VT,VERMONT,44.88817555,-72.22863527,44.88817555,-72.22863527,933.9,PU,PU,Non-towered,
25526,RUT,RUTLAND/SOUTHERN VERMONT RGNL,RUTLAND,VT,VERMONT,43.52973027,-72.94962611,43.52973027,-72.94962611,787.3,PU,PU,Non-towered,
25550,VSF,HARTNESS STATE (SPRINGFIELD),SPRINGFIELD,VT,VERMONT,43.34372222,-72.51727777,43.34372222,-72.51727777,577.5,PU,PU,Non-towered,
25577,0B7,WARREN-SUGARBUSH,WARREN,VT,VERMONT,44.11738888,-72.827,44.11738888,-72.827,1470,PR,PU,Non-towered,
25581.2,4V8,DEERFIELD VALLEY RGNL,WEST DOVER,VT,VERMONT,42.92713555,-72.86565361,42.92713555,-72.86565361,1953,PR,PU,Non-towered,
26098.1,74S,ANACORTES,ANACORTES,WA,WASHINGTON,48.49850694,-122.6624681,48.49850694,-122.6624681,246.1,PU,PU,Non-towered,
26099,AWO,ARLINGTON MUNI,ARLINGTON,WA,WASHINGTON,48.16075,-122.1590278,48.16075,-122.1590278,141.8,PU,PU,Non-towered,
26103.11,S50,AUBURN MUNI,AUBURN,WA,WASHINGTON,47.327625,-122.226655,47.327625,-122.226655,63,PU,PU,Non-towered,
26109,BLI,BELLINGHAM INTL,BELLINGHAM,WA,WASHINGTON,48.79269444,-122.5375278,48.79269444,-122.5375278,171,PU,PU,Towered,
26120,PWT,BREMERTON NTL,BREMERTON,WA,WASHINGTON,47.49025,-122.7648056,47.49025,-122.7648056,444,PU,PU,Non-towered,
26123.1,S97,ANDERSON FLD,BREWSTER,WA,WASHINGTON,48.10472861,-119.7199156,48.10472861,-119.7199156,919.5,PU,PU,Non-towered,
26125.1,BVS,SKAGIT RGNL,BURLINGTON/MOUNT VERNON,WA,WASHINGTON,48.47052611,-122.4216894,48.47052611,-122.4216894,145.1,PU,PU,Non-towered,
26130,1W1,GROVE FLD,CAMAS,WA,WASHINGTON,45.62782944,-122.4043114,45.62782944,-122.4043114,429,PU,PU,Non-towered,
26135,8S2,CASHMERE-DRYDEN,CASHMERE,WA,WASHINGTON,47.51475,-120.4846667,47.51475,-120.4846667,857.6,PU,PU,Non-towered,
26144,CLS,CHEHALIS-CENTRALIA,CHEHALIS,WA,WASHINGTON,46.67702777,-122.98275,46.67702777,-122.98275,177.2,PU,PU,Non-towered,
26147,S10,LAKE CHELAN,CHELAN,WA,WASHINGTON,47.86601027,-119.9427017,47.86601027,-119.9427017,1263.1,PU,PU,Non-towered,
26150,1S9,CHEWELAH MUNI,CHEWELAH,WA,WASHINGTON,48.31395819,-117.743426,48.31395819,-117.743426,2084,PU,PU,Non-towered,
26159,S93,CLE ELUM MUNI,CLE ELUM,WA,WASHINGTON,47.19424275,-120.8840354,47.19424275,-120.8840354,1944.7,PU,PU,Non-towered,
26159.1,2W1,DE VERE FLD,CLE ELUM,WA,WASHINGTON,47.17758111,-120.8526608,47.17758111,-120.8526608,1800,PR,PU,Non-towered,
26162,S94,PORT OF WHITMAN BUSINESS AIR CENTER,COLFAX,WA,WASHINGTON,46.85870722,-117.4140811,46.85870722,-117.4140811,2181,PU,PU,Non-towered,
26163,S95,MARTIN FLD,COLLEGE PLACE,WA,WASHINGTON,46.04693916,-118.4171778,46.04693916,-118.4171778,750,PR,PU,Non-towered,
26165,63S,COLVILLE MUNI,COLVILLE,WA,WASHINGTON,48.54416138,-117.88349,48.54416138,-117.88349,1883,PU,PU,Non-towered,
26167,3W5,MEARS FLD,CONCRETE,WA,WASHINGTON,48.52983833,-121.7582489,48.52983833,-121.7582489,267,PU,PU,Non-towered,
26180,1S2,DARRINGTON MUNI,DARRINGTON,WA,WASHINGTON,48.2586125,-121.6102036,48.2586125,-121.6102036,553,PU,PU,Non-towered,
26181,68S,DAVENPORT,DAVENPORT,WA,WASHINGTON,47.65206027,-118.1737731,47.65206027,-118.1737731,2424.4,PU,PU,Non-towered,
26184,DEW,DEER PARK,DEER PARK,WA,WASHINGTON,47.96705472,-117.4285867,47.96705472,-117.4285867,2210.7,PU,PU,Non-towered,
26190,ORS,ORCAS ISLAND,EASTSOUND,WA,WASHINGTON,48.70833722,-122.9105953,48.70833722,-122.9105953,34.8,PU,PU,Non-towered,
26191.1,2W3,SWANSON FLD,EATONVILLE,WA,WASHINGTON,46.87166666,-122.2572222,46.87166666,-122.2572222,843,PU,PU,Non-towered,
26193.1,3W7,GRAND COULEE DAM,ELECTRIC CITY,WA,WASHINGTON,47.92205555,-119.083,47.92205555,-119.083,1593.1,PU,PU,Non-towered,
26195,ELN,BOWERS FLD,ELLENSBURG,WA,WASHINGTON,47.0348455,-120.5288591,47.0348455,-120.5288591,1763.2,PU,PU,Non-towered,
26204,EPH,EPHRATA MUNI,EPHRATA,WA,WASHINGTON,47.30807166,-119.5169136,47.30807166,-119.5169136,1276.2,PU,PU,Non-towered,
26210,PAE,SEATTLE PAINE FLD INTL,EVERETT,WA,WASHINGTON,47.90731805,-122.2820939,47.90731805,-122.2820939,606.9,PU,PU,Towered,
26213,S18,FORKS,FORKS,WA,WASHINGTON,47.93771833,-124.3959206,47.93771833,-124.3959206,299,PU,PU,Non-towered,
26219.4,FHR,FRIDAY HARBOR,FRIDAY HARBOR,WA,WASHINGTON,48.52197222,-123.0243611,48.52197222,-123.0243611,112.7,PU,PU,Non-towered,
26222.1,S20,GOLDENDALE,GOLDENDALE,WA,WASHINGTON,45.83207388,-120.8452747,45.83207388,-120.8452747,1678,PU,PU,Non-towered,
26230,21W,RANGER CREEK,GREENWATER,WA,WASHINGTON,47.01313888,-121.5336667,47.01313888,-121.5336667,2650,PU,PU,Non-towered,
26236,HQM,BOWERMAN FLD,HOQUIAM,WA,WASHINGTON,46.97119444,-123.9365556,46.97119444,-123.9365556,17.8,PU,PU,Non-towered,
26240,7W1,PORT OF ILWACO,ILWACO,WA,WASHINGTON,46.3149125,-124.0038381,46.3149125,-124.0038381,13,PU,PU,Non-towered,
26240.5,S23,IONE MUNI,IONE,WA,WASHINGTON,48.70843888,-117.4131306,48.70843888,-117.4131306,2109.5,PU,PU,Non-towered,
26246,KLS,SOUTHWEST WASHINGTON RGNL,KELSO,WA,WASHINGTON,46.118,-122.8983611,46.118,-122.8983611,20.1,PU,PU,Non-towered,
26252.1,S36,NORMAN GRIER FLD,KENT,WA,WASHINGTON,47.33709666,-122.1035364,47.33709666,-122.1035364,472,PR,PU,Non-towered,
26266.2,W10,WHIDBEY AIR PARK,LANGLEY,WA,WASHINGTON,48.01751225,-122.4377275,48.01751225,-122.4377275,271,PR,PU,Non-towered,
26273,0S0,LIND,LIND,WA,WASHINGTON,46.97684194,-118.5872311,46.97684194,-118.5872311,1507,PU,PU,Non-towered,
26274.7,S31,LOPEZ ISLAND,LOPEZ,WA,WASHINGTON,48.48391666,-122.9376667,48.48391666,-122.9376667,208.8,PU,PU,Non-towered,
26275,38W,LYNDEN MUNI/JANSEN FLD,LYNDEN,WA,WASHINGTON,48.95589611,-122.4581183,48.95589611,-122.4581183,106,PU,PU,Non-towered,
26282,8W3,MANSFIELD,MANSFIELD,WA,WASHINGTON,47.80938583,-119.6369294,47.80938583,-119.6369294,2272,PU,PU,Non-towered,
26290.9,M94,DESERT AIRE RGNL,MATTAWA,WA,WASHINGTON,46.68725111,-119.9197261,46.68725111,-119.9197261,586,PR,PU,Non-towered,
26293,70S,MEAD FLYING SERVICE,MEAD,WA,WASHINGTON,47.78718666,-117.3581828,47.78718666,-117.3581828,1905,PR,PU,Non-towered,
26304.21,W16,FIRST AIR FLD,MONROE,WA,WASHINGTON,47.87136361,-121.9952439,47.87136361,-121.9952439,50,PR,PU,Non-towered,
26304.8,39P,STROM FLD,MORTON,WA,WASHINGTON,46.55036083,-122.2666258,46.55036083,-122.2666258,941,PU,PU,Non-towered,
26307,MWH,GRANT COUNTY INTL,MOSES LAKE,WA,WASHINGTON,47.20858333,-119.3191389,47.20858333,-119.3191389,1188.6,PU,PU,Towered,
26305,W20,MOSES LAKE MUNI,MOSES LAKE,WA,WASHINGTON,47.14200416,-119.2378819,47.14200416,-119.2378819,1203,PU,PU,Non-towered,
26322.11,OKH,DELAURENTIS,OAK HARBOR,WA,WASHINGTON,48.25152777,-122.6736667,48.25152777,-122.6736667,193.3,PR,PU,Non-towered,
26323.21,W04,OCEAN SHORES MUNI,OCEAN SHORES,WA,WASHINGTON,46.99921997,-124.1423825,46.99921997,-124.1423825,15,PU,PU,Non-towered,
26323.4,43D,ODESSA MUNI,ODESSA,WA,WASHINGTON,47.34758333,-118.6772222,47.34758333,-118.6772222,1737.6,PU,PU,Non-towered,
26324,S35,OKANOGAN LEGION,OKANOGAN,WA,WASHINGTON,48.36191805,-119.56756,48.36191805,-119.56756,1042,PU,PU,Non-towered,
26327,OLM,OLYMPIA RGNL,OLYMPIA,WA,WASHINGTON,46.96940444,-122.9025447,46.96940444,-122.9025447,207.8,PU,PU,Towered,
26330,OMK,OMAK,OMAK,WA,WASHINGTON,48.46441222,-119.5180514,48.46441222,-119.5180514,1304.5,PU,PU,Non-towered,
26333,0S7,DOROTHY SCOTT INTL,OROVILLE,WA,WASHINGTON,48.95897222,-119.4119722,48.95897222,-119.4119722,1069,PU,PU,Non-towered,
26336.2,S70,OTHELLO MUNI,OTHELLO,WA,WASHINGTON,46.7942175,-119.0801089,46.7942175,-119.0801089,1148.6,PU,PU,Non-towered,
26341,55S,PACKWOOD,PACKWOOD,WA,WASHINGTON,46.60382722,-121.6781669,46.60382722,-121.6781669,1057,PU,PU,Non-towered,
26345,PSC,TRI-CITIES,PASCO,WA,WASHINGTON,46.26494833,-119.1194,46.26494833,-119.1194,410.3,PU,PU,Towered,
26357,CLM,WILLIAM R FAIRCHILD INTL,PORT ANGELES,WA,WASHINGTON,48.12019444,-123.4996944,48.12019444,-123.4996944,291.3,PU,PU,Non-towered,
26363,0S9,JEFFERSON COUNTY INTL,PORT TOWNSEND,WA,WASHINGTON,48.05380555,-122.8106389,48.05380555,-122.8106389,110.1,PU,PU,Non-towered,
26369,S40,PROSSER,PROSSER,WA,WASHINGTON,46.21336111,-119.7955556,46.21336111,-119.7955556,705.5,PU,PU,Non-towered,
26372,PUW,PULLMAN/MOSCOW RGNL,PULLMAN/MOSCOW,WA,WASHINGTON,46.74169138,-117.1116192,46.74169138,-117.1116192,2566.6,PU,PU,Non-towered,
26374.1,PLU,PIERCE COUNTY/THUN FLD,PUYALLUP,WA,WASHINGTON,47.10392,-122.2872003,47.10392,-122.2872003,537.6,PU,PU,Non-towered,
26376.5,UIL,QUILLAYUTE,QUILLAYUTE,WA,WASHINGTON,47.93658027,-124.5626158,47.93658027,-124.5626158,194.1,PU,PU,Non-towered,
26376.83,80T,QUINCY MUNI,QUINCY,WA,WASHINGTON,47.21161111,-119.8398333,47.21161111,-119.8398333,1271.1,PU,PU,Non-towered,
26381,RNT,RENTON MUNI,RENTON,WA,WASHINGTON,47.49313888,-122.21575,47.49313888,-122.21575,32,PU,PU,Towered,
26384.12,R49,FERRY COUNTY,REPUBLIC,WA,WASHINGTON,48.71820583,-118.6564714,48.71820583,-118.6564714,2522,PU,PU,Non-towered,
26386.1,RLD,RICHLAND,RICHLAND,WA,WASHINGTON,46.30563944,-119.3041894,46.30563944,-119.3041894,394.3,PU,PU,Non-towered,
26388,33S,PRU FLD,RITZVILLE,WA,WASHINGTON,47.12345277,-118.3893278,47.12345277,-118.3893278,1801,PU,PU,Non-towered,
26389.1,72S,ROSALIA MUNI,ROSALIA,WA,WASHINGTON,47.23656783,-117.4213786,47.23656783,-117.4213786,2170,PU,PU,Non-towered,
26396,BFI,BOEING FLD/KING COUNTY INTL,SEATTLE,WA,WASHINGTON,47.52997222,-122.3019444,47.52997222,-122.3019444,21.6,PU,PU,Towered,
26395,SEA,SEATTLE-TACOMA INTL,SEATTLE,WA,WASHINGTON,47.44988888,-122.3117778,47.44988888,-122.3117778,432.3,PU,PU,Towered,1
26401,11S,SEKIU,SEKIU,WA,WASHINGTON,48.26611638,-124.3139647,48.26611638,-124.3139647,355,PU,PU,Non-towered,
26402.1,W28,SEQUIM VALLEY,SEQUIM,WA,WASHINGTON,48.09792222,-123.1879208,48.09792222,-123.1879208,151,PR,PU,Non-towered,
26405,SHN,SANDERSON FLD,SHELTON,WA,WASHINGTON,47.23355555,-123.1475556,47.23355555,-123.1475556,272.9,PU,PU,Non-towered,
26408,8W5,APEX AIRPARK,SILVERDALE,WA,WASHINGTON,47.65643194,-122.7331792,47.65643194,-122.7331792,525,PR,PU,Non-towered,
26411,S43,HARVEY FLD,SNOHOMISH,WA,WASHINGTON,47.90486802,-122.1027436,47.90486802,-122.1027436,22.8,PR,PU,Non-towered,
26412,2S9,WILLAPA HARBOR,SOUTH BEND/RAYMOND/,WA,WASHINGTON,46.69762055,-123.8233831,46.69762055,-123.8233831,13,PU,PU,Non-towered,
26414.1,3B8,SHADY ACRES,SPANAWAY,WA,WASHINGTON,47.07038888,-122.3710833,47.07038888,-122.3710833,445,PR,PU,Non-towered,
26417,SFF,FELTS FLD,SPOKANE,WA,WASHINGTON,47.68294055,-117.3224261,47.68294055,-117.3224261,1956.7,PU,PU,Towered,
26416,GEG,SPOKANE INTL,SPOKANE,WA,WASHINGTON,47.61902777,-117.5352222,47.61902777,-117.5352222,2385,PU,PU,Towered,
26424.3,13W,CAMANO ISLAND AIRFIELD,STANWOOD,WA,WASHINGTON,48.25694444,-122.4361944,48.25694444,-122.4361944,145,PR,PU,Non-towered,
26428,1S5,SUNNYSIDE MUNI,SUNNYSIDE,WA,WASHINGTON,46.32707222,-119.9703622,46.32707222,-119.9703622,768,PU,PU,Non-towered,
26434.4,TIW,TACOMA NARROWS,TACOMA,WA,WASHINGTON,47.26794444,-122.5781111,47.26794444,-122.5781111,294.8,PU,PU,Towered,
26436,73S,WILLARD FLD,TEKOA,WA,WASHINGTON,47.23553388,-117.0437497,47.23553388,-117.0437497,2520,PU,PU,Non-towered,
26437,TDO,ED CARLSON MEML FLD/SOUTH LEWIS COUNTY,TOLEDO,WA,WASHINGTON,46.47716916,-122.8064758,46.47716916,-122.8064758,373.9,PU,PU,Non-towered,
26438,W01,TONASKET MUNI,TONASKET,WA,WASHINGTON,48.72486833,-119.4656347,48.72486833,-119.4656347,1311,PU,PU,Non-towered,
26440,2S0,TWISP MUNI,TWISP,WA,WASHINGTON,48.35058527,-120.0939508,48.35058527,-120.0939508,1602,PU,PU,Non-towered,
26444,VUO,PEARSON FLD,VANCOUVER,WA,WASHINGTON,45.6204525,-122.6564883,45.6204525,-122.6564883,28.6,PU,PU,Non-towered,
26450,ALW,WALLA WALLA RGNL,WALLA WALLA,WA,WASHINGTON,46.09254166,-118.2840825,46.09254166,-118.2840825,1194.4,PU,PU,Towered,
26454,2S4,WARDEN,WARDEN,WA,WASHINGTON,46.96581522,-119.0663317,46.96581522,-119.0663317,1276,PU,PU,Non-towered,
26457,2S5,WATERVILLE,WATERVILLE,WA,WASHINGTON,47.65600444,-120.0564628,47.65600444,-120.0564628,2645,PU,PU,Non-towered,
26461,EAT,PANGBORN MEML,WENATCHEE,WA,WASHINGTON,47.39880555,-120.2068333,47.39880555,-120.2068333,1248.9,PU,PU,Non-towered,
26463,14S,WESTPORT,WESTPORT,WA,WASHINGTON,46.89695083,-124.1007453,46.89695083,-124.1007453,14,PU,PU,Non-towered,
26471,2S8,WILBUR,WILBUR,WA,WASHINGTON,47.75338888,-118.7439167,47.75338888,-118.7439167,2183.3,PU,PU,Non-towered,
26471.5,5W1,WILSON CREEK,WILSON CREEK,WA,WASHINGTON,47.41848333,-119.1090833,47.41848333,-119.1090833,1430,PU,PU,Non-towered,
26477,S52,METHOW VALLEY STATE,WINTHROP,WA,WASHINGTON,48.42494833,-120.1458856,48.42494833,-120.1458856,1706,PU,PU,Non-towered,
26478.1,W27,WOODLAND STATE,WOODLAND,WA,WASHINGTON,45.8991825,-122.7375104,45.8991825,-122.7375104,29,PU,PU,Non-towered,
26480,YKM,YAKIMA AIR TRML/MCALLISTER FLD,YAKIMA,WA,WASHINGTON,46.56816722,-120.5440625,46.56816722,-120.5440625,1098.8,PU,PU,Towered,
27005.2,AHH,AMERY MUNI,AMERY,WI,WISCONSIN,45.28114777,-92.37539138,45.28114777,-92.37539138,1088.1,PU,PU,Non-towered,
27010,AIG,LANGLADE COUNTY,ANTIGO,WI,WISCONSIN,45.15394969,-89.11061675,45.15394969,-89.11061675,1523,PU,PU,Non-towered,
27013.1,ATW,APPLETON INTL,APPLETON,WI,WISCONSIN,44.25809305,-88.51907222,44.25809305,-88.51907222,918,PU,PU,Towered,
27020,ASX,JOHN F KENNEDY MEML,ASHLAND,WI,WISCONSIN,46.54852777,-90.91897222,46.54852777,-90.91897222,826.5,PU,PU,Non-towered,
27036,DLL,BARABOO/WISCONSIN DELLS RGNL,BARABOO,WI,WISCONSIN,43.52202555,-89.77123805,43.52202555,-89.77123805,980.2,PU,PU,Non-towered,
27043.51,44C,BELOIT,BELOIT,WI,WISCONSIN,42.49777777,-88.96761111,42.49777777,-88.96761111,817,PR,PU,Non-towered,
27049.1,BCK,BLACK RIVER FALLS AREA,BLACK RIVER FALLS,WI,WISCONSIN,44.25073861,-90.85528027,44.25073861,-90.85528027,836.2,PU,PU,Non-towered,
27055,OVS,BOSCOBEL,BOSCOBEL,WI,WISCONSIN,43.16080666,-90.67397805,43.16080666,-90.67397805,672.8,PU,PU,Non-towered,
27057,3T3,BOYCEVILLE MUNI,BOYCEVILLE,WI,WISCONSIN,45.04395325,-92.02132816,45.04395325,-92.02132816,967.1,PU,PU,Non-towered,
27065.8,02C,CAPITOL DRIVE,BROOKFIELD,WI,WISCONSIN,43.08964136,-88.17944525,43.08964136,-88.17944525,844.2,PR,PU,Non-towered,
27079.3,BUU,BURLINGTON MUNI,BURLINGTON,WI,WISCONSIN,42.69071711,-88.30468252,42.69071711,-88.30468252,780.1,PU,PU,Non-towered,
27082,3CU,CABLE UNION,CABLE,WI,WISCONSIN,46.19493305,-91.24845305,46.19493305,-91.24845305,1360.4,PU,PU,Non-towered,
27090,C74,CASSVILLE MUNI,CASSVILLE,WI,WISCONSIN,42.70427083,-90.96610694,42.70427083,-90.96610694,627,PU,PU,Non-towered,
27102,Y23,CHETEK MUNI/SOUTHWORTH,CHETEK,WI,WISCONSIN,45.30648755,-91.63682302,45.30648755,-91.63682302,1056,PU,PU,Non-towered,
27115,CLI,CLINTONVILLE MUNI,CLINTONVILLE,WI,WISCONSIN,44.61316666,-88.73088888,44.61316666,-88.73088888,825.9,PU,PU,Non-towered,
27131.8,Y55,CRANDON/STEVE CONWAY MUNI,CRANDON,WI,WISCONSIN,45.52264833,-88.9284373,45.52264833,-88.9284373,1650,PU,PU,Non-towered,
27132.2,3D1,CRIVITZ MUNI,CRIVITZ,WI,WISCONSIN,45.21464086,-88.07329816,45.21464086,-88.07329816,734.8,PU,PU,Non-towered,
27132.4,UBE,CUMBERLAND MUNI,CUMBERLAND,WI,WISCONSIN,45.50609966,-91.98080211,45.50609966,-91.98080211,1242.9,PU,PU,Non-towered,
27134,C59,LAKE LAWN,DELAVAN,WI,WISCONSIN,42.63412611,-88.60112916,42.63412611,-88.60112916,981,PR,PU,Non-towered,
27166,EGV,EAGLE RIVER UNION,EAGLE RIVER,WI,WISCONSIN,45.93233333,-89.26827777,45.93233333,-89.26827777,1642.2,PU,PU,Non-towered,
27168.1,57C,EAST TROY MUNI,EAST TROY,WI,WISCONSIN,42.79716666,-88.37261111,42.79716666,-88.37261111,860.2,PU,PU,Non-towered,
27170,EAU,CHIPPEWA VALLEY RGNL,EAU CLAIRE,WI,WISCONSIN,44.86580555,-91.48425,44.86580555,-91.48425,913.1,PU,PU,Towered,
27184,3D2,EPHRAIM/GIBRALTAR,EPHRAIM,WI,WISCONSIN,45.13542388,-87.1879425,45.13542388,-87.1879425,773.1,PU,PU,Non-towered,
27200,FLD,FOND DU LAC COUNTY,FOND DU LAC,WI,WISCONSIN,43.77116666,-88.48841666,43.77116666,-88.48841666,808.4,PU,PU,Non-towered,
27207.3,61C,FORT ATKINSON MUNI,FORT ATKINSON,WI,WISCONSIN,42.96320722,-88.81762611,42.96320722,-88.81762611,800.1,PU,PU,Non-towered,
27213.1,63C,ADAMS COUNTY LEGION FLD,FRIENDSHIP (ADAMS),WI,WISCONSIN,43.96058808,-89.78864444,43.96058808,-89.78864444,979.2,PU,PU,Non-towered,
27224,GTG,GRANTSBURG MUNI,GRANTSBURG,WI,WISCONSIN,45.79837786,-92.66433091,45.79837786,-92.66433091,927.1,PU,PU,Non-towered,
27234,GRB,GREEN BAY/AUSTIN STRAUBEL INTL,GREEN BAY,WI,WISCONSIN,44.48463361,-88.12971333,44.48463361,-88.12971333,695.1,PU,PU,Towered,
27248,HXF,HARTFORD MUNI,HARTFORD,WI,WISCONSIN,43.35004722,-88.39024083,43.35004722,-88.39024083,1070,PU,PU,Non-towered,
27254,HYR,SAWYER COUNTY,HAYWARD,WI,WISCONSIN,46.02526608,-91.44426497,46.02526608,-91.44426497,1216,PU,PU,Non-towered,
27272,JVL,SOUTHERN WISCONSIN RGNL,JANESVILLE,WI,WISCONSIN,42.62025277,-89.04156694,42.62025277,-89.04156694,807.8,PU,PU,Towered,
27281.35,UNU,DODGE COUNTY,JUNEAU,WI,WISCONSIN,43.42647222,-88.70386111,43.42647222,-88.70386111,934.1,PU,PU,Non-towered,
27286.1,ENW,KENOSHA RGNL,KENOSHA,WI,WISCONSIN,42.59606333,-87.92732361,42.59606333,-87.92732361,742.6,PU,PU,Towered,
27304,LSE,LA CROSSE RGNL,LA CROSSE,WI,WISCONSIN,43.87926566,-91.25663361,43.87926566,-91.25663361,655.4,PU,PU,Towered,
27335,4R5,MAJOR GILBERT FLD,LA POINTE,WI,WISCONSIN,46.78866666,-90.75872222,46.78866666,-90.75872222,648.6,PU,PU,Non-towered,
27308,RCX,RUSK COUNTY,LADYSMITH,WI,WISCONSIN,45.49658563,-91.00018744,45.49658563,-91.00018744,1239.6,PU,PU,Non-towered,
27316.12,C02,GRAND GENEVA RESORT,LAKE GENEVA,WI,WISCONSIN,42.61468305,-88.38998666,42.61468305,-88.38998666,835.4,PR,PU,Non-towered,
27327.2,73C,LANCASTER MUNI,LANCASTER,WI,WISCONSIN,42.78252777,-90.68108333,42.78252777,-90.68108333,1015.6,PU,PU,Non-towered,
27332,LNL,KINGS LAND O' LAKES,LAND O' LAKES,WI,WISCONSIN,46.1541175,-89.211965,46.1541175,-89.211965,1705.6,PU,PU,Non-towered,
27340,LNR,TRI-COUNTY RGNL,LONE ROCK,WI,WISCONSIN,43.21186111,-90.17983333,43.21186111,-90.17983333,717.3,PU,PU,Non-towered,
27344,87Y,BLACKHAWK AIRFIELD,MADISON,WI,WISCONSIN,43.10470277,-89.18536111,43.10470277,-89.18536111,920,PR,PU,Non-towered,
27346,MSN,DANE COUNTY RGNL/TRUAX FLD,MADISON,WI,WISCONSIN,43.13987913,-89.33750447,43.13987913,-89.33750447,886.6,PU,PU,Towered,
27348,D25,MANITOWISH WATERS,MANITOWISH WATERS,WI,WISCONSIN,46.12022705,-89.88219997,46.12022705,-89.88219997,1610.3,PU,PU,Non-towered,
27349,MTW,MANITOWOC COUNTY,MANITOWOC,WI,WISCONSIN,44.12877777,-87.68058333,44.12877777,-87.68058333,650.9,PU,PU,Non-towered,
27356,MFI,MARSHFIELD MUNI,MARSHFIELD,WI,WISCONSIN,44.63689222,-90.1893175,44.63689222,-90.1893175,1277.8,PU,PU,Non-towered,
27364.1,MDZ,TAYLOR COUNTY,MEDFORD,WI,WISCONSIN,45.10131847,-90.30017441,45.10131847,-90.30017441,1478.1,PU,PU,Non-towered,
27373,LUM,MENOMONIE MUNI/SCORE FLD,MENOMONIE,WI,WISCONSIN,44.89234416,-91.86779055,44.89234416,-91.86779055,895,PU,PU,Non-towered,
27379,RRL,MERRILL MUNI,MERRILL,WI,WISCONSIN,45.19891666,-89.71285194,45.19891666,-89.71285194,1318.2,PU,PU,Non-towered,
27383,C29,MIDDLETON MUNI/MOREY FLD,MIDDLETON,WI,WISCONSIN,43.11433,-89.53164888,43.11433,-89.53164888,928,PU,PU,Non-towered,
27388,MKE,GENERAL MITCHELL INTL,MILWAUKEE,WI,WISCONSIN,42.94693194,-87.89706444,42.94693194,-87.89706444,728.4,PU,PU,Towered,
27386,MWC,LAWRENCE J TIMMERMAN,MILWAUKEE,WI,WISCONSIN,43.11038,-88.03441833,43.11038,-88.03441833,744.8,PU,PU,Towered,
27390.1,MRJ,IOWA COUNTY,MINERAL POINT,WI,WISCONSIN,42.88688,-90.23666583,42.88688,-90.23666583,1170.7,PU,PU,Non-towered,
27393.1,ARV,LAKELAND/NOBLE F LEE MEML FLD,MINOCQUA-WOODRUFF,WI,WISCONSIN,45.92791666,-89.73094444,45.92791666,-89.73094444,1629.5,PU,PU,Non-towered,
27400.1,EFT,MONROE MUNI,MONROE,WI,WISCONSIN,42.61490069,-89.59040338,42.61490069,-89.59040338,1085.5,PU,PU,Non-towered,
27406.31,CWA,CENTRAL WISCONSIN,MOSINEE,WI,WISCONSIN,44.77778305,-89.66591111,44.77778305,-89.66591111,1277.2,PU,PU,Towered,
27408.2,DAF,NECEDAH,NECEDAH,WI,WISCONSIN,44.03344444,-90.08511111,44.03344444,-90.08511111,919.3,PU,PU,Non-towered,
27409.1,79C,BRENNAND,NEENAH,WI,WISCONSIN,44.15944583,-88.56180391,44.15944583,-88.56180391,844,PR,PU,Non-towered,
27415.1,VIQ,NEILLSVILLE MUNI,NEILLSVILLE,WI,WISCONSIN,44.55811111,-90.51225,44.55811111,-90.51225,1237.5,PU,PU,Non-towered,
27419,8D1,NEW HOLSTEIN MUNI,NEW HOLSTEIN,WI,WISCONSIN,43.94410458,-88.11484169,43.94410458,-88.11484169,992.2,PU,PU,Non-towered,
27420.1,82C,MAUSTON/NEW LISBON UNION,NEW LISBON,WI,WISCONSIN,43.83876672,-90.13773355,43.83876672,-90.13773355,907.9,PU,PU,Non-towered,
27427.1,RNH,NEW RICHMOND RGNL,NEW RICHMOND,WI,WISCONSIN,45.14779305,-92.53918,45.14779305,-92.53918,997.9,PU,PU,Non-towered,
27450,OCQ,OCONTO/J DOUGLAS BAKE MUNI,OCONTO,WI,WISCONSIN,44.87405555,-87.90977,44.87405555,-87.90977,604.4,PU,PU,Non-towered,
27465,OEO,L O SIMENSTAD MUNI,OSCEOLA,WI,WISCONSIN,45.30934305,-92.6901228,45.30934305,-92.6901228,905.5,PU,PU,Non-towered,
27469,OSH,WITTMAN RGNL,OSHKOSH,WI,WISCONSIN,43.98437083,-88.5570425,43.98437083,-88.5570425,808.5,PU,PU,Towered,
27476.2,PKF,PARK FALLS MUNI,PARK FALLS,WI,WISCONSIN,45.95509063,-90.4244345,45.95509063,-90.4244345,1500.9,PU,PU,Non-towered,
27484,PBH,PRICE COUNTY,PHILLIPS,WI,WISCONSIN,45.70883333,-90.4025,45.70883333,-90.4025,1497.1,PU,PU,Non-towered,
27490.1,PVB,PLATTEVILLE MUNI,PLATTEVILLE,WI,WISCONSIN,42.68935722,-90.44439111,42.68935722,-90.44439111,1025.2,PU,PU,Non-towered,
27496,C47,PORTAGE MUNI,PORTAGE,WI,WISCONSIN,43.56026222,-89.48291138,43.56026222,-89.48291138,824.8,PU,PU,Non-towered,
27505,PDC,PRAIRIE DU CHIEN MUNI,PRAIRIE DU CHIEN,WI,WISCONSIN,43.01928527,-91.12373277,43.01928527,-91.12373277,660.3,PU,PU,Non-towered,
27505.6,91C,SAUK/PRAIRIE,PRAIRIE DU SAC,WI,WISCONSIN,43.29786111,-89.75580555,43.29786111,-89.75580555,832,PR,PU,Non-towered,
27507.1,5N2,PRENTICE,PRENTICE,WI,WISCONSIN,45.53833236,-90.27633486,45.53833236,-90.27633486,1578.5,PU,PU,Non-towered,
27509.1,92C,CARTER,PULASKI,WI,WISCONSIN,44.64106902,-88.21520258,44.64106902,-88.21520258,783,PR,PU,Non-towered,
27513,RAC,BATTEN INTL,RACINE,WI,WISCONSIN,42.76118027,-87.81390944,42.76118027,-87.81390944,673.6,PR,PU,Non-towered,
27518,C35,REEDSBURG MUNI,REEDSBURG,WI,WISCONSIN,43.52589908,-89.98322166,43.52589908,-89.98322166,906.2,PU,PU,Non-towered,
27524,RHI,RHINELANDER/ONEIDA COUNTY,RHINELANDER,WI,WISCONSIN,45.63090055,-89.46662777,45.63090055,-89.46662777,1623.3,PU,PU,Non-towered,
27527.1,RPD,RICE LAKE RGNL/CARL'S FLD,RICE LAKE,WI,WISCONSIN,45.42011111,-91.77333333,45.42011111,-91.77333333,1109.2,PU,PU,Non-towered,
27530.4,93C,RICHLAND,RICHLAND CENTER,WI,WISCONSIN,43.2833575,-90.29828194,43.2833575,-90.29828194,742,PU,PU,Non-towered,
27562,EZS,SHAWANO MUNI,SHAWANO,WI,WISCONSIN,44.78730583,-88.5600125,44.78730583,-88.5600125,813.1,PU,PU,Non-towered,
27570,SBM,SHEBOYGAN COUNTY MEML INTL,SHEBOYGAN,WI,WISCONSIN,43.76976972,-87.85172194,43.76976972,-87.85172194,755.3,PU,PU,Non-towered,
27572,SSQ,SHELL LAKE MUNI,SHELL LAKE,WI,WISCONSIN,45.73138138,-91.92066222,45.73138138,-91.92066222,1233.3,PU,PU,Non-towered,
27575,RZN,BURNETT COUNTY,SIREN,WI,WISCONSIN,45.82346388,-92.37369305,45.82346388,-92.37369305,989.3,PU,PU,Non-towered,
27577.1,OLG,SOLON SPRINGS MUNI,SOLON SPRINGS,WI,WISCONSIN,46.31475388,-91.81637583,46.31475388,-91.81637583,1102,PU,PU,Non-towered,
27578.1,CMY,SPARTA/FORT MC COY,SPARTA,WI,WISCONSIN,43.95871611,-90.73784138,43.95871611,-90.73784138,839.4,MR,PU,Towered,
27598,STE,STEVENS POINT MUNI,STEVENS POINT,WI,WISCONSIN,44.54513555,-89.53028444,44.54513555,-89.53028444,1110,PU,PU,Non-towered,
27610,SUE,DOOR COUNTY CHERRYLAND,STURGEON BAY,WI,WISCONSIN,44.84366666,-87.42152777,44.84366666,-87.42152777,724.2,PU,PU,Non-towered,
27619.1,C89,SYLVANIA,STURTEVANT,WI,WISCONSIN,42.70325,-87.95897222,42.70325,-87.95897222,788.3,PR,PU,Non-towered,
27623,W11,SULLIVAN,SULLIVAN,WI,WISCONSIN,43.00726352,-88.60521775,43.00726352,-88.60521775,843,PR,PU,Non-towered,
27625,SUW,RICHARD I BONG,SUPERIOR,WI,WISCONSIN,46.68968408,-92.09464197,46.68968408,-92.09464197,674.4,PU,PU,Non-towered,
27631,Y72,BLOYER FLD,TOMAH,WI,WISCONSIN,43.97622222,-90.48061111,43.97622222,-90.48061111,966.1,PU,PU,Non-towered,
27637.1,TKV,TOMAHAWK RGNL,TOMAHAWK,WI,WISCONSIN,45.46936111,-89.80488888,45.46936111,-89.80488888,1486.7,PU,PU,Non-towered,
27643.8,Y51,VIROQUA MUNI,VIROQUA,WI,WISCONSIN,43.5796375,-90.89770694,43.5796375,-90.89770694,1292,PU,PU,Non-towered,
27659,RYV,WATERTOWN MUNI,WATERTOWN,WI,WISCONSIN,43.16963888,-88.72322222,43.16963888,-88.72322222,832.9,PU,PU,Non-towered,
27661,UES,WAUKESHA COUNTY,WAUKESHA,WI,WISCONSIN,43.04102777,-88.23705555,43.04102777,-88.23705555,911.5,PU,PU,Towered,
27663,6P3,WAUNAKEE,WAUNAKEE,WI,WISCONSIN,43.17872944,-89.45128416,43.17872944,-89.45128416,954.4,PR,PU,Non-towered,
27664,PCZ,WAUPACA MUNI,WAUPACA,WI,WISCONSIN,44.33325,-89.01977777,44.33325,-89.01977777,840.2,PU,PU,Non-towered,
27667,AUW,WAUSAU DOWNTOWN,WAUSAU,WI,WISCONSIN,44.92628452,-89.62700175,44.92628452,-89.62700175,1201,PU,PU,Non-towered,
27672,Y50,WAUTOMA MUNI,WAUTOMA,WI,WISCONSIN,44.04313508,-89.30569052,44.04313508,-89.30569052,859,PU,PU,Non-towered,
27682,ETB,WEST BEND MUNI,WEST BEND,WI,WISCONSIN,43.42217361,-88.12792638,43.42217361,-88.12792638,887.9,PU,PU,Non-towered,
27712.2,ISW,ALEXANDER FLD SOUTH WOOD COUNTY,WISCONSIN RAPIDS,WI,WISCONSIN,44.360355,-89.83903944,44.360355,-89.83903944,1021,PU,PU,Non-towered,
26520,BKW,RALEIGH COUNTY MEML,BECKLEY,WV,WEST VIRGINIA,37.78733333,-81.12416666,37.78733333,-81.12416666,2503.8,PU,PU,Non-towered,
26530,W35,POTOMAC AIRPARK,BERKELEY SPRINGS,WV,WEST VIRGINIA,39.69261111,-78.16608333,39.69261111,-78.16608333,412.5,PR,PU,Non-towered,
26536,BLF,MERCER COUNTY,BLUEFIELD,WV,WEST VIRGINIA,37.29594836,-81.20751886,37.29594836,-81.20751886,2856.7,PU,PU,Non-towered,
26552.01,W22,UPSHUR COUNTY RGNL,BUCKHANNON,WV,WEST VIRGINIA,39.00058333,-80.27494444,39.00058333,-80.27494444,1635.1,PU,PU,Non-towered,
26575,CRW,WEST VIRGINIA INTL YEAGER,CHARLESTON,WV,WEST VIRGINIA,38.37601305,-81.59289361,38.37601305,-81.59289361,947.1,PU,PU,Towered,
26582,CKB,NORTH CENTRAL WEST VIRGINIA,CLARKSBURG,WV,WEST VIRGINIA,39.29765472,-80.22753194,39.29765472,-80.22753194,1223.5,PU,PU,Towered,
26627,EKN,ELKINS/RANDOLPH COUNTY (JENNINGS RANDOLPH FLD),ELKINS,WV,WEST VIRGINIA,38.88944444,-79.85713888,38.88944444,-79.85713888,1987.2,PU,PU,Non-towered,
26637.1,4G7,FAIRMONT MUNI-FRANKMAN FLD,FAIRMONT,WV,WEST VIRGINIA,39.44754072,-80.16763469,39.44754072,-80.16763469,1032.4,PU,PU,Non-towered,
26693,HTS,TRI-STATE/MILTON J FERGUSON FLD,HUNTINGTON,WV,WEST VIRGINIA,38.3685078,-82.56036022,38.3685078,-82.56036022,828.3,PU,PU,Towered,
26713,LWB,GREENBRIER VALLEY,LEWISBURG,WV,WEST VIRGINIA,37.85830666,-80.3994825,37.85830666,-80.3994825,2301.6,PU,PU,Towered,
26720,6L4,LOGAN COUNTY,LOGAN,WV,WEST VIRGINIA,37.85568611,-81.91588333,37.85568611,-81.91588333,1666.4,PU,PU,Non-towered,
26744,MRB,EASTERN WV RGNL/SHEPHERD FLD,MARTINSBURG,WV,WEST VIRGINIA,39.40235777,-77.983,39.40235777,-77.983,564.8,PU,PU,Towered,
26752,12V,ONA AIRPARK,MILTON,WV,WEST VIRGINIA,38.44088888,-82.20077777,38.44088888,-82.20077777,571.7,PR,PU,Non-towered,
26768,MGW,MORGANTOWN MUNI/WALTER L BILL HART FLD,MORGANTOWN,WV,WEST VIRGINIA,39.64359527,-79.91754694,39.64359527,-79.91754694,1243.7,PU,PU,Towered,
26770,MPG,MARSHALL COUNTY,MOUNDSVILLE,WV,WEST VIRGINIA,39.88083333,-80.73577777,39.88083333,-80.73577777,1214.6,PU,PU,Non-towered,
26806,7G1,HERRON,NEW CUMBERLAND,WV,WEST VIRGINIA,40.53311111,-80.54111111,40.53311111,-80.54111111,1226,PR,PU,Non-towered,
26820,PKB,MID-OHIO VALLEY RGNL,PARKERSBURG,WV,WEST VIRGINIA,39.34496194,-81.43929305,39.34496194,-81.43929305,858.5,PU,PU,Towered,
26831,W99,GRANT COUNTY,PETERSBURG,WV,WEST VIRGINIA,38.99494444,-79.14586111,38.99494444,-79.14586111,962.9,PU,PU,Non-towered,
26843.1,79D,PHILIPPI/BARBOUR COUNTY RGNL,PHILIPPI,WV,WEST VIRGINIA,39.16619027,-80.06234861,39.16619027,-80.06234861,1755.4,PU,PU,Non-towered,
26846,I16,KEE FLD,PINEVILLE,WV,WEST VIRGINIA,37.60044444,-81.55927777,37.60044444,-81.55927777,1783,PU,PU,Non-towered,
26850,3I2,MASON COUNTY,POINT PLEASANT,WV,WEST VIRGINIA,38.91463472,-82.09857888,38.91463472,-82.09857888,643.4,PU,PU,Non-towered,
26860,I18,JACKSON COUNTY,RAVENSWOOD,WV,WEST VIRGINIA,38.92977777,-81.81947222,38.92977777,-81.81947222,758.2,PU,PU,Non-towered,
26867,3I4,RICHWOOD MUNI,RICHWOOD,WV,WEST VIRGINIA,38.25838888,-80.65133333,38.25838888,-80.65133333,2486,PU,PU,Non-towered,
26899.02,USW,BOGGS FLD,SPENCER,WV,WEST VIRGINIA,38.82379694,-81.34882888,38.82379694,-81.34882888,928.3,PR,PU,Non-towered,
26899,55I,SLATE RUN,SPENCER,WV,WEST VIRGINIA,38.77752222,-81.31031941,38.77752222,-81.31031941,1001,PR,PU,Non-towered,
26905.2,SXL,SUMMERSVILLE,SUMMERSVILLE,WV,WEST VIRGINIA,38.23163888,-80.87080555,38.23163888,-80.87080555,1819.7,PU,PU,Non-towered,
26908,48I,BRAXTON COUNTY,SUTTON,WV,WEST VIRGINIA,38.68711111,-80.65208333,38.68711111,-80.65208333,1275.6,PU,PU,Non-towered,
26948,HLG,WHEELING OHIO COUNTY,WHEELING,WV,WEST VIRGINIA,40.17501138,-80.64626833,40.17501138,-80.64626833,1194.3,PU,PU,Towered,
26959.2,EBD,SOUTHERN WEST VIRGINIA RGNL,WILLIAMSON,WV,WEST VIRGINIA,37.68176397,-82.12206655,37.68176397,-82.12206655,1883.2,PU,PU,Non-towered,
27732,AFO,AFTON LINCOLN COUNTY/GENERAL BOYD L EDDINS FLD,AFTON,WY,WYOMING,42.70877055,-110.9421711,42.70877055,-110.9421711,6220.9,PU,PU,Non-towered,
27733.12,46U,ALPINE,ALPINE,WY,WYOMING,43.18180555,-111.0385,43.18180555,-111.0385,5637,PR,PU,Non-towered,
27741,BPI,MILEY MEML FLD,BIG PINEY,WY,WYOMING,42.58222222,-110.1088611,42.58222222,-110.1088611,6993.6,PU,PU,Non-towered,
27747,BYG,JOHNSON COUNTY,BUFFALO,WY,WYOMING,44.38108333,-106.7218056,44.38108333,-106.7218056,4970,PU,PU,Non-towered,
27754,CPR,CASPER/NATRONA COUNTY INTL,CASPER,WY,WYOMING,42.90587472,-106.4636486,42.90587472,-106.4636486,5344,PU,PU,Towered,
27759,CYS,CHEYENNE RGNL/JERRY OLSON FLD,CHEYENNE,WY,WYOMING,41.15563888,-104.8104722,41.15563888,-104.8104722,6159.9,PU,PU,Towered,
27765,COD,YELLOWSTONE RGNL,CODY,WY,WYOMING,44.52019444,-109.0238056,44.52019444,-109.0238056,5102.3,PU,PU,Non-towered,
27768,U68,NORTH BIG HORN COUNTY,COWLEY/LOVELL/BYRON,WY,WYOMING,44.91166666,-108.4455,44.91166666,-108.4455,4093.5,PU,PU,Non-towered,
27771,DWX,DIXON,DIXON,WY,WYOMING,41.03744138,-107.4925281,41.03744138,-107.4925281,6548.9,PU,PU,Non-towered,
27772.5,DGW,CONVERSE COUNTY,DOUGLAS,WY,WYOMING,42.79719444,-105.3858333,42.79719444,-105.3858333,4932.7,PU,PU,Non-towered,
27777.1,DUB,DUBOIS MUNI,DUBOIS,WY,WYOMING,43.54865138,-109.6908278,43.54865138,-109.6908278,7298.6,PU,PU,Non-towered,
27781.3,EVW,EVANSTON-UINTA COUNTY BURNS FLD,EVANSTON,WY,WYOMING,41.27479111,-111.0346306,41.27479111,-111.0346306,7142.7,PU,PU,Non-towered,
27786,FBR,FORT BRIDGER,FORT BRIDGER,WY,WYOMING,41.39333333,-110.4059722,41.39333333,-110.4059722,7038,PU,PU,Non-towered,
27789,GCC,NORTHEAST WYOMING RGNL,GILLETTE,WY,WYOMING,44.34890805,-105.5393675,44.34890805,-105.5393675,4365.1,PU,PU,Non-towered,
27804,GEY,SOUTH BIG HORN COUNTY,GREYBULL,WY,WYOMING,44.51794444,-108.083,44.51794444,-108.083,3941.8,PU,PU,Non-towered,
27805,GUR,CAMP GUERNSEY,GUERNSEY,WY,WYOMING,42.25973805,-104.7283133,42.25973805,-104.7283133,4401.8,MR,PU,Towered,
27807.1,W43,HULETT MUNI,HULETT,WY,WYOMING,44.66286111,-104.5678333,44.66286111,-104.5678333,4263.7,PU,PU,Non-towered,
27813,JAC,JACKSON HOLE,JACKSON,WY,WYOMING,43.60733722,-110.7377489,43.60733722,-110.7377489,6451.3,PU,PU,Towered,
27819,EMM,KEMMERER MUNI,KEMMERER,WY,WYOMING,41.82408333,-110.5569444,41.82408333,-110.5569444,7288.7,PU,PU,Non-towered,
27831,LND,HUNT FLD,LANDER,WY,WYOMING,42.81538472,-108.7285631,42.81538472,-108.7285631,5588.9,PU,PU,Non-towered,
27834,LAR,LARAMIE RGNL,LARAMIE,WY,WYOMING,41.31205722,-105.6749856,41.31205722,-105.6749856,7283.7,PU,PU,Non-towered,
27843,LSK,LUSK MUNI,LUSK,WY,WYOMING,42.75380555,-104.4045556,42.75380555,-104.4045556,4966.8,PU,PU,Non-towered,
27858,ECS,MONDELL FLD,NEWCASTLE,WY,WYOMING,43.88425,-104.3145,43.88425,-104.3145,4177.5,PU,PU,Non-towered,
27864.3,82V,PINE BLUFFS MUNI,PINE BLUFFS,WY,WYOMING,41.15247222,-104.13475,41.15247222,-104.13475,5152.1,PU,PU,Non-towered,
27867,PNA,RALPH WENZ FLD,PINEDALE,WY,WYOMING,42.79738888,-109.8110278,42.79738888,-109.8110278,7096.2,PU,PU,Non-towered,
27870,POY,POWELL MUNI,POWELL,WY,WYOMING,44.86716666,-108.7934167,44.86716666,-108.7934167,5095.7,PU,PU,Non-towered,
27873,RWL,RAWLINS MUNI/HARVEY FLD,RAWLINS,WY,WYOMING,41.80572222,-107.2003333,41.80572222,-107.2003333,6816.7,PU,PU,Non-towered,
27876,RIW,CENTRAL WYOMING RGNL,RIVERTON,WY,WYOMING,43.06423833,-108.4598408,43.06423833,-108.4598408,5516,PU,PU,Non-towered,
27878,RKS,SOUTHWEST WYOMING RGNL,ROCK SPRINGS,WY,WYOMING,41.59421777,-109.0651986,41.59421777,-109.0651986,6764.6,PU,PU,Non-towered,
27881,SAA,SHIVELY FLD,SARATOGA,WY,WYOMING,41.44352777,-106.8275278,41.44352777,-106.8275278,7014.2,PU,PU,Non-towered,
27882,SHR,SHERIDAN COUNTY,SHERIDAN,WY,WYOMING,44.76919444,-106.9802778,44.76919444,-106.9802778,4021.1,PU,PU,Non-towered,
27879.2,HSG,HOT SPRINGS COUNTY,THERMOPOLIS,WY,WYOMING,43.71361111,-108.3896944,43.71361111,-108.3896944,4891.9,PU,PU,Non-towered,
27900.1,TOR,TORRINGTON MUNI,TORRINGTON,WY,WYOMING,42.06442138,-104.1526794,42.06442138,-104.1526794,4206.9,PU,PU,Non-towered,
27902,EAN,PHIFER AIRFIELD,WHEATLAND,WY,WYOMING,42.05551972,-104.9282831,42.05551972,-104.9282831,4779.3,PU,PU,Non-towered,
27905,WRL,WORLAND MUNI,WORLAND,WY,WYOMING,43.96288888,-107.9505278,43.96288888,-107.9505278,4251.7,PU,PU,Non-towered,
99998,CYHU,"St. Hubert, CA","St. Hubert, CA",QU,Quebec,45.518,-73.417,45.518,-73.417,90,PU,PU,Towered,
99999,CYUL,Pierre Trudeau International,"Montreal, CA",QU,Quebec,45.47,-73.741,45.47,-73.741,120,PU,PU,Towered,
