airport_id,date_visited,callsign,notes
CDW,12/3/2025,N711AV,"Multi currency flight, ILS24, 3 night landings.  Murad Gabr, 4374364CFI, RE 3/27"
ABE,12/3/2025,N711AV,"Multi currency flight, ILS24, 3 night landings.  Murad Gabr, 4374364CFI, RE 3/27"
4N1,11/23/2025,N316AS,Inst/Commercial training for Heather Tadlock.
MGJ,11/23/2025,N316AS,Inst/Commercial training for Heather Tadlock.
4N1,11/15/2025,N2393Z,VFR rental 3 landings
MGJ,11/15/2025,N2393Z,VFR rental 3 landings
4N1,11/2/2025,N316AS,IFR final part 1
CDW,10/25/2025,N5789S,VFR XC Mooney time with Frank Lazzaro
MSV,10/25/2025,N5789S,VFR XC Mooney time with Frank Lazzaro
MFV,10/22/2025,N4775F,VFR XC night solo.  Accomack to Caldwell.
CDW,10/22/2025,N4775F,VFR XC night solo.  Accomack to Caldwell.
MYR,10/22/2025,N4775F,VFR XC solo from Myrtle Beach to Accomack.
MCZ,10/21/2025,N4775F,"VFR XC solo Martin County to Myrtle Beach, SC.  USCGR"
MYR,10/21/2025,N4775F,"VFR XC solo Martin County to Myrtle Beach, SC.  USCGR"
CDW,10/21/2025,N4775F,"VFR XC solo - Caldwell to Martin County, NC - USCGR"
4N1,10/5/2025,N316AS,Instrument stage check Joe Nedick. SAT
4N1,10/4/2025,N9563A,C172 checkout & WINGS credit
MGJ,10/4/2025,N9563A,C172 checkout & WINGS credit
CDW,9/24/2025,N283WT,Caldwell to home after airshow
4N1,9/24/2025,N283WT,Caldwell to home after airshow
5B2,9/21/2025,N283WT,VFR fm Saratoga
CDW,9/21/2025,N283WT,VFR fm Saratoga
CDW,9/20/2025,N283WT,VFR to Saratoga for balloon festival
5B2,9/20/2025,N283WT,VFR to Saratoga for balloon festival
DXR,9/19/2025,N283WT,USCGR VFR solo Danbury for fuel. Caldwell for airshow weekend
CDW,9/19/2025,N283WT,USCGR VFR solo Danbury for fuel. Caldwell for airshow weekend
4N1,9/19/2025,N283WT,VFR XC to CG Air Station Cape Cod.  LCDR Florio retirement.
ISP,9/14/2025,N283WT,VFR night XC home from Islip.
4N1,9/14/2025,N283WT,VFR night XC home from Islip.
OWD,9/13/2025,N283WT,VFR XC flight for Sheldon.
4N1,9/13/2025,N283WT,VFR XC flight for Sheldon.
4N1,9/12/2025,N6624B,Flight Review for Andreas Meyer.
FWN,9/12/2025,N6624B,Flight Review for Andreas Meyer.
OWD,9/10/2025,N283WT,"IFC XC solo.  RNAV24 with hold at WAMUV, circle to RWY06"
4N1,9/10/2025,N283WT,"IFC XC solo.  RNAV24 with hold at WAMUV, circle to RWY06"
OWD,8/31/2025,N283WT,VFR night XC home from Norwood
4N1,8/31/2025,N283WT,VFR night XC home from Norwood
4N1,8/30/2025,N283WT,VFR to Boston with Isa. Fenway - Red Socks v. Pirates. Coheed and Cambria w/ Taking back Sunday.
OWD,8/30/2025,N283WT,VFR to Boston with Isa. Fenway - Red Socks v. Pirates. Coheed and Cambria w/ Taking back Sunday.
W05,8/29/2025,N283WT,VFR XC training with Sheldon Teperman.
4N1,8/29/2025,N283WT,VFR XC training with Sheldon Teperman.
4N1,8/24/2025,N978FA,Stage 2 check for Chris Neidhardt - Sat
1B1,8/24/2025,N978FA,Stage 2 check for Chris Neidhardt - Sat
4N1,8/23/2025,N680MA,Stage 1 check - sat - for
4N1,8/22/2025,N9563A,"141 annual check, Wings Advanced Stage 8, Flight Review, VOR05, RNAV06, both with holds.  Rich Mardarello."
N82,8/22/2025,N9563A,"141 annual check, Wings Advanced Stage 8, Flight Review, VOR05, RNAV06, both with holds.  Rich Mardarello."
N89,8/22/2025,N9563A,"141 annual check, Wings Advanced Stage 8, Flight Review, VOR05, RNAV06, both with holds.  Rich Mardarello."
4N1,8/17/2025,N283WT,Completion of Flight Review for Sheldon Teperman
N89,8/17/2025,N283WT,Completion of Flight Review for Sheldon Teperman
4N1,8/16/2025,N283WT,"VFR Sheldon’s flight review part 1.  Slow flight, stalls, steep turns, unusual attitudes."
PVC,8/14/2025,N283WT,VFR XC night instruction for Sheldon
4N1,8/14/2025,N283WT,VFR XC night instruction for Sheldon
PVD,8/12/2025,N283WT,From Providence to home
4N1,8/12/2025,N283WT,From Providence to home
N12,8/6/2025,N283WT,IFR solo XC.  Smoke and clouds.   RNAV06.
4N1,8/6/2025,N283WT,IFR solo XC.  Smoke and clouds.   RNAV06.
ISP,8/3/2025,N283WT,VFR XC solo home
4N1,8/3/2025,N283WT,VFR XC solo home
PVC,8/3/2025,N283WT,Bring Peter home VFR XC to Islip
4N1,8/2/2025,N283WT,Flight Review prep for Sheldon. Stall series
VKX,7/25/2025,N283WT,USCG fm KVKX IFR & FRZ flight plan.  WX challenges.
4N1,7/25/2025,N283WT,USCG fm KVKX IFR & FRZ flight plan.  WX challenges.
4N1,7/23/2025,N283WT,"USCG To KVKX, IFR & FRZ.  For MCPO-CG COW."
VKX,7/23/2025,N283WT,"USCG To KVKX, IFR & FRZ.  For MCPO-CG COW."
AOO,7/21/2025,N490SP,Last leg home from AOO to 4N1.  Commercial instruction.
4N1,7/21/2025,N490SP,Last leg home from AOO to 4N1.  Commercial instruction.
PKB,7/21/2025,N490SP,Altoona.  Fiesta!  Commercial instruction.
LOU,7/21/2025,N490SP,Bowman Field to Fredrick town West Virginia.  RNAV 03 for Magdy.  Commercial instruction.
H88,7/20/2025,N490SP,Fredricktown regional to Bowman Field.  Commercial instruction.
LOU,7/20/2025,N490SP,Fredricktown regional to Bowman Field.  Commercial instruction.
RVS,7/20/2025,N490SP,New paint with Magdy Wahba. Commercial instruction.
4N1,7/18/2025,N283WT,"Flight review prep for Sheldon.  Stalls, pattern, go around, power off 180."
06N,7/18/2025,N978FA,"141 checkout, PPL & CPL for Ryan Salle"
MGJ,7/18/2025,N316AS,141 Instrument Checkout w/instruction & hood time
BTV,7/11/2025,N283WT,"AUXAIR fm BTV boarder work, then home to 4N1 with Gil Breit. WX avoidance."
4N1,7/11/2025,N283WT,"AUXAIR fm BTV boarder work, then home to 4N1 with Gil Breit. WX avoidance."
FRG,7/10/2025,N283WT,AUXAIR VFR solo home from Checkride.
4N1,7/10/2025,N283WT,AUXAIR VFR solo home from Checkride.
ISP,7/10/2025,N283WT,"AUXAIR Checkride - Aircraft Commander. PS, VS, hold, ILS24, LOC24 @KISP Flight Review WINGS completion."
BTV,7/6/2025,N283WT,"VFR to home, WX avoidance."
4N1,7/6/2025,N283WT,"VFR to home, WX avoidance."
CYHU,7/6/2025,N283WT,Fm St Hubert to Burlington for Customs.
4N1,7/3/2025,N283WT,"To Montreal for Jazz Festival.  St Hubert and HUBFBO.  IFR, ILS24R."
CYHU,7/3/2025,N283WT,"To Montreal for Jazz Festival.  St Hubert and HUBFBO.  IFR, ILS24R."
LNS,7/2/2025,N283WT,Night flight home from LNS.  Dual for Sheldon.
4N1,7/2/2025,N283WT,Night flight home from LNS.  Dual for Sheldon.
4N1,6/30/2025,N3565M,Flight for PA32 potential buyer.  Justin H.
N12,6/29/2025,N283WT,"Lakewood, Caldwell, Greenwood Lake"
4N1,6/29/2025,N283WT,"Lakewood, Caldwell, Greenwood Lake"
CDW,6/29/2025,N283WT,"Lakewood, Caldwell, Greenwood Lake"
4N1,6/26/2025,N283WT,To paragon for broken door.
CDW,6/26/2025,N283WT,To paragon for broken door.
ACK,6/24/2025,N283WT,XC night training for Sheldon
4N1,6/24/2025,N283WT,XC night training for Sheldon
POU,6/24/2025,N283WT,AuxAir home from KPOU solo.
CDW,6/21/2025,N283WT,Home from CDW flight check for SureFly.
4N1,6/21/2025,N283WT,Home from CDW flight check for SureFly.
4N1,6/10/2025,N283WT,VFR night solo to Paragon for Mags Project.
CDW,6/10/2025,N283WT,VFR night solo to Paragon for Mags Project.
HZL,6/10/2025,N283WT,"Home w/Rob Perillo, safety pilot, RNAV06 circle 24.  Flight Review via WINGS, Master 7."
SMQ,6/4/2025,N283WT,VFR home with Gil.
4N1,6/4/2025,N283WT,VFR home with Gil.
W05,6/3/2025,N283WT,VFR from Gettysburg to Lancaster. Tower training with Sheldon.
LNS,6/3/2025,N283WT,VFR from Gettysburg to Lancaster. Tower training with Sheldon.
4N1,6/3/2025,N283WT,VFR XC nigh dual given for Sheldon
ALB,5/27/2025,N283WT,VFR solo XC day. Home to 4N1.
4N1,5/27/2025,N283WT,VFR solo XC day. Home to 4N1.
HPN,5/27/2025,N283WT,"VFR XC and ""C"" airspace instruction for Sheldon."
BID,5/26/2025,N283WT,Home from Block Island
4N1,5/26/2025,N283WT,Home from Block Island
FWQ,5/24/2025,N680MA,IFP and actual and sim for Magdy.  Last leg of the Tulsa pickup.  Commercial instruction.
4N1,5/24/2025,N680MA,IFP and actual and sim for Magdy.  Last leg of the Tulsa pickup.  Commercial instruction.
LUK,5/24/2025,N680MA,RNAV08 circle 26 for Magdy Wahba.  Instrument given 2.6. Commercial instruction.
PCD,5/23/2025,N680MA,VFR with Magdy Wahba on N680MA Ferry.  Commercial instruction.
LUK,5/23/2025,N680MA,VFR with Magdy Wahba on N680MA Ferry.  Commercial instruction.
RVS,5/23/2025,N680MA,"VFR XC to Perryville, MO.  Magdy Wahba as Safety Pilot and student.  Lunch at Al's.  Commercial instruction."
OKM,5/23/2025,N680MA,Test flight for N680MA.  Instrument Approaches with Magdy Wahba .  RNAV01@KRVS & VOR@KOKM.
TEB,5/18/2025,N283WT,"VFR Isabel training, home to 4N1."
4N1,5/18/2025,N283WT,"VFR Isabel training, home to 4N1."
ORF,5/18/2025,N283WT,IFP XC w/Sheldon training. RNAV24 into KTEB.
EOK,5/12/2025,N490SP,"RNAV 22, RNAV 20, rnav01L with Magdy Wahba.    Commercial instruction."
RVS,5/12/2025,N490SP,"RNAV 22, RNAV 20, rnav01L with Magdy Wahba.    Commercial instruction."
GLY,5/12/2025,N490SP,"RNAV 22, RNAV 20, rnav01L with Magdy Wahba.    Commercial instruction."
NVD,5/12/2025,N490SP,"RNAV 22, RNAV 20, rnav01L with Magdy Wahba.    Commercial instruction."
GQQ,5/12/2025,N490SP,VFR XC with Magdy. Commercial instruction.
4N1,5/12/2025,N490SP,Deliver N490SP to Tulsa with Magdy.  RNAV23.  Commercial instruction.
4N1,5/11/2025,N283WT,KCDW training for Sheldon.
CDW,5/11/2025,N283WT,KCDW training for Sheldon.
BLM,5/11/2025,N283WT,"VFR XC and T/O, Landing, Stalls with Isa."
BLM,5/2/2025,N283WT,VFR XC solo night to Home.  USCG
4N1,5/2/2025,N283WT,VFR XC solo night to Home.  USCG
VKX,5/2/2025,N283WT,VFR FRZ flight plan.  With Tommy LaPage... USCG.
HEF,4/28/2025,N283WT,IFR to KVKX with Sam Ten. RNAV06.
VKX,4/28/2025,N283WT,IFR to KVKX with Sam Ten. RNAV06.
HWY,4/28/2025,N283WT,"Approaches and hold. Samuel Ten, PPL4573601."
CJR,4/28/2025,N283WT,"Approaches and hold. Samuel Ten, PPL4573601."
4N1,4/27/2025,N283WT,IFR XC solo to Manassas. USCG SSS week travel.
HEF,4/27/2025,N283WT,IFR XC solo to Manassas. USCG SSS week travel.
MSV,4/24/2025,N4775F,Flight Review for Andrew Tolkar.
CDW,4/24/2025,N4775F,Flight Review for Andrew Tolkar.
N12,4/20/2025,N283WT,VFR from Easter Dinner. Isabel for XC instruction. 1 day and 1 night landing at 4N1.
4N1,4/20/2025,N283WT,VFR from Easter Dinner. Isabel for XC instruction. 1 day and 1 night landing at 4N1.
VKX,4/16/2025,N283WT,USCG from Potomac Airfield to 4N1
4N1,4/16/2025,N283WT,USCG from Potomac Airfield to 4N1
4N1,4/13/2025,N283WT,"IFR FRZ night XC to Potomac, USCG to CGHQ"
VKX,4/13/2025,N283WT,"IFR FRZ night XC to Potomac, USCG to CGHQ"
4N1,4/4/2025,N978FA,Night Currency.  RNAV24 w/hold for Ryan Herman.
4N1,3/29/2025,N283WT,Landings at MSV w/Sheldon
MSV,3/29/2025,N283WT,Landings at MSV w/Sheldon
4N1,3/23/2025,N283WT,Commercial maneuvers
MDT,3/23/2025,N283WT,VFR XC fm Harrisburg with Isabel as student
4N1,3/22/2025,N283WT,VFR XC with Isa to Cirque
MDT,3/22/2025,N283WT,VFR XC with Isa to Cirque
CDW,3/14/2025,N283WT,Tower departure training. Sheldon T.
4N1,3/14/2025,N283WT,Tower departure training. Sheldon T.
N07,2/22/2025,N283WT,High performance endorsement for Brenton VanBeke
4N1,2/22/2025,N283WT,High performance endorsement for Brenton VanBeke
MSV,2/22/2025,N283WT,High performance endorsement for Brenton VanBeke
4N1,2/8/2025,N476SP,141 annual instructor checkout ppl - John DeGroot - satisfactory
DXR,2/8/2025,N476SP,Second part of stage 3 unsat
4N1,2/3/2025,N283WT,Instruction for Sheldon & safety pilot for Hold and RNAV24.
POU,2/3/2025,N283WT,Instruction for Sheldon & safety pilot for Hold and RNAV24.
4N1,2/2/2025,N476SP,Matt Ranaldo - soft & short field lndgs. Unusual attitudes = unsat
06N,2/2/2025,N657SP,Final stage for Yitzy Rosenbloom
4N1,1/25/2025,N476SP,Stage 2 check for Matt Ranaldo - unsat
1B1,1/25/2025,N476SP,Stage 2 check for Matt Ranaldo - unsat
4N1,1/12/2025,N283WT,Night currency at 4n1
N12,1/12/2025,N283WT,N12 to 4N1 USCG to home
PHL,1/12/2025,N283WT,KPHL to N12 for fuel and lunch USCGR
FRG,12/31/2024,N283WT,AuxAir home fm KFRG solo
4N1,12/31/2024,N283WT,AuxAir home fm KFRG solo
ISP,12/27/2024,N283WT,CG Aux home from LIS Ice patrol.
4N1,12/27/2024,N283WT,CG Aux home from LIS Ice patrol.
FOK,12/27/2024,N283WT,CG Aux and Intro to SR22 for Alex Malewski.
BTV,12/26/2024,N222R,"Cg Aux home from Lake ""C"
CDW,12/26/2024,N222R,"Cg Aux home from Lake ""C"
CDW,12/23/2024,N283WT,CG Aux home from CDW VFR Solo
4N1,12/23/2024,N283WT,CG Aux home from CDW VFR Solo
DXR,12/23/2024,N283WT,CG Aux instruction for Dave Davis
44N,12/14/2024,N283WT,VFR home from Breakfast with Santa
4N1,12/14/2024,N283WT,VFR home from Breakfast with Santa
BGM,12/13/2024,N283WT,Home with Kelly and Freya
4N1,12/13/2024,N283WT,Home with Kelly and Freya
MSV,12/1/2024,N283WT,VFR w/Sheldon night home to MSV
4N1,12/1/2024,N283WT,VFR w/Sheldon night home to MSV
JZI,12/1/2024,N283WT,VFR XC fm Charleston to home
HXD,11/30/2024,N283WT,VFR back to JZI
JZI,11/30/2024,N283WT,VFR back to JZI
ISO,11/29/2024,N283WT,VFR XC to Charleston executive
JZI,11/29/2024,N283WT,VFR XC to Charleston executive
4N1,11/29/2024,N283WT,VFR to Kingston Reg. North Carolina.
W29,11/17/2024,N283WT,VFR Night fm key bridge to 4N1.
4N1,11/17/2024,N283WT,VFR Night fm key bridge to 4N1.
4N1,11/16/2024,N283WT,VFR to Key Bridge for the Annapolis Visit
W29,11/16/2024,N283WT,VFR to Key Bridge for the Annapolis Visit
47N,11/14/2024,N283WT,Central Jersey home to 4N1
4N1,11/14/2024,N283WT,Central Jersey home to 4N1
BLM,11/14/2024,N283WT,Monmouth to Central Jersey
VKX,11/14/2024,N283WT,USCG IFR FRZ RNAV14
BLM,11/12/2024,N283WT,USCG IFR FRZ to KVKX. W/ T. LaPage
VKX,11/12/2024,N283WT,USCG IFR FRZ to KVKX. W/ T. LaPage
4N1,11/12/2024,N283WT,USCG VFR to pick up T LaPage
PVG,11/8/2024,N283WT,VFR XC solo night home to 4N1
4N1,11/8/2024,N283WT,VFR XC solo night home to 4N1
VKX,11/8/2024,N283WT,FRZ IFR to Hampton Roads Exec.  W / Heather and Charlie Salls
4N1,11/3/2024,N283WT,FRZ IFR solo XC to KVKX for USCG SLC
VKX,11/3/2024,N283WT,FRZ IFR solo XC to KVKX for USCG SLC
POU,11/3/2024,N283WT,VFR Tower work with Sheldon
MVY,11/2/2024,N283WT,VFR XC night home from MVY & skyline route
4N1,11/2/2024,N283WT,VFR XC night home from MVY & skyline route
CDW,10/29/2024,N283WT,IFR fm KCDW to 4n1 IMC night RNAV06
4N1,10/29/2024,N283WT,IFR fm KCDW to 4n1 IMC night RNAV06
4N1,10/27/2024,N283WT,To CDW to Paragon.
CDW,10/27/2024,N283WT,To CDW to Paragon.
ACY,10/24/2024,N283WT,VFR solo XC.  Home from ACY.
4N1,10/24/2024,N283WT,VFR solo XC.  Home from ACY.
4N1,10/21/2024,N283WT,VFR XC solo to ACY. School board convention 2024.
ACY,10/21/2024,N283WT,VFR XC solo to ACY. School board convention 2024.
BAF,10/6/2024,N283WT,"Night VFR from BAF, NYC Bravo Skyline Route"
4N1,10/6/2024,N283WT,"Night VFR from BAF, NYC Bravo Skyline Route"
MGJ,10/6/2024,N316AS,Final instrument stage check Magdy Wahba
4N1,10/5/2024,N978FA,Stage 1 check. Jordan Cook. Sat.
POU,10/4/2024,N476SP,Inst training for Ryan Herman.  RNAV24
4N1,10/4/2024,N476SP,Inst training for Ryan Herman.  RNAV24
4N1,10/3/2024,N316AS,"IFR w/Ryan Herman, 141 instrument checkout, sat."
OXC,10/3/2024,N316AS,"IFR w/Ryan Herman, 141 instrument checkout, sat."
SWF,10/3/2024,N316AS,"IFR with Magdy Wahba, stage 3 instrument check. Sat."
LNS,9/20/2024,N283WT,Instrument Proficiency and intro to SR22 for Ryan Herman.
4N1,9/20/2024,N283WT,Instrument Proficiency and intro to SR22 for Ryan Herman.
4N1,9/16/2024,N316AS,CFI-I prep with Ryan Herman.
MGJ,9/16/2024,N316AS,CFI-I prep with Ryan Herman.
4N1,9/15/2024,N3565M,CO check on N3565M for Terry.
1B1,9/14/2024,N9563A,Matt Ranaudo home from 1B1
4N1,9/14/2024,N9563A,Matt Ranaudo home from 1B1
4N1,9/13/2024,N283WT,Solo pattern work night lndgs
CPK,9/13/2024,N283WT,IFR fm Chesapeake regional to home
VKX,9/13/2024,N283WT,IFR from Potomac to Chesapeake regional.  VADM Moore and CMC Salls.
4N1,9/10/2024,N283WT,FRZ IFR plan to Potomac.  USCG
VKX,9/10/2024,N283WT,FRZ IFR plan to Potomac.  USCG
4N1,9/6/2024,N490SP,141 Annual check with Chris Straub
MVY,9/4/2024,N283WT,VFR night XC w/ Sheldon & Elena
4N1,9/4/2024,N283WT,VFR night XC w/ Sheldon & Elena
N79,9/2/2024,N283WT,Fm Northumberland home to 4N1
4N1,9/2/2024,N283WT,Fm Northumberland home to 4N1
CGF,9/2/2024,N283WT,"VFR fm Cleveland to Northumberland, $4.99 fuel!"
4N1,8/31/2024,N283WT,IFR to Cleveland w/Isa
CGF,8/31/2024,N283WT,IFR to Cleveland w/Isa
ITH,8/25/2024,N283WT,VFR home fm Ithaca
4N1,8/25/2024,N283WT,VFR home fm Ithaca
4N1,8/24/2024,N3565M,Prebuy flight test w/Daniel Castro
4N1,8/23/2024,N375MT,VFR CamGuard Flight for Matt.
4N1,8/21/2024,N316AS,Stage 3 Commercial with Aaron M.
PVC,8/17/2024,N283WT,IFR solo from Provincetown to 4N1.  RNAV24
4N1,8/17/2024,N283WT,IFR solo from Provincetown to 4N1.  RNAV24
47N,8/16/2024,N283WT,Home from 47N
4N1,8/16/2024,N283WT,Home from 47N
4N1,8/10/2024,N283WT,XWind Landings with Sheldon
MSV,8/10/2024,N283WT,XWind Landings with Sheldon
CDW,8/10/2024,N283WT,VFR solo home from Paragon.
4N1,8/4/2024,N283WT,Flight to CDW with Sheldon
CDW,8/4/2024,N283WT,Flight to CDW with Sheldon
4N1,8/3/2024,N283WT,Second flight with the Navy guys.
ACY,8/2/2024,N283WT,VFR XC Solo home from KACY.
4N1,8/2/2024,N283WT,VFR XC Solo home from KACY.
LCI,8/1/2024,N2618L,From KLCI to Caldwell.
CDW,8/1/2024,N2618L,From KLCI to Caldwell.
MMU,8/1/2024,N2618L,To KLCI with Frank Ferrari
BID,7/28/2024,N283WT,Home from Block.
4N1,7/28/2024,N283WT,Home from Block.
4N1,7/27/2024,N316AS,Instrument lesson 16 with Magdy W.
MSV,7/27/2024,N283WT,From KMSV with Sheldon.
4N1,7/21/2024,N283WT,USCG to DXR to see Quincy Lawton
DXR,7/21/2024,N283WT,USCG to DXR to see Quincy Lawton
CDW,7/21/2024,N222R,"CG Aux flight instrument training search pattern RNAV24, XC Instruction, for Larry Williamson."
FOK,7/21/2024,N222R,"CG Aux flight instrument training search pattern RNAV24, XC Instruction, for Larry Williamson."
4N1,7/20/2024,N978FA,Pattern with Jordan Cook
06N,7/20/2024,N657SP,Commercial Check Ride Prep.  Issac Kerr.
MSV,7/19/2024,N283WT,Home from Sullivan County.
4N1,7/19/2024,N283WT,Home from Sullivan County.
SCH,7/14/2024,N222R,"CGAux flight, area dam and patrol with Larry Williamson"
CDW,7/14/2024,N222R,"CGAux flight, area dam and patrol with Larry Williamson"
4N1,7/13/2024,N316AS,Instrument and annual proficiency check for Eric Sweetster @ Sky Training
MGJ,7/13/2024,N316AS,Instrument and annual proficiency check for Eric Sweetster @ Sky Training
4N1,7/8/2024,N283WT,XC training with Sheldon
MSV,7/8/2024,N283WT,XC training with Sheldon
06N,7/8/2024,N490SP,Instructor interview Ryan Ortiz for Tim
ACY,7/8/2024,N283WT,IFR ACY to 4N1.  Mike and Sharron
4N1,7/7/2024,N283WT,VFR skyline route to AC with Mike and Sharron
ACY,7/7/2024,N283WT,VFR skyline route to AC with Mike and Sharron
1B1,7/7/2024,N978FA,Stage 2 check for Benton Shelton
4N1,7/6/2024,N283WT,IFP ILS27 with Sheldon.  Actual.
PVD,7/3/2024,N283WT,Home from KPVD.
4N1,7/3/2024,N283WT,Home from KPVD.
CDW,7/2/2024,N822BW,Airline Transport Pilot MultiEngine Land - Flight Test Passed.  William Greg Hill DPE#999995576 Expires 8/24.
MGJ,7/2/2024,N822BW,Airline Transport Pilot MultiEngine Land - Flight Test Passed.  William Greg Hill DPE#999995576 Expires 8/24.
CDW,7/1/2024,N822BW,Checkride prep with Salah Alsaidi.
MGJ,7/1/2024,N822BW,Checkride prep with Salah Alsaidi.
CDW,6/28/2024,N822BW,KMJX practice approaches. Precautionary shutdown.  Steep turns
MJX,6/28/2024,N822BW,KMJX practice approaches. Precautionary shutdown.  Steep turns
4N1,6/28/2024,N978FA,Lesson 2.
CDW,6/27/2024,N822BW,"ATP-MEL prep, steep turns, power off/on stalls, emergency decent, ILS04x2, VOR08. Salah Alsaidi, 408113CFI, exp 8/25."
MGJ,6/27/2024,N822BW,"ATP-MEL prep, steep turns, power off/on stalls, emergency decent, ILS04x2, VOR08. Salah Alsaidi, 408113CFI, exp 8/25."
CDW,6/26/2024,N822BW,"Steep turns, single engine approaches, slow flight, power off/on stalls, single engine landing, ILS04x2, RNAV22.  Salah Alsaidi, 4008113CFI, exp 8/25."
4N1,6/25/2024,N476SP,Stage 1 check - Ira
06N,6/25/2024,N476SP,Stage 1 check - Ira
BDR,6/25/2024,N657SP,VFR Nav to Bridgeport
4N1,6/23/2024,N283WT,Intro to SR22 for Chris Luccarelli
CDW,6/21/2024,N283WT,Home from annual
4N1,6/21/2024,N283WT,Home from annual
4N1,6/19/2024,N316AS,Stage 3 prep for Joe Fiorella.
N07,6/17/2024,N375MT,Intro to the SR22.  Drop Salah off at CDW.
CDW,6/17/2024,N375MT,Intro to the SR22.  Drop Salah off at CDW.
N12,6/16/2024,N375MT,FM Lakewood to Lincoln Park with Isa.
N07,6/16/2024,N375MT,FM Lakewood to Lincoln Park with Isa.
CDW,6/16/2024,N375MT,To Lakewood with Isa for Father's Day.
PVG,6/14/2024,N375MT,VFR XC solo.  Home from Hampton roads Exec.  USCGR.  LANTAREA COW.
N07,6/14/2024,N375MT,VFR XC solo.  Home from Hampton roads Exec.  USCGR.  LANTAREA COW.
N07,6/13/2024,N375MT,VFR XC solo.  To Hampton Roads Exec.  USCGR
PVG,6/13/2024,N375MT,VFR XC solo.  To Hampton Roads Exec.  USCGR
CDW,6/13/2024,N711AV,"ATP prep.  Steep turns, single engine approach. Salah Alsaidi, 4008113CFI, exp 8/25."
MGJ,6/13/2024,N711AV,"ATP prep.  Steep turns, single engine approach. Salah Alsaidi, 4008113CFI, exp 8/25."
4N1,6/11/2024,N375MT,Move 375MT to Lincoln Park. Airshow weekend.
N07,6/11/2024,N375MT,Move 375MT to Lincoln Park. Airshow weekend.
CDW,6/10/2024,N711AV,"ATP-MEL Checkride prep.  Steep turns, ILS04 single engine landing, ILS04 no flaps landing, RNAV22 short field landing."
MGJ,6/10/2024,N711AV,"ATP-MEL Checkride prep.  Steep turns, ILS04 single engine landing, ILS04 no flaps landing, RNAV22 short field landing."
CDW,6/7/2024,N711AV,"No flap landing, short filed landing.  ATPMEL prep.  Salah Alsaidi, 4008113CFI, exp 8/25."
GON,6/7/2024,N543FL,CG Aux.  Avionics Training. Ted Piltzecker.
4N1,6/5/2024,N476SP,Stage 1 check for Azusa T. Sat.
CDW,6/4/2024,N711AV,"ATP Multi prep, steep turns, power off, power on, slow flight, single engine app, ILS04.  Sales Alsaidi, 4008113CFI, exp 8/25."
MGJ,6/4/2024,N711AV,"ATP Multi prep, steep turns, power off, power on, slow flight, single engine app, ILS04.  Sales Alsaidi, 4008113CFI, exp 8/25."
GON,6/3/2024,N6781M,"CG Aux training flight.  VS search pattern, EWR transition, RNAV04 at CDW."
CDW,6/3/2024,N6781M,"CG Aux training flight.  VS search pattern, EWR transition, RNAV04 at CDW."
MGJ,6/1/2024,N442AD,"ATP Plane Familiarization, ILS04&36.  Eric Jordan, 4490666, exp 10/25."
OXC,6/1/2024,N442AD,"ATP Plane Familiarization, ILS04&36.  Eric Jordan, 4490666, exp 10/25."
CDW,5/31/2024,N711AV,"Power on power off. Steep turns. T/os and LNDGS. Salah Alsaidi, 4008113CFI, exp 08/26."
MGJ,5/31/2024,N711AV,"Power on power off. Steep turns. T/os and LNDGS. Salah Alsaidi, 4008113CFI, exp 08/26."
4N1,5/30/2024,N375MT,Night currency. KMGJ. RWY04 and RWY24
MGJ,5/30/2024,N375MT,Night currency. KMGJ. RWY04 and RWY24
4N1,5/26/2024,N283WT,VFR solo to Caldwell.  Dropped off WT at Paragon for the Annual.
CDW,5/26/2024,N283WT,VFR solo to Caldwell.  Dropped off WT at Paragon for the Annual.
ELM,5/26/2024,N283WT,VFR from Elmira to home.
MGJ,5/24/2024,N283WT,Home from Take Flight Lesson
4N1,5/24/2024,N283WT,Home from Take Flight Lesson
PVC,5/24/2024,N283WT,XC instruction with Sheldon
4N1,5/23/2024,N283WT,"Provincetown.  IFP, XC training. Sheldon"
PVC,5/23/2024,N283WT,"Provincetown.  IFP, XC training. Sheldon"
MGJ,5/23/2024,N283WT,T/O and LNG practice with Sheldon at MGJ
MGJ,5/22/2024,N442AD,"ATP-MEL DA42 Intro See FSP. Eric Jordan, 4490666CFI, Exp 10/25."
MGJ,5/18/2024,N283WT,Landing practice with Sheldon.
4N1,5/18/2024,N283WT,Landing practice with Sheldon.
PVG,5/17/2024,N283WT,Home from Hampton Roads Exec. IFP IMC XC
4N1,5/17/2024,N283WT,Home from Hampton Roads Exec. IFP IMC XC
4N1,5/16/2024,N283WT,Hampton Roads Exec for LANTAREA COW.
PVG,5/16/2024,N283WT,Hampton Roads Exec for LANTAREA COW.
UUU,5/10/2024,N283WT,"Newport to home. IFR solo XC.  RNAV06 at 4N1, vectors to final."
4N1,5/10/2024,N283WT,"Newport to home. IFR solo XC.  RNAV06 at 4N1, vectors to final."
4N1,5/9/2024,N283WT,Newport for NAPS Ball and Graduation
UUU,5/9/2024,N283WT,Newport for NAPS Ball and Graduation
POU,5/4/2024,N222R,"USCG Aux.  Hudson to VZ, Newark transition, to Caldwell. XWind landing."
CDW,5/4/2024,N222R,"USCG Aux.  Hudson to VZ, Newark transition, to Caldwell. XWind landing."
4N1,5/3/2024,N283WT,Stalls and landings with Sheldon.
VKX,5/3/2024,N283WT,FRZ IFR Potomac to home from the Spring 2024 SLC
4N1,4/29/2024,N283WT,IFR FRZ flight plan to Potomac. USCGR.
VKX,4/29/2024,N283WT,IFR FRZ flight plan to Potomac. USCGR.
CDW,4/27/2024,N283WT,AUXAIR home from Caldwell.
4N1,4/27/2024,N283WT,AUXAIR home from Caldwell.
47N,4/26/2024,N283WT,VFR Central Jersey to home.  2500 feet.
4N1,4/26/2024,N283WT,VFR Central Jersey to home.  2500 feet.
VKX,4/26/2024,N283WT,Potomac to 47N for fuel
4N1,4/25/2024,N283WT,"IFR, actual, ice, 8000, to Potomac Airfield.  RAND exercise for USCGR."
VKX,4/25/2024,N283WT,"IFR, actual, ice, 8000, to Potomac Airfield.  RAND exercise for USCGR."
47N,4/22/2024,N375MT,Home from Central Jersey.
4N1,4/22/2024,N375MT,Home from Central Jersey.
CDW,4/22/2024,N375MT,To Central Jersey for Fuel.
CDW,4/17/2024,N375MT,Pick up from Annual at CDW
4N1,4/17/2024,N375MT,Pick up from Annual at CDW
ALB,4/17/2024,N4662G,CG AuxAir home from Hudson River Patrol
SMQ,4/16/2024,N283WT,VFR solo.  Home from SMQ for Checkride
4N1,4/16/2024,N283WT,VFR solo.  Home from SMQ for Checkride
PVG,4/12/2024,N283WT,IFP XC SOLO ACTUAL From Hampton Roads Exec to home.  USCGR LANTAREA Passdown.
4N1,4/12/2024,N283WT,IFP XC SOLO ACTUAL From Hampton Roads Exec to home.  USCGR LANTAREA Passdown.
4N1,4/10/2024,N283WT,IFP to KPVG - Hampton Roads Executive for CGR Drill.  XC solo actual
PVG,4/10/2024,N283WT,IFP to KPVG - Hampton Roads Executive for CGR Drill.  XC solo actual
MMU,4/9/2024,N283WT,
4N1,4/9/2024,N283WT,
1B1,4/8/2024,N283WT,1B1 fuel stop then home.
4N1,4/8/2024,N283WT,1B1 fuel stop then home.
BTV,4/8/2024,N283WT,Burlington to Columbia County airport for fuel.
PBG,4/8/2024,N283WT,Reposition for the eclipse to Burlington.
BTV,4/7/2024,N222R,AuxAir return flight to CDW
CDW,4/7/2024,N222R,AuxAir return flight to CDW
4N1,4/6/2024,N476SP,Interview CFI PPL flight for Eric
DFW,4/2/2024,ATP-CTP - D,"ATP-CTP FSTD 4 - Runway Safety & Adverse Weather cont., High Altitude Operations, Stall & Upset Prevention & Recovery Simulator designation and address: AFG2 A320 FFS #17 Sim Partner: Mcenaney, Ty - Instructor: Haug, Aaron  FSTD 5 - High Altitude Operations, Stall & Upset Prevention & Recovery cont. Simulator designation and address: AFG2 A320 FFS #17 Sim Partner: Mcenaney, Ty - Instructor: Haug, Aaron"
MEM,4/2/2024,ATP-CTP - D,"ATP-CTP FSTD 4 - Runway Safety & Adverse Weather cont., High Altitude Operations, Stall & Upset Prevention & Recovery Simulator designation and address: AFG2 A320 FFS #17 Sim Partner: Mcenaney, Ty - Instructor: Haug, Aaron  FSTD 5 - High Altitude Operations, Stall & Upset Prevention & Recovery cont. Simulator designation and address: AFG2 A320 FFS #17 Sim Partner: Mcenaney, Ty - Instructor: Haug, Aaron"
MEM,4/1/2024,ATP-CTP - D,"ATP-CTP FSTD 3 - Runway Safety and Adverse Weather Simulator designation and address: AFG2 A320 FFS #17 Sim Partner: Mcenaney, Ty - Instructor: Cole Hendrick"
DFW,4/1/2024,ATP-CTP - D,"ATP-CTP FSTD 3 - Runway Safety and Adverse Weather Simulator designation and address: AFG2 A320 FFS #17 Sim Partner: Mcenaney, Ty - Instructor: Cole Hendrick"
4N1,3/25/2024,N283WT,Dutch rolls and landings with Sheldon
WWD,3/16/2024,N283WT,VFR XC fm WWD to home with Isa.
4N1,3/16/2024,N283WT,VFR XC fm WWD to home with Isa.
HPN,3/13/2024,N283WT,VFR night solo fm HPN to home
4N1,3/13/2024,N283WT,VFR night solo fm HPN to home
4N1,3/3/2024,N283WT,VFR tower and night work with Sheldon
DXR,3/3/2024,N283WT,Second leg home from D1 CGR conference
OWD,3/3/2024,N283WT,KOWD to DXR for Fuel.
4N1,3/1/2024,N283WT,VFR XC solo to Norwood for CGR.
OWD,3/1/2024,N283WT,VFR XC solo to Norwood for CGR.
DXR,2/25/2024,N283WT,Sheldon instrument lesson
4N1,2/25/2024,N283WT,Sheldon instrument lesson
HYA,2/25/2024,N283WT,VFR home from Hyannis
4N1,2/24/2024,N283WT,VFR to IFR to KHYA for CGR
HYA,2/24/2024,N283WT,VFR to IFR to KHYA for CGR
47N,2/22/2024,N283WT,VFR fm 47N solo
4N1,2/22/2024,N283WT,VFR fm 47N solo
1B1,2/19/2024,N316AS,Home from Stage 2 check - Joe Fiorella
4N1,2/19/2024,N316AS,Home from Stage 2 check - Joe Fiorella
N12,2/11/2024,N283WT,VFR night home from Lakewood
4N1,2/11/2024,N283WT,VFR night home from Lakewood
CDW,2/10/2024,N283WT,Home from Caldwell
4N1,2/10/2024,N283WT,Home from Caldwell
4N1,2/9/2024,N283WT,Sheldon Instruction to CDW
WWD,2/9/2024,N283WT,VFR XC solo from Cape May to home
VKX,2/9/2024,N283WT,IFR FRZ Potomac to Cap May solo XC
4N1,2/6/2024,N283WT,IFR FRZ flight plan to Potomac Airfield.  XC solo.
VKX,2/6/2024,N283WT,IFR FRZ flight plan to Potomac Airfield.  XC solo.
CDW,2/4/2024,N283WT,CDW to SAX to CDW to 4N1 with Sheldon.
4N1,2/4/2024,N283WT,CDW to SAX to CDW to 4N1 with Sheldon.
IAG,2/4/2024,N283WT,IFR departure with Tim Wagner.
IAG,2/2/2024,N283WT,"IFR, XC, solo.  Brutal snow, de-ice. RNAV06 at 4N1 w/hold and wekas."
4N1,2/2/2024,N283WT,"IFR, XC, solo.  Brutal snow, de-ice. RNAV06 at 4N1 w/hold and wekas."
4N1,2/1/2024,N657SP,Stage 1 Check for Magdy Wahba.  Satisfactory.
4N1,1/31/2024,N375MT,"Ferry N375MT, S22T, to Paragon for annual."
CDW,1/31/2024,N375MT,"Ferry N375MT, S22T, to Paragon for annual."
LDJ,1/30/2024,N2170V,Ferry PA-32 from Linden to 4N1.
4N1,1/30/2024,N2170V,Ferry PA-32 from Linden to 4N1.
MSV,1/15/2024,N283WT,Fuel and pattern entry work with Sheldon
4N1,1/15/2024,N283WT,Fuel and pattern entry work with Sheldon
CDW,1/15/2024,N283WT,VFR tower and XWind pattern work with Sheldon
CDW,1/5/2024,N283WT,VFR solo return 3WT to 4N1 after oil change and landing light replacement
4N1,1/5/2024,N283WT,VFR solo return 3WT to 4N1 after oil change and landing light replacement
MGJ,1/5/2024,N283WT,Landings training.  Bust the SR22 rust.  W/Sheldon
4N1,1/2/2024,N476SP,Private Pilot 141 CFI checkout for Ryan Herman.
MGJ,1/2/2024,N476SP,Private Pilot 141 CFI checkout for Ryan Herman.
4N1,1/1/2024,N283WT,VFR to Paragon for landing light repair and oil change.
CDW,1/1/2024,N283WT,VFR to Paragon for landing light repair and oil change.
ACY,1/1/2024,N283WT,VFR Fm ACY to 4N1 w/Isa.  Isa flying
4N1,12/31/2023,N316AS,Renter checkout complete for James Straut.
CDW,12/31/2023,N283WT,To ACY w/Isa with training.  Gatspy party... NNY!
ACY,12/31/2023,N283WT,To ACY w/Isa with training.  Gatspy party... NNY!
DXR,12/31/2023,N657SP,Checkride prep with Alex.  Danbury pattern work.
POU,12/21/2023,N222R,"CG Aux Air.  KPOU, skyline route, EWR, KCDW"
CDW,12/21/2023,N222R,"CG Aux Air.  KPOU, skyline route, EWR, KCDW"
4N1,12/16/2023,N283WT,Night and delta training.  Sheldon
SWF,12/16/2023,N283WT,Night and delta training.  Sheldon
47N,12/15/2023,N4775F,Night currency with Kevin Morrison
CDW,12/15/2023,N4775F,Night currency with Kevin Morrison
12N,12/15/2023,N4775F,Night currency with Kevin Morrison
4N1,12/2/2023,N476SP,"Short, soft, power off 180"
4N1,11/29/2023,N657SP,Part 141 checkout for PPL with Ken Caroll
HPN,11/27/2023,N4775F,VFR Night currency for Andrew Tokar.
CDW,11/27/2023,N4775F,VFR Night currency for Andrew Tokar.
OXC,11/26/2023,N4775F,VFR Oxford to White Plains.  Left the plane there.
HPN,11/26/2023,N4775F,VFR Oxford to White Plains.  Left the plane there.
OWD,11/26/2023,N4775F,IFR to Oxford w/Andrew.  RNAV18
GON,11/26/2023,N4775F,IFR to Norwood w/Andrew Tokar.
CDW,11/26/2023,N4775F,IFP to KGON w/Andrew Tokar. ILS05
4N1,11/25/2023,N9563A,Flight PPL Prep and Endorsement for Alex Cameron Spitzer.  IACRA: BC1520367. SPL: 4532661
47N,11/23/2023,N283WT,VFR night home from fuel at Central Jersey from Thanksgiving diner.
4N1,11/23/2023,N283WT,VFR night home from fuel at Central Jersey from Thanksgiving diner.
N12,11/23/2023,N283WT,VFR night to fuel at central Jersey
GON,11/19/2023,N283WT,VFR Night XC & NYC Skyline Route w/Isa and Sarah
4N1,11/19/2023,N283WT,VFR Night XC & NYC Skyline Route w/Isa and Sarah
MGJ,11/19/2023,N283WT,For pattern work with Sheldon.  RWY26.
PVD,11/18/2023,N283WT,VFR XC night solo.  CGR to home.
4N1,11/18/2023,N283WT,VFR XC night solo.  CGR to home.
4N1,11/17/2023,N283WT,VFR XC solo to KPVD for CGR drill.
PVD,11/17/2023,N283WT,VFR XC solo to KPVD for CGR drill.
GED,11/12/2023,N283WT,VFR XC solo night. Delaware Reg to home.
4N1,11/12/2023,N283WT,VFR XC solo night. Delaware Reg to home.
ORF,11/12/2023,N283WT,VFR XC solo fro Norfolk to Delaware Regional for fuel
4N1,11/6/2023,N490SP,Final stage for Charles Smigen
WWD,11/5/2023,N283WT,VFR XC night out of TFR to 4N1.
4N1,11/5/2023,N283WT,VFR XC night out of TFR to 4N1.
4N1,11/4/2023,N657SP,Pattern work with Alex Spitzer.
MGJ,11/4/2023,N657SP,Pattern work with Alex Spitzer.
WWD,10/28/2023,N4775F,XC VFR with Andrew Tolkar and 1 lap at CDW.
CDW,10/28/2023,N4775F,XC VFR with Andrew Tolkar and 1 lap at CDW.
4N1,10/28/2023,N476SP,Pattern with Alex Spitzer returns
MGJ,10/28/2023,N476SP,Pattern with Alex Spitzer returns
4N1,10/27/2023,N490SP,Stage 3 check for Chaz- Pass
4N1,10/26/2023,N490SP,Instrument lesson for Mark Liedecker.
ACY,10/25/2023,N283WT,VFR from ACY to 4N1
4N1,10/25/2023,N283WT,VFR from ACY to 4N1
4N1,10/23/2023,N283WT,VFR to ACY with Bravo Clearance.  School Boards Workshop
ACY,10/23/2023,N283WT,VFR to ACY with Bravo Clearance.  School Boards Workshop
N12,10/22/2023,N283WT,VFR with Bravo clearance home.  Massive crosswind
4N1,10/22/2023,N283WT,VFR with Bravo clearance home.  Massive crosswind
WWD,10/22/2023,N283WT,"VFR to Lakewood.  Lunch with Mom, Dad, Aunt Joan"
4N1,10/20/2023,N283WT,IFR to KWWD. RNAV19
WWD,10/20/2023,N283WT,IFR to KWWD. RNAV19
4N1,10/19/2023,N283WT,VFR takeoffs and landings for Sheldon.
MGJ,10/19/2023,N283WT,VFR training for Andres.  ILS04 and RNAV24.
ISP,10/15/2023,N283WT,VFR XC night solo.  ISP to 4n1.
4N1,10/15/2023,N283WT,VFR XC night solo.  ISP to 4n1.
PVD,10/15/2023,N283WT,CGR.  VFR XC solo
HPN,10/13/2023,N283WT,VFR night solo XC fm White Plains to Providence. CG Drill Weekend
PVD,10/13/2023,N283WT,VFR night solo XC fm White Plains to Providence. CG Drill Weekend
4N1,10/13/2023,N283WT,Drop off Sheldon at White Plains
ALB,10/11/2023,N283WT,VFR XC ALB to home RNAV24 for Sheldon.
4N1,10/11/2023,N283WT,VFR XC ALB to home RNAV24 for Sheldon.
AOO,10/10/2023,N283WT,VFR night XC Altoona to Albany with Sheldon and Alex.
ALB,10/10/2023,N283WT,VFR night XC Altoona to Albany with Sheldon and Alex.
4N1,10/10/2023,N283WT,VFR XC with Sheldon and Alex Guerra to Altoona.
BAF,10/9/2023,N283WT,VFR XC night with Sheldon RNV24 practice.
4N1,10/9/2023,N283WT,VFR XC night with Sheldon RNV24 practice.
N40,9/30/2023,N283WT,VFR. T/Os and LNDGs for Sheldon at N40.  Power off 180.  RNAV06 at 4N1.
4N1,9/30/2023,N283WT,VFR. T/Os and LNDGs for Sheldon at N40.  Power off 180.  RNAV06 at 4N1.
CDW,9/28/2023,N4775F,High performance endorsement for kevin Morrison.
47N,9/21/2023,N4775F,VFR Night PA32 training with Andrew Tolkar
CDW,9/21/2023,N4775F,VFR Night PA32 training with Andrew Tolkar
ROC,9/17/2023,N4775F,IFP from Rochester to Caldwell.  W/ Andrew Tolkar.
CDW,9/17/2023,N4775F,IFP from Rochester to Caldwell.  W/ Andrew Tolkar.
PEO,9/17/2023,N4775F,Penn Yan to Rochester with Andrew Tolkar.
N89,9/16/2023,N4775F,VFR XC Ellensville to Caldwell.
CDW,9/16/2023,N4775F,VFR XC Ellensville to Caldwell.
MGJ,9/16/2023,N4775F,"Slow flight, stalls, steep turns, emergency landing, NAV"
N40,9/14/2023,N375MT,Return from Sky Manor.  Instrument instruction for Matt Kiburz.
4N1,9/14/2023,N375MT,Return from Sky Manor.  Instrument instruction for Matt Kiburz.
TTN,9/14/2023,N283WT,Home from Trenton with Rick Sporito
BAF,9/12/2023,N283WT,Westfield to home.  RNAV24 with Sheldon
4N1,9/12/2023,N283WT,Westfield to home.  RNAV24 with Sheldon
21N,9/12/2023,N283WT,21N to Mattituck restaurant closed. W/Sheldon
CDW,9/6/2023,N283WT,VFR solo reposition to 4n1
4N1,9/6/2023,N283WT,VFR solo reposition to 4n1
CDW,9/4/2023,N283WT,Pennridge & Central Jersey with Sheldon.
CKZ,9/4/2023,N283WT,Pennridge & Central Jersey with Sheldon.
47N,9/4/2023,N283WT,Pennridge & Central Jersey with Sheldon.
22N,9/4/2023,N4775F,PA32 with Kevin Morrison.
GON,9/3/2023,N283WT,Groton to Caldwell with Isa
CDW,9/3/2023,N283WT,Groton to Caldwell with Isa
ACK,9/3/2023,N283WT,Nantucket to Groton.
PWM,9/3/2023,N283WT,Portland to Nantucket
GON,9/1/2023,N283WT,"KGON to Portland with Isa, Brian, and Gina."
PWM,9/1/2023,N283WT,"KGON to Portland with Isa, Brian, and Gina."
CDW,9/1/2023,N283WT,To Groton with Isabel to pick up Brian and Gina.
N12,8/27/2023,N283WT,VFR Night skyline route with TEB transition back to Caldwell
CDW,8/27/2023,N283WT,VFR Night skyline route with TEB transition back to Caldwell
26N,8/27/2023,N283WT,Ocean City to Lakewood with Isa for dinner with parents and AJ
4N1,8/26/2023,N490SP,Final stage prep for Ryan Bauder
47N,8/22/2023,N4775F,Night work with Andrew from Central Jersey to Caldwell.
CDW,8/22/2023,N4775F,Night work with Andrew from Central Jersey to Caldwell.
MSV,8/22/2023,N4775F,"KMSV pattern, then Central Jersey for Pizza, with Andrew."
MSV,8/20/2023,N4775F,Back from MSV with Kevin.
CDW,8/20/2023,N4775F,Back from MSV with Kevin.
FOK,8/18/2023,N283WT,VFR flight home with Sheldon
CDW,8/18/2023,N283WT,VFR flight home with Sheldon
4N1,8/16/2023,N316AS,Stage 1 check Joe Padilla
06N,8/16/2023,N316AS,Stage 1 check Joe Padilla
LNS,8/13/2023,N283WT,VFR LNS to Caldwell.  Home from the weekend with Isa.
CDW,8/13/2023,N283WT,VFR LNS to Caldwell.  Home from the weekend with Isa.
ACY,8/12/2023,N283WT,VFR to Lancaster.  Barnstormers Game
LNS,8/12/2023,N283WT,VFR to Lancaster.  Barnstormers Game
CDW,8/11/2023,N283WT,VFR to ACY - Incubus Concert
ACY,8/11/2023,N283WT,VFR to ACY - Incubus Concert
N79,8/6/2023,N4775F,Final Leg of  N4775F pickup.  Kevin Morrison.
CDW,8/6/2023,N4775F,Final Leg of  N4775F pickup.  Kevin Morrison.
DUJ,8/6/2023,N4775F,"VFR 8th leg Dubois to Northumberland,PA."
BTP,8/6/2023,N4775F,7h leg Pittsburg Regional to Dubois Regional Andrew Tolkar
TSO,8/6/2023,N4775F,VFR Caroll County to Pittsburgh Regional.
LEX,8/6/2023,N4775F,"IFP from Lexington, KY to Cameron, Ohio. Kevin Morrison."
VLA,8/5/2023,N4775F,IFP 4th leg on N4775F pickup.  Kevin Morrison.  ILS22.
LEX,8/5/2023,N4775F,IFP 4th leg on N4775F pickup.  Kevin Morrison.  ILS22.
ALN,8/5/2023,N4775F,"Andrew Tolkar VFR to Vandalia, Illinois."
EZZ,8/5/2023,N4775F,"Cameron, MO to St. Louis Regional.  Andrew Tolkar in 4775F."
LBF,8/5/2023,N4775F,IFR pickup N4775F.  Kevin Morrison.
CDW,8/3/2023,N283WT,SR22 intro for Andres
MSV,8/3/2023,N283WT,SR22 intro for Andres
4N1,8/3/2023,N283WT,To Caldwell
MGJ,8/3/2023,N490SP,Annual 141 check.  ILS04 and RNAV24.
N12,7/31/2023,N283WT,VFR Night XC solo.  Home from Lakewood.
4N1,7/31/2023,N283WT,VFR Night XC solo.  Home from Lakewood.
ISP,7/30/2023,N283WT,ISP direct 4N1
4N1,7/30/2023,N283WT,ISP direct 4N1
MVY,7/30/2023,N283WT,Vineyard to Islip
GON,7/30/2023,N283WT,Groton to Islip with Isabel.
4N1,7/28/2023,N283WT,VFR to Groton with Isabel.
GON,7/28/2023,N283WT,VFR to Groton with Isabel.
4N1,7/24/2023,N283WT,Sheldon training on SR22
MSV,7/24/2023,N283WT,Sheldon training on SR22
PVC,7/23/2023,N283WT,VFR to Provincetown to home.
4N1,7/23/2023,N283WT,VFR to Provincetown to home.
PVD,7/23/2023,N283WT,VFR to to Provincetown with Sheldon and Isabel.
4N1,7/20/2023,N283WT,VFR to Providence with Isa
PVD,7/20/2023,N283WT,VFR to Providence with Isa
MGJ,7/20/2023,N283WT,VFR autopilot check and High Performance endorsement for Andrew
N79,7/19/2023,N283WT,VFR XC solo.  Northumberland to home.
4N1,7/19/2023,N283WT,VFR XC solo.  Northumberland to home.
5A1,7/19/2023,N283WT,"IFR XC Solo,  Norwalk-Huron, OH to Northumberland, PA"
SMD,7/19/2023,N283WT,"VFR XC Solo Smith Field, IN to Norwalk-Huron, OH"
ASW,7/19/2023,N283WT,"IFR embark lesson 2.  Joel Pierce, 2725472CFII"
SMD,7/18/2023,N283WT,Cirrus Embark VFR Lesson 5 & 6.  VFR transition complete.
C62,7/18/2023,N283WT,Cirrus Embark VFR Lesson 5 & 6.  VFR transition complete.
ASW,7/18/2023,N283WT,"Embark 3&4.  Short field, air work, electrical failures."
GWB,7/17/2023,N283WT,Embark flight 1. Maneuvers and Reposition to GWB.
SMD,7/17/2023,N283WT,Embark flight 1. Maneuvers and Reposition to GWB.
CDW,7/12/2023,N6371J,71J back from C&W
4N1,7/12/2023,N6371J,71J back from C&W
4N1,7/11/2023,N476SP,Pattern with Justin Torres.
4N1,7/10/2023,N6371J,71J to C&away for autopilot look.
CDW,7/10/2023,N6371J,71J to C&away for autopilot look.
4N1,7/8/2023,N476SP,Stage 3 for Rob Perillo complete
BTV,7/5/2023,N6371J,VFR XC Burlington to home.
4N1,7/5/2023,N6371J,VFR XC Burlington to home.
CYHU,7/5/2023,N6371J,IFR XC St Hubert to Burlington for Customs
4N1,6/30/2023,N6371J,"IFP 4N1 to St Hubert, CA.  Montreal.  Smoke and Rain.  ILS24R."
CYHU,6/30/2023,N6371J,"IFP 4N1 to St Hubert, CA.  Montreal.  Smoke and Rain.  ILS24R."
CDW,6/28/2023,N6371J,Repositioning 71J with Aaron Mermelstein.
4N1,6/28/2023,N6371J,Repositioning 71J with Aaron Mermelstein.
4N1,6/25/2023,N6371J,To Caldwell for static check
CDW,6/25/2023,N6371J,To Caldwell for static check
4N1,6/20/2023,N316AS,Instrument Stage 2 with Rob McQuillan.  Pass.
N82,6/20/2023,N316AS,Instrument Stage 2 with Rob McQuillan.  Pass.
N89,6/20/2023,N316AS,Instrument Stage 2 with Rob McQuillan.  Pass.
N07,6/19/2023,N3565M,PA32 solo to 4N1
4N1,6/19/2023,N3565M,PA32 solo to 4N1
N79,6/19/2023,N3565M,PA32 with Kevin Morrison VFR XC
LNS,6/19/2023,N3565M,PA32 with Kevin Morrison.  VFR XC.
AOO,6/19/2023,N3565M,PA32 with Kevin Morrison.  VFR XC.
4N1,6/18/2023,N490SP,Intro flight Mike and Cible
4N1,6/13/2023,N3565M,"Checkout with Terry Devin in N3565M, a PA-32."
MSV,6/13/2023,N3565M,"Checkout with Terry Devin in N3565M, a PA-32."
MGJ,6/13/2023,N3565M,"Checkout with Terry Devin in N3565M, a PA-32."
N07,6/13/2023,N3565M,"Checkout with Terry Devin in N3565M, a PA-32."
HVN,6/10/2023,N6371J,USCGR to New Haven for Murdock's retirement and back
N07,6/10/2023,N6371J,USCGR to New Haven for Murdock's retirement and back
4N1,6/8/2023,N6371J,Reposition to Lincoln Park for Airshow
N07,6/8/2023,N6371J,Reposition to Lincoln Park for Airshow
BLM,6/2/2023,N6371J,Flight home from conference with Mari Ann Sudell
4N1,6/2/2023,N6371J,Flight home from conference with Mari Ann Sudell
4N1,5/31/2023,N375MT,Flight review for Matt Kiburz.  SR22T.
MGJ,5/31/2023,N375MT,Flight review for Matt Kiburz.  SR22T.
ACY,5/29/2023,N6371J,Home from ACY.  Skyline route.
4N1,5/29/2023,N6371J,Home from ACY.  Skyline route.
4N1,5/28/2023,N6371J,VFR to KACY for Blink-182 at the AdjACent festival. with Isabel
ACY,5/28/2023,N6371J,VFR to KACY for Blink-182 at the AdjACent festival. with Isabel
BTV,5/27/2023,N222R,N222R BE58 from KBTV to KCDW
CDW,5/27/2023,N222R,N222R BE58 from KBTV to KCDW
4N1,5/26/2023,N6371J,"2 approaches, 1 hold. Sheldon Teperman safety pilot."
MGJ,5/26/2023,N6371J,"2 approaches, 1 hold. Sheldon Teperman safety pilot."
4N1,5/22/2023,N490SP,Stage 2 - unsat - Mina Girgis
PVD,5/21/2023,N6371J,"VFR home from KPVD, USCGR"
4N1,5/21/2023,N6371J,"VFR home from KPVD, USCGR"
4N1,5/20/2023,N6371J,IFP to PVD.  USCGR Drill weekend
PVD,5/20/2023,N6371J,IFP to PVD.  USCGR Drill weekend
4N1,5/18/2023,N9563A,CFI Interview Flight - Robert
4N1,5/14/2023,N476SP,Robert Parillo stage 3 part 1.  All but landings.
4N1,5/13/2023,N657SP,Dual given for CFI Steven.
4N1,5/10/2023,N316AS,Stage 2 check for Damon Webler.  Satisfactory
GON,5/7/2023,N6781M,Home from KCDW. 2 search patterns
CDW,5/7/2023,N6781M,Home from KCDW. 2 search patterns
HYA,5/6/2023,N6371J,Home from Hyannis CCTI USCGR
4N1,5/6/2023,N6371J,Home from Hyannis CCTI USCGR
4N1,5/5/2023,N6371J,IFR to Hyannis.  Lots of IMC.  Ice at 7000.  Requested 5k.
HYA,5/5/2023,N6371J,IFR to Hyannis.  Lots of IMC.  Ice at 7000.  Requested 5k.
MIV,5/5/2023,N6371J,VFR home from School Security Seminar
4N1,5/4/2023,N316AS,Stage 1 check.  Satisfactory.
4N1,4/25/2023,N490SP,Instrument stage check 1 with Rob McQuillian.  Satisfactory.
4N1,4/24/2023,N657SP,Checkride prep with Ron
PVD,4/24/2023,N6371J,"USCGR home from KPVD.  Took off IMC 800 foot ceiling.  Cancelled IFR after an hour in VMC, VMC landing."
4N1,4/21/2023,N6371J,USCGR to PVD.  Needed an IFR clearance for ILS34.
PVD,4/21/2023,N6371J,USCGR to PVD.  Needed an IFR clearance for ILS34.
4N1,4/15/2023,N316AS,"Instrument Lesson with Sheldon.  IFP, IMC.  ILS, RNAV."
MMU,4/15/2023,N316AS,"Instrument Lesson with Sheldon.  IFP, IMC.  ILS, RNAV."
4N1,4/14/2023,N476SP,Victor Antipenko
4N1,4/13/2023,N490SP,Ryan De Bon Checkride prep
06N,4/13/2023,N490SP,Ryan De Bon Checkride prep
N40,4/12/2023,N6371J,Sky Acers to home
4N1,4/12/2023,N6371J,Sky Acers to home
VKX,4/12/2023,N6371J,IFP Potomac to Sky Acres.
4N1,4/11/2023,N6371J,IFP into FRZ for USCGR
VKX,4/11/2023,N6371J,IFP into FRZ for USCGR
N89,4/11/2023,N6371J,Pick up 71J from annual
HZL,4/10/2023,N657SP,Home from Hazelton
4N1,4/10/2023,N657SP,Home from Hazelton
MGJ,4/9/2023,N476SP,Checkride prep with Alex
4N1,4/9/2023,N476SP,Checkride prep with Alex
4N1,4/8/2023,N476SP,ILS and pattern work with Sheldon.
HZL,4/8/2023,N476SP,Flight home with Alex from HZL
FWN,4/8/2023,N476SP,Final stage check - Andreas Meyer
4N1,4/4/2023,N476SP,Stage 3 - Andreas Meyer
06N,4/4/2023,N476SP,Stage 3 - Andreas Meyer
4N1,3/27/2023,N6371J,To and from N89. Drop off w/Kate for annual.
N89,3/27/2023,N6371J,To and from N89. Drop off w/Kate for annual.
PVD,3/26/2023,N6371J,Brutal headwind home from KPVD.  USCGR weekend.
4N1,3/26/2023,N6371J,Brutal headwind home from KPVD.  USCGR weekend.
4N1,3/24/2023,N6371J,VFR XC solo to KPVD. To drill for USCGR
PVD,3/24/2023,N6371J,VFR XC solo to KPVD. To drill for USCGR
4N1,3/22/2023,N476SP,Stage 1 check with Mina Girgis - Sat.
4N1,3/18/2023,N2363S,Post op currency check for Dennis
4N1,3/16/2023,N476SP,Stage 1 check Mica - unsat
ISP,3/12/2023,N6371J,Home from ISP with Isa
4N1,3/12/2023,N6371J,Home from ISP with Isa
4N1,3/9/2023,N6371J,Night currency 5 T/O and Landings to full stop.
4N1,3/1/2023,N657SP,Stage check prep for Rob M.
4N1,2/27/2023,N172SP,"BATD at 4N1 KMGJ: ILS04, VOR8, hold at HUO KSWF: ILS09 4N1: RNAV24, RNAV06, hold at WEKAS"
MGJ,2/27/2023,N172SP,"BATD at 4N1 KMGJ: ILS04, VOR8, hold at HUO KSWF: ILS09 4N1: RNAV24, RNAV06, hold at WEKAS"
SWF,2/27/2023,N172SP,"BATD at 4N1 KMGJ: ILS04, VOR8, hold at HUO KSWF: ILS09 4N1: RNAV24, RNAV06, hold at WEKAS"
4N1,2/20/2023,N490SP,Stage 1 check for Ronald Castillo.
4N1,2/18/2023,N657SP,Check Ride Prep for Andrew Tolkar.
12N,2/18/2023,N657SP,Check Ride Prep for Andrew Tolkar.
4N1,2/12/2023,N316AS,Stage 1 Instrument Check for Brenton VanBeke
4N1,2/11/2023,N6371J,Flight After fuel maintain w/Isa
4N1,1/29/2023,N476SP,Check ride prep with Alex Spitzer
12N,1/29/2023,N476SP,Check ride prep with Alex Spitzer
N05,1/29/2023,N476SP,Check ride prep with Alex Spitzer
MMU,1/29/2023,N476SP,Check ride prep with Alex Spitzer
FWN,1/29/2023,N476SP,Stage 3 check.  Andrew Tolkar.
4N1,1/28/2023,N657SP,Stage 2 check for Robert McQuillan
1B1,1/28/2023,N657SP,Stage 2 check for Robert McQuillan
FWN,1/28/2023,N657SP,Stage 3 check for Kevin Morrison.
UUU,1/21/2023,N6371J,Home from Castle Hill.
4N1,1/21/2023,N6371J,Home from Castle Hill.
4N1,1/16/2023,N316AS,Currency and C172 checkout for Matt Kiburz
MGJ,1/16/2023,N316AS,Currency and C172 checkout for Matt Kiburz
4N1,1/8/2023,N6371J,N6371J flight.   Night currency.
MGJ,1/8/2023,N6371J,N6371J flight.   Night currency.
LEE,1/7/2023,N365C,"ASES Commercial Checkride, Satisfactory.  SunAir. Rob Galloway, 999996151DPE, Exp 03/23."
LEE,1/6/2023,N365C,CSES training with Mercer Lee
LEE,1/5/2023,N456TH,BE76 Beechcraft Duchess Training.  Multi engine currency.
LEE,1/4/2023,N365C,"CSES Training Per ACS.  CFI Mercer Lee, 3808366CFII Exp 12/24"
EYW,12/15/2022,N7336J,"Key West, Master WINGS with Kyle."
EYW,12/4/2022,N7336J,"Checkout with Kyle Campbell, 373572CFI, exp 9/23."
EYW,11/16/2022,N92CM,Flight in Brown bomber with CP
EYW,11/12/2022,N92CM,"Checkout to rent N92CM, Cessna 182, N model."
4N1,10/30/2022,N657SP,Stage 3 check for Aaron M.
N12,10/29/2022,N6371J,Home from Lakewood
4N1,10/29/2022,N6371J,Home from Lakewood
N07,10/23/2022,N6371J,Bring 71J home to 4N1.
4N1,10/23/2022,N6371J,Bring 71J home to 4N1.
WWD,10/22/2022,N316AS,Inst lesson 17 wi5 Sheldon and Jaymes.  Home from Cape May.
4N1,10/22/2022,N316AS,Inst lesson 17 wi5 Sheldon and Jaymes.  Home from Cape May.
4N1,10/21/2022,N490SP,VFR night nori night to CDW and then solo back to 4N1.
CDW,10/21/2022,N490SP,VFR night nori night to CDW and then solo back to 4N1.
CDW,10/19/2022,N490SP,CFI Checkout with Chris Straub. Sat.
PVD,10/16/2022,N6371J,VFR home from KPVD
N07,10/16/2022,N6371J,VFR home from KPVD
EWB,10/15/2022,N6371J,VFR reposition from New Brunswick to Providence
PVD,10/15/2022,N6371J,VFR reposition from New Brunswick to Providence
N07,10/14/2022,N6371J,IFP XC solo USCGR
EWB,10/14/2022,N6371J,IFP XC solo USCGR
CDW,10/12/2022,N490SP,CFI checkout with Chris Straub
FWN,10/12/2022,N490SP,CFI checkout with Chris Straub
CDW,10/10/2022,N7901G,Night work with Adam Raines.
MGJ,10/10/2022,N7901G,Night work with Adam Raines.
CDW,10/8/2022,N316AS,Instrument flight for Sheldon.
12N,10/8/2022,N657SP,VFR - interview flight for CFI Chris Straub
1B1,10/8/2022,N657SP,VFR XC dual stage check 2.  Kevin Morrison.
CDW,9/30/2022,N316AS,VFR night with Andrew T
4N1,9/30/2022,N316AS,Reposition 316AS to KCDW.
MGJ,9/30/2022,N316AS,Instrument stage check 2 for Ryan Herman.
N07,9/30/2022,N6371J,VFR solo to N07
4N1,9/27/2022,N6371J,VFR solo to Sullivan KMSV
MSV,9/27/2022,N6371J,VFR solo to Sullivan KMSV
4N1,9/25/2022,N316AS,Lesson 9 & 10 instrument with Sheldon
CDW,9/24/2022,N222R,USCG Aux fm cape cod.  BFR Prep for Larry Williamson
4N1,9/21/2022,N411ML,Flight with Lou.
MGJ,9/21/2022,N316AS,Assistant Chief Instructor Checkride.  Chez Fogel
ACY,9/18/2022,N6371J,VFR XC home from ACY
4N1,9/18/2022,N6371J,VFR XC home from ACY
4N1,9/17/2022,N6371J,VFR XC to Atlantic City
ACY,9/17/2022,N6371J,VFR XC to Atlantic City
4N1,9/13/2022,N490SP,Lesson with Major John on landings.
MGJ,9/13/2022,N490SP,Lesson with Major John on landings.
4N1,9/10/2022,N657SP,Re-intro flight with Bob from Hawthorne
MGJ,9/10/2022,N657SP,Re-intro flight with Bob from Hawthorne
PVD,9/4/2022,N6371J,VFR home from KPVD
4N1,9/4/2022,N6371J,VFR home from KPVD
4N1,9/3/2022,N6371J,VFR to Providence
PVD,9/3/2022,N6371J,VFR to Providence
4N1,9/2/2022,N8511N,Instrument instruction for Brian Kendergain
MGJ,9/2/2022,N8511N,Instrument instruction for Brian Kendergain
4N1,8/28/2022,N6371J,Skyline Route - Isabele
ISP,8/27/2022,N6371J,VFR night from KISP
4N1,8/27/2022,N6371J,VFR night from KISP
MGJ,8/27/2022,N8511N,VFR approaches with Brian Kindergan.
FRG,8/26/2022,N6371J,VFR night to 4N1 with a go around at 4n1 for deer
4N1,8/26/2022,N6371J,VFR night to 4N1 with a go around at 4n1 for deer
BID,8/26/2022,N6371J,VFR back to Republic with Isabele.  Weather avoidance.
4N1,8/21/2022,N476SP,"Lesson with Sarah Z .  Stall power off, Flaps failure, xwind no-flaps landing."
ABE,8/21/2022,N316AS,IFP with Sheldon.  KABE ILS24.
4N1,8/20/2022,N8511N,Instrument given.  Brian Kindergan.  Cherokee 235.  KMGJ ILS04 & VOR08.  4N1 RNAV06 &24.  2 Holds
MGJ,8/20/2022,N8511N,Instrument given.  Brian Kindergan.  Cherokee 235.  KMGJ ILS04 & VOR08.  4N1 RNAV06 &24.  2 Holds
4N1,8/15/2022,N657SP,Final stage check prep - Justin Smith.
MGJ,8/15/2022,N657SP,Final stage check prep - Justin Smith.
4N1,8/14/2022,N316AS,Solo endorsement check for Dov Stark.  90 day solo & solo to KMGJ
MGJ,8/14/2022,N316AS,Solo endorsement check for Dov Stark.  90 day solo & solo to KMGJ
4N1,8/13/2022,N476SP,Lesson 25 for Justin Smith.  Stage 3 check.
12N,8/13/2022,N476SP,Lesson 25 for Justin Smith.  Stage 3 check.
FWN,8/13/2022,N476SP,Lesson 25 for Justin Smith.  Stage 3 check.
4N1,8/12/2022,N476SP,Lesson 24 for Justin Smith.
MGJ,8/12/2022,N476SP,Lesson 24 for Justin Smith.
ISP,8/11/2022,N6371J,VFR Night XC solo.  Home from Islip.
4N1,8/11/2022,N6371J,VFR Night XC solo.  Home from Islip.
4N1,8/10/2022,N476SP,"Aiden Manga check ride prep.  Short, soft, normal, and power off 180"
ESN,8/7/2022,N6371J,VFR XC solo.  Easton to home. Go around. XWind LNDG.
4N1,8/7/2022,N6371J,VFR XC solo.  Easton to home. Go around. XWind LNDG.
RWI,8/7/2022,N6371J,"IFP XC solo.  Rocky Mount to Easton, MD.  Lunch with Sarah and John Hill."
SAV,8/7/2022,N6371J,IFP XC Solo.  Savannah to Rocky Mount.  RNAV04 at KRWI.
SSI,8/6/2022,N6371J,VFR XC from ST Simmons back to SAV.
SAV,8/6/2022,N6371J,VFR XC from ST Simmons back to SAV.
OFP,8/5/2022,N6371J,VFR XC solo.  Hannover to Savannah.
SAV,8/5/2022,N6371J,VFR XC solo.  Hannover to Savannah.
FCI,8/5/2022,N6371J,"ATP Single Engine Practical Exam.  DPE John Phelps, examiner Number 999995474.  Expires 5/31/2023."
OFP,8/4/2022,N6371J,"3 approaches, 2 holds.  VFR with Wayne Bullock."
FCI,8/4/2022,N6371J,"3 approaches, 2 holds.  VFR with Wayne Bullock."
OFP,8/3/2022,N6371J,VFR solo maneuvers and Checkride prep.  No flaps landing.
FCI,8/3/2022,N6371J,VFR solo maneuvers and Checkride prep.  No flaps landing.
OFP,8/2/2022,N6371J,"Instrument take-off, go around, missed approach, holding, ILS33."
FCI,8/2/2022,N6371J,"Instrument take-off, go around, missed approach, holding, ILS33."
OFP,8/1/2022,N6371J,"Dual received.  Stall series, steep turns, RNAV28 at KXSA to missed.  Wayne Bullock, 1969084CFII, exp 4/2024."
XSA,8/1/2022,N6371J,"Dual received.  Stall series, steep turns, RNAV28 at KXSA to missed.  Wayne Bullock, 1969084CFII, exp 4/2024."
4N1,7/31/2022,N6371J,VFR XC solo.  To Hanover County.
OFP,7/31/2022,N6371J,VFR XC solo.  To Hanover County.
PVD,7/27/2022,N6371J,VFR XC solo.  USCGR home from Providence.
4N1,7/27/2022,N6371J,VFR XC solo.  USCGR home from Providence.
EWB,7/25/2022,N6371J,IFP solo actual. New Bedford to Providence. Gusty.  ILS23.
PVD,7/25/2022,N6371J,IFP solo actual. New Bedford to Providence. Gusty.  ILS23.
PVC,7/25/2022,N6371J,IFP from Provincetown to New Bedford.  Actual.  Gusty.  RNAV23.
EWB,7/23/2022,N6371J,New Bedford to Provincetown with Brian and Gina.
PVC,7/23/2022,N6371J,New Bedford to Provincetown with Brian and Gina.
4N1,7/23/2022,N6371J,"VFR XC solo to New Bedford, MA, KEWB."
GON,7/22/2022,N6371J,VFR XC solo.  Home from Groton.
4N1,7/22/2022,N6371J,VFR XC solo.  Home from Groton.
4N1,7/21/2022,N6371J,IFP to Groton.  Actual. RNAV23.  With Jessica Karklin to 3EB concert.
GON,7/21/2022,N6371J,IFP to Groton.  Actual. RNAV23.  With Jessica Karklin to 3EB concert.
4N1,7/20/2022,N657SP,CPL night towered landings with Jack Heublum.
SWF,7/20/2022,N657SP,CPL night towered landings with Jack Heublum.
FRG,7/20/2022,N6371J,Home from Farmingdale
BDR,7/20/2022,N744JN,PPL part 61 prep with Aiden Sachs
GON,7/20/2022,N744JN,PPL pt 61 prep with Aiden Sachs
4N1,7/19/2022,N657SP,Night local with Andres Mayer. Lesson 17.
MGJ,7/19/2022,N657SP,Night local with Andres Mayer. Lesson 17.
4N1,7/17/2022,N316AS,Intro to instrument with Sheldon.
SWF,7/17/2022,N316AS,Intro to instrument with Sheldon.
4N1,7/16/2022,N657SP,"Final course Check completion with Aiden Manga, satisfactory."
4N1,7/15/2022,N490SP,141 annual currency check with Chief Pilot Dr. Rich Mardello.
MGJ,7/15/2022,N490SP,141 annual currency check with Chief Pilot Dr. Rich Mardello.
4N1,7/14/2022,N476SP,Sarah Zambriske.  Presolo stage check prep.
4N1,7/13/2022,N316AS,Lesson 8 Presolo prep for Hudson Eisle.
4N1,7/10/2022,N316AS,Rich Kobe tower and ATC work.
POU,7/10/2022,N316AS,Rich Kobe tower and ATC work.
MGJ,7/10/2022,N490SP,Sarah Z.  Take offs and landings.
12N,7/10/2022,N476SP,Aiden Manga pre-stage 3 check.
FWN,7/10/2022,N476SP,Aiden Manga pre-stage 3 check.
4N1,7/9/2022,N6371J,C172 orientation for Nouri
MGJ,7/9/2022,N657SP,Lesson 3 with Nick Mack.
POU,7/9/2022,N316AS,Inst lesson with Sheldon Teperman.  ILS06 at KPOU and RNAV24 at 4N1.
4N1,7/7/2022,N657SP,Lesson with Sarah Z.  Mostly landings. Some sim inst and slow flight.
GON,7/5/2022,N6371J,VFR XC gps direct.
4N1,7/5/2022,N6371J,VFR XC gps direct.
PBG,7/4/2022,N6371J,Plattsburgh to Groton with Brian and Gina. IFP. Actual. Visual RNAV23.
GON,7/4/2022,N6371J,Plattsburgh to Groton with Brian and Gina. IFP. Actual. Visual RNAV23.
4N1,7/1/2022,N6371J,To Plattsburgh with Brian and Gina.
PBG,7/1/2022,N6371J,To Plattsburgh with Brian and Gina.
4N1,6/30/2022,N316AS,Work with Sheldon on WIRE and Xwinds
MGJ,6/29/2022,N6371J,VFR night landings night currency.
4N1,6/29/2022,N6371J,VFR night landings night currency.
FRG,6/29/2022,N744JN,"First flight with Aiden Sachs.  Slow flight, Stalls, steep turns, pattern."
4N1,6/28/2022,N9563A,Stalls and pattern work.  W/Andy Sanchez
4N1,6/26/2022,N9563A,C172 check out with Tom Cenicola
MGJ,6/26/2022,N9563A,C172 check out with Tom Cenicola
SWF,6/26/2022,N316AS,Tower work with Dov Stark
4N1,6/25/2022,N9563A,"Steep turns, hood work, landing practice with Andrew Tolan"
N89,6/25/2022,N316AS,Flight with Sheldon to a Resnick.
OXC,6/25/2022,N316AS,Instrument flight lesson 21 with Daniel Baez.
4N1,6/24/2022,N476SP,Tim Krasnopolskyi - pre stage 1 flight.
4N1,6/20/2022,N490SP,XC tower work with Alex Spitzer.
BDR,6/20/2022,N490SP,XC tower work with Alex Spitzer.
4N1,6/19/2022,N657SP,Crosswind Takeoffs and landings with Andy Sanchez.
MGJ,6/19/2022,N657SP,Crosswind Takeoffs and landings with Andy Sanchez.
N12,6/18/2022,N6371J,Lakewood USCG sandy hook
4N1,6/18/2022,N6371J,Lakewood USCG sandy hook
4N1,6/15/2022,N657SP,C172 orientation for Sergio
SWF,6/15/2022,N657SP,C172 orientation for Sergio
MGJ,6/15/2022,N657SP,C172 orientation for Sergio
12N,6/15/2022,N657SP,C172 orientation for Sergio
4N1,6/5/2022,N6371J,"Approaches with Tim Torchia.  ILS04 at KMGJ, hold at WAMUV, RNAV24 at 4N1."
MGJ,6/5/2022,N6371J,"Approaches with Tim Torchia.  ILS04 at KMGJ, hold at WAMUV, RNAV24 at 4N1."
4N1,5/30/2022,N476SP,"Presolo work, T/Os and LNDGs.  Aaron mermelstein."
MGJ,5/30/2022,N476SP,"Presolo work, T/Os and LNDGs.  Aaron mermelstein."
4N1,5/29/2022,N476SP,Stage Check 1 with Andres Mayer.
12N,5/29/2022,N657SP,Stage Check 3 with Brenton VanBeke.
BID,5/25/2022,N6371J,VFR night XC home from block island.
4N1,5/25/2022,N6371J,VFR night XC home from block island.
GON,5/25/2022,N6371J,VFR night XC home from block island.
MTP,5/25/2022,N6371J,Spring Flyout Challenge 2022.  Montauk to Block Island.
42B,5/25/2022,N6371J,Spring Flyout Challenge 2022.  Goodspeed to Montauk.
4N1,5/15/2022,N316AS,Lesson 3 with Hudson
SWF,5/15/2022,N316AS,IFR training with Daniel Baez.  ILS 27 and RNAV24 with a hold.
RDG,5/11/2022,N6371J,VFR solo XC home from Reading
4N1,5/11/2022,N6371J,VFR solo XC home from Reading
N07,5/11/2022,N6371J,Spring Fly Out Challenge 2022.  VFR solo.  Lincoln Park & Reading.
4N1,5/8/2022,N316AS,Nick Anzano.  Commercial pt 61.  Take offs landings and steep turns.
MGJ,5/8/2022,N316AS,Nick Anzano.  Commercial pt 61.  Take offs landings and steep turns.
4N1,5/1/2022,N9563A,Lesson 4 with Aaron Metersfield
MGJ,5/1/2022,N476SP,Stage 3 prep with Aiden
12N,5/1/2022,N316AS,VFR with Nick Anzano short and soft field takeoffs at Areoflex.
N89,4/30/2022,N6371J,"VFR solo, pick up 71J."
4N1,4/30/2022,N6371J,"VFR solo, pick up 71J."
4N1,4/27/2022,N6371J,VFR solo to Resnick to drop off 71J with Kate
N89,4/27/2022,N6371J,VFR solo to Resnick to drop off 71J with Kate
4N1,4/24/2022,N476SP,Lucas Warner.  Pre solo check. Needs more work
1B1,4/24/2022,N476SP,"Alex Spitzer, XC dual to Columbia County"
HYA,4/23/2022,N6371J,VFR XC Solo.  Hyannis to home USCGR
4N1,4/23/2022,N6371J,VFR XC Solo.  Hyannis to home USCGR
4N1,4/22/2022,N6371J,VFR solo XC to Hyannis for USCGR drill
HYA,4/22/2022,N6371J,VFR solo XC to Hyannis for USCGR drill
4N1,4/20/2022,N6371J,VFR solo pattern RWY04
MGJ,4/20/2022,N6371J,VFR solo pattern RWY04
MGJ,4/15/2022,N476SP,VFR home w/ Alex
4N1,4/15/2022,N476SP,VFR home w/ Alex
N66,4/13/2022,N6371J,VFR Night XC from N66 with Peter and Molly.
4N1,4/13/2022,N6371J,VFR Night XC from N66 with Peter and Molly.
4N1,4/12/2022,N490SP,Instrument training for Mark Beeby.  ILS27 at KSWF.  RNAV 06&24 + hold at 4N1.
OXC,4/10/2022,N6371J,VFR home with Joe I.  Loop over upper Greenwood lake.
4N1,4/10/2022,N6371J,VFR home with Joe I.  Loop over upper Greenwood lake.
4N1,4/9/2022,N6371J,To OXC with Joe I. for Brian's bachelor party.
OXC,4/9/2022,N6371J,To OXC with Joe I. for Brian's bachelor party.
4N1,4/5/2022,N490SP,VFR w/ Michael Dong.  XWind landing. Go arounds.
SMQ,4/5/2022,N6371J,VFR solo home from Somerset.
39N,4/5/2022,N6371J,VFR aux air Checkride with Ken Hoeg.  RNAV 10 & 28  sim inst.
N89,4/4/2022,N6371J,"VFR Solo from Resnick to KMGJ, to 4N1.  Turns around a point, steep turns, STurns, stalls, VOR check over High Point."
4N1,4/4/2022,N6371J,"VFR Solo from Resnick to KMGJ, to 4N1.  Turns around a point, steep turns, STurns, stalls, VOR check over High Point."
MGJ,4/4/2022,N6371J,"VFR Solo from Resnick to KMGJ, to 4N1.  Turns around a point, steep turns, STurns, stalls, VOR check over High Point."
4N1,3/30/2022,N6371J,VFR solo to Resnick to pick up Kate.
N89,3/30/2022,N6371J,VFR solo to Resnick to pick up Kate.
4N1,3/26/2022,N9563A,Intro flight for Vernon guy.
4N1,3/18/2022,N476SP,Lesson 7 with Justin Smith.
4N1,3/16/2022,N9563A,Lesson 7 for Justin Smith
1N7,3/16/2022,N516AB,Flight review for Eric Detmer.
N07,3/16/2022,N516AB,Flight review for Eric Detmer.
FWN,3/16/2022,N516AB,Flight review for Eric Detmer.
ISP,3/15/2022,N6371J,VFR to 4N1. XC night solo.
4N1,3/15/2022,N6371J,VFR to 4N1. XC night solo.
4N1,3/14/2022,N657SP,Intro lesson for Brandon with Kelly.
4N1,3/5/2022,N657SP,Intro flight 2x for Techdo couple (From Georgia)
FWN,3/5/2022,N657SP,Intro flight 2x for Techdo couple (From Georgia)
POU,3/5/2022,N316AS,Sheldon flight following and tower work.
4N1,3/4/2022,N6371J,Night currency. 3 night take offs and landings to full stop.
TTN,3/4/2022,N6371J,VFR XC solo.  Home from Trenton.  PIREP & flight following.
4N1,3/2/2022,N6371J,VFR XC solo to Trenton.
TTN,3/2/2022,N6371J,VFR XC solo to Trenton.
TTN,3/1/2022,N6371J,VFR XC solo from Trenton to 4N1
4N1,3/1/2022,N6371J,VFR XC solo from Trenton to 4N1
1N7,2/26/2022,N6371J,VFR Solo Blairstown to Trenton.  One lap in the pattern at Blairstown.
TTN,2/26/2022,N6371J,VFR Solo Blairstown to Trenton.  One lap in the pattern at Blairstown.
4N1,2/26/2022,N6371J,VFR solo to Blairstown
MGJ,2/26/2022,N476SP,XWind work with Alex Spitzer Orange County and home.
4N1,2/21/2022,N657SP,Intro flight for Hannah Mermelstein.
06N,2/21/2022,N657SP,VFR presolo check stage 1 unsat with Avri Levovitz
12N,2/21/2022,N316AS,"VFR G1000 NAV training with Sheldon.  Short field work at Aeroflex,"
4N1,2/20/2022,N657SP,VFR Checkride prep with Chuck S.
N07,2/20/2022,N657SP,VFR Checkride prep with Chuck S.
06N,2/20/2022,N9563A,Check ride prep with Ben A.
LNS,2/15/2022,N2391Q,VFR.  TOs and landings.  Tower work.
1N7,2/15/2022,N2391Q,VFR.  TOs and landings.  Tower work.
RDG,2/15/2022,N2391Q,VFR.  TOs and landings.  Tower work.
ABE,2/15/2022,N2391Q,VFR.  TOs and landings.  Tower work.
ABE,2/11/2022,N657SP,VFR night XC with Alex Spitzer.  2 night landings at 4N1.
4N1,2/11/2022,N657SP,VFR night XC with Alex Spitzer.  2 night landings at 4N1.
44N,2/6/2022,N6371J,Home from sky acres with Brian
4N1,2/6/2022,N6371J,Home from sky acres with Brian
12N,2/6/2022,N476SP,Checkride prep with Aden manga.  Stalls. Soft & short field.
4N1,1/23/2022,N657SP,Intro flight with Hosumi Batillo
1B1,1/23/2022,N657SP,VFR XC dual with Alex Spitzer. lesson 17. 1 lap at 1B1 and go around at 4N1.
4N1,1/8/2022,N476SP,VFR Night Lesson 16 w/ Alex Spitzer. 7 total night landings.
MGJ,1/8/2022,N476SP,VFR Night Lesson 16 w/ Alex Spitzer. 7 total night landings.
1N7,1/8/2022,N6371J,VFR solo. 1N7 direct 4N1
LNS,1/8/2022,N6371J,Lancaster to Blairstown with Nick Lerro safety pilot. RNAV25 VTF.
ABE,1/8/2022,N6371J,"VFR approaches with Nick Lerro safety pilot.  KABE ILS06, KRDG ILS36 w/hold, KLNS VOR08."
RDG,1/8/2022,N6371J,"VFR approaches with Nick Lerro safety pilot.  KABE ILS06, KRDG ILS36 w/hold, KLNS VOR08."
4N1,1/4/2022,N6371J,VFR. Skyline route with Maria.
ISP,12/5/2021,N6371J,VFR night XC solo
4N1,12/5/2021,N6371J,VFR night XC solo
DXR,12/5/2021,N6371J,VFR Danbury to Islip with Peter.
44N,12/5/2021,N657SP,"Lesson 15 w/ Alex Spitzer.  Alternator failure.  Straight in, no flaps landing."
SWF,12/5/2021,N657SP,"Lesson 15 w/ Alex Spitzer.  Alternator failure.  Straight in, no flaps landing."
ISP,12/4/2021,N6371J,VFR solo XC direct 4N1
4N1,12/4/2021,N6371J,VFR solo XC direct 4N1
DXR,12/4/2021,N6371J,VFR fm Danbury to Islip
FOK,12/4/2021,N6371J,VFR to Danbury
4N1,11/28/2021,N657SP,Pattern work with Roberto Flogar
1B1,11/24/2021,N6371J,VFR XC solo night.  Visual RNAV24 at 4N1.
4N1,11/24/2021,N6371J,VFR XC solo night.  Visual RNAV24 at 4N1.
FWN,11/21/2021,N476SP,Crosswind landings with Alex at 4N1.
4N1,11/21/2021,N476SP,Crosswind landings with Alex at 4N1.
12N,11/21/2021,N476SP,Andover for short field with Alex Spitzer.  KFWN for short field.
4N1,11/20/2021,N316AS,VFR lesson with Sheldon
POU,11/20/2021,N316AS,VFR lesson with Sheldon
MGJ,11/20/2021,N316AS,VFR lesson with Sheldon
FWN,11/20/2021,N6371J,VFR solo fm Sussex to 4N1
CDW,11/17/2021,N375MT,VFR Night solo.  Matt's Cirrus from Paragon to 4N1.
4N1,11/17/2021,N375MT,VFR Night solo.  Matt's Cirrus from Paragon to 4N1.
4N1,11/14/2021,N657SP,Alex Spitzer presolo prep.  Alex's first solo!
FWN,11/14/2021,N476SP,Stage 3 prep with Chuck.
N45,11/14/2021,N657SP,"Ryan Provost, Checkride prep."
MGJ,11/14/2021,N657SP,"Ryan Provost, Checkride prep."
N12,11/11/2021,N6371J,Home from Lakewood
4N1,11/11/2021,N6371J,Home from Lakewood
4N1,11/7/2021,N490SP,"Presolo work, pt 61 with Jimmy John."
MGJ,11/7/2021,N490SP,Pre solo work with Alex Spitzer
4N1,11/6/2021,N657SP,Stage 2 check for Benton
GON,11/6/2021,N6371J,VFR XC solo.  Home from KGON. Heated hangar
4N1,11/5/2021,N6371J,"VFR XC solo, last Sandlewood Lane Weekend"
GON,11/5/2021,N6371J,"VFR XC solo, last Sandlewood Lane Weekend"
HPN,11/5/2021,N375MT,Back from White Plains with Matt.
4N1,11/4/2021,N375MT,"VFR XC cirrus intro with Brandon Melendez, 3823363CFI, exp02/22."
ABE,11/4/2021,N375MT,"VFR XC cirrus intro with Brandon Melendez, 3823363CFI, exp02/22."
1B1,11/4/2021,N375MT,"VFR XC with Brandon Melendez 3823363CFI, exp02/22"
MGJ,11/4/2021,N316AS,Lesson 16 with Aiden Manga.
BAF,11/4/2021,N375MT,VFR Westfield to Columbia county.  Landing practice.
4N1,11/3/2021,N375MT,"VFR cirrus introduction, XC, night. With Brandon Melendez, 3823763CFI, exp 02/22."
ACY,11/3/2021,N375MT,"VFR cirrus introduction, XC, night. With Brandon Melendez, 3823763CFI, exp 02/22."
4N1,10/31/2021,N490SP,"X-wind and pattern work, stall series, w/Jason"
MGJ,10/31/2021,N490SP,"X-wind and pattern work, stall series, w/Jason"
4N1,10/30/2021,N316AS,"IFP actual with Keith ILS at Stewart, RNAV24 at 4N1"
SWF,10/30/2021,N316AS,"IFP actual with Keith ILS at Stewart, RNAV24 at 4N1"
4N1,10/28/2021,N2363S,Flight Review for Dennis Schoenrock PPL 3206566.
4N1,10/24/2021,N316AS,Pattern work with Rich Cole.  Power off 180.
MMK,10/24/2021,N6371J,VFR XC solo home from Jeff & Lisa's wedding.
4N1,10/23/2021,N6371J,Pre solo work with Alex Spitzer.
MMK,10/23/2021,N6371J,VFR XC solo to Lisa and Jeff's wedding
4N1,10/17/2021,N657SP,Presolo prep with Alex Spitzer.
FRG,10/17/2021,N316AS,"IFP to republic, RNAV31 and RNAV24.  Actual and 1.7 instrument given."
4N1,10/8/2021,N6371J,"VFR solo.  Pics of track, commercial maneuvers over practice area."
SWF,10/7/2021,N6064P,VFR Solo reposition flight
4N1,10/7/2021,N6064P,VFR Solo reposition flight
4N1,10/3/2021,N316AS,Flight Review work with Morochai Elkobi
44N,10/3/2021,N490SP,T/Os and landings with Alex Spitzer
4N1,10/2/2021,N316AS,"BFR, XC Night lesson with Rich Cole.  2 towered and 1 non-towered night landing"
BDR,10/2/2021,N316AS,"BFR, XC Night lesson with Rich Cole.  2 towered and 1 non-towered night landing"
ACY,10/1/2021,N6371J,VFR night XC solo home from AC
4N1,10/1/2021,N6371J,VFR night XC solo home from AC
1B1,10/1/2021,N657SP,Stage 2 check for Chuck S. 2 landings at 1B1.
4N1,9/29/2021,N490SP,Stage 1 Check - Aiden M
FWN,9/26/2021,N6371J,XWind landing with Alex Spitzer
4N1,9/26/2021,N6371J,XWind landing with Alex Spitzer
MGJ,9/26/2021,N6371J,T/Os and landings with Alex Spitzer.
BLM,9/25/2021,N6371J,VFR XC solo.  KBLM to the beach. Pattern work at 4N1.
4N1,9/25/2021,N6371J,VFR XC solo.  KBLM to the beach. Pattern work at 4N1.
4N1,9/24/2021,N6371J,"VFR XC solo to KBLM, bravo clearance"
BLM,9/24/2021,N6371J,"VFR XC solo to KBLM, bravo clearance"
4N1,9/19/2021,N657SP,Stage 3 check for Mike UK.
12N,9/19/2021,N657SP,Stage 3 check for Mike UK.
FWN,9/19/2021,N657SP,Stage 3 check for Mike UK.
MMU,9/19/2021,N657SP,Fm MMU with Chuck
1N7,9/19/2021,N657SP,
ISP,9/18/2021,N6371J,VFR solo night XC
4N1,9/18/2021,N6371J,VFR solo night XC
BDR,9/18/2021,N6371J,VFR solo night XC
N66,9/18/2021,N6371J,IFP Night XC actual fm N66 to KISP via LOVES2 arrival.
4N1,9/12/2021,N490SP,To sky acres with Alex Spitzer
44N,9/12/2021,N490SP,To sky acres with Alex Spitzer
20N,9/12/2021,N6371J,VFR solo XC to Kingston and return
MGJ,9/12/2021,N490SP,Lesson 8 with Alex Spitzer
4N1,9/6/2021,N316AS,VFR night XC to Allentown with Chuck S.  Lesson 18
ABE,9/6/2021,N316AS,VFR night XC to Allentown with Chuck S.  Lesson 18
MGJ,9/6/2021,N490SP,Lesson 7 part 2 complete.  Alex Spitzer.
ACY,9/4/2021,N6371J,VFR.  AC to Cape May with Brian and Gina.
WWD,9/4/2021,N6371J,VFR.  AC to Cape May with Brian and Gina.
N12,9/4/2021,N6371J,VFR night solo XC bravo clearance
4N1,9/4/2021,N6371J,VFR night solo XC bravo clearance
CDW,9/3/2021,N6371J,IFP XC actual Caldwell to AC with Brian and Gina.  ILS31
ACY,9/3/2021,N6371J,IFP XC actual Caldwell to AC with Brian and Gina.  ILS31
4N1,9/2/2021,N9563A,"Checkride Prep PPL, for Mike Uk."
MGJ,9/2/2021,N9563A,"Checkride Prep PPL, for Mike Uk."
4N1,8/31/2021,N316AS,Lesson #2 for Tyler kiburz.
CDW,8/31/2021,N6371J,71J to c&w.
4N1,8/28/2021,N490SP,Pattern work with Alex Spitzer.
WST,8/28/2021,N6371J,IFR XC actual RNAV24 circle 06 with a hold at WAMUV.  Brian Belluzzi
ISP,8/27/2021,N780DA,Aux air south shore.  Volpolo.
4N1,8/25/2021,N316AS,Intro flight for Nicole Hantano
1B1,8/24/2021,N490SP,Home from 1B1.
4N1,8/24/2021,N490SP,Home from 1B1.
ONX,8/19/2021,N6371J,Home from NC.   VFR XC solo.
4N1,8/19/2021,N6371J,Home from NC.   VFR XC solo.
FFA,8/19/2021,N6371J,VFR Currituck for fuel.
WWD,8/19/2021,N6371J,IFP XC solo actual.  Cape May to First Flight Airfield.  #nationalaviationday
4N1,8/18/2021,N6371J,IFP. XC solo. Actual. 4N1 to Cape May.  Finelli family vacation.
WWD,8/18/2021,N6371J,IFP. XC solo. Actual. 4N1 to Cape May.  Finelli family vacation.
N07,8/17/2021,N6371J,71J home from Lincoln park.  Lake loop and 2 laps in the pattern.
4N1,8/17/2021,N6371J,71J home from Lincoln park.  Lake loop and 2 laps in the pattern.
OFP,8/16/2021,N17055,"***CFI AME Practical Test/Checkride - Satisfactory. John Phelps, 999995474 DPE"
OFP,8/14/2021,N17055,"VFR solo right seat.  Slow flight, stalls, Vmc demo, steep turns, drag demo, XC flight to CJR, short field landing and t/o."
CJR,8/14/2021,N17055,"VFR solo right seat.  Slow flight, stalls, Vmc demo, steep turns, drag demo, XC flight to CJR, short field landing and t/o."
OFP,8/13/2021,N17055,"XC culver airport.  ACS maneuvers, stalls, steep turns, drag demo, Vmc demo."
OFP,8/12/2021,N17055,"CFI Checkride prep.  engine out landings.  steep turns.  Wayne Bullock, 1969087CFI, exp 4/22"
OFP,8/11/2021,N6912T,"MEI Checkride Prep.  3 T/o and LNDGs. TECNAM familiarization.  Stalls, Vmc demo, steep turns, RNAV16.  Wayne Bullock, MEI, 1969087CFI, exp 4/22."
N12,8/9/2021,N6371J,VFR XC solo bravo clearance to Lincoln Park
N07,8/9/2021,N6371J,VFR XC solo bravo clearance to Lincoln Park
4N1,8/9/2021,N6371J,IFP XC solo actual to Lakewood to see Phil N.
OWD,8/8/2021,N6371J,Home from meeting at CG D1 in Boston
4N1,8/8/2021,N6371J,Home from meeting at CG D1 in Boston
4N1,8/7/2021,N6371J,To Norwood for CG D1 meeting at Base Boston
OWD,8/7/2021,N6371J,To Norwood for CG D1 meeting at Base Boston
HFD,8/7/2021,N6371J,To Norwood for CG D1 meeting at Base Boston
FWN,8/7/2021,N476SP,Checkride Prep with Nick Ruiz.
06N,8/7/2021,N9563A,Lesson 5 with Alex Apitzer.
4N1,8/5/2021,N476SP,Stage one check for Chuck Schneider.  Complete.
BID,8/3/2021,N6371J,Block to home with Joe and Shauna.
4N1,8/3/2021,N6371J,Block to home with Joe and Shauna.
GON,8/3/2021,N6371J,Block to home with Joe and Shauna.
FWN,8/3/2021,N6371J,VFR XC. Sussex to Block Island with Joe and Shauna
4N1,8/2/2021,N490SP,"Lesson 16 local night dual with Stephen Herato Stalls, steep turns, pattern"
MGJ,8/2/2021,N490SP,"Lesson 16 local night dual with Stephen Herato Stalls, steep turns, pattern"
4N1,8/1/2021,N316AS,"IPC complete for Jeremy Schmid, CPL3925092, ILS27 at KSWF,  RNAV24 at 4N1."
SWF,8/1/2021,N316AS,"IPC complete for Jeremy Schmid, CPL3925092, ILS27 at KSWF,  RNAV24 at 4N1."
N07,8/1/2021,N476SP,Checkride prep for Nick Ruiz.  Diversion to Lincoln Park.
4N1,7/31/2021,N9563A,"Ryan Herman.  Lesson 18. Night dual, VFR XC to Allentown."
ABE,7/31/2021,N9563A,"Ryan Herman.  Lesson 18. Night dual, VFR XC to Allentown."
MGJ,7/31/2021,N490SP,Lesson 4 complete with Alex Spitzer.
06N,7/31/2021,N476SP,Part 1 of stage 1 check for Chuck Schneider.
4N1,7/28/2021,N316AS,"Annual 141 check with Rich Mardello.  Hold, ILS04, RNAV24.  Wings completion."
MGJ,7/28/2021,N316AS,"Annual 141 check with Rich Mardello.  Hold, ILS04, RNAV24.  Wings completion."
POU,7/28/2021,N316AS,Instrument end of course check flight for James Carter.
44N,7/28/2021,N316AS,Instrument end of course check flight for James Carter.
4N1,7/27/2021,N316AS,"James Carter air work portion of the IFR end of course exam.  Stalls, steep turns, RNAV24"
44N,7/27/2021,N6371J,VFR drop off Pat S at 44N we flew over his house as well.
ACY,7/26/2021,N6371J,IFP actual XC Solo. Home from AC
4N1,7/26/2021,N6371J,IFP actual XC Solo. Home from AC
4N1,7/25/2021,N6371J,IFP XC solo actual.  RNAV22.  To AC for Jarvis Anniversary.
ACY,7/25/2021,N6371J,IFP XC solo actual.  RNAV22.  To AC for Jarvis Anniversary.
4N1,7/24/2021,N316AS,"Instrument stage check... James Carter. ILS27 at SWF, VOR05 at N82, RNAV24 at 4N1"
SWF,7/24/2021,N316AS,"Instrument stage check... James Carter. ILS27 at SWF, VOR05 at N82, RNAV24 at 4N1"
N82,7/24/2021,N316AS,"Instrument stage check... James Carter. ILS27 at SWF, VOR05 at N82, RNAV24 at 4N1"
44N,7/23/2021,N6371J,Home from 44N with Mr. Duke.
4N1,7/23/2021,N6371J,Home from 44N with Mr. Duke.
4N1,7/22/2021,N476SP,Pattern work for Chuck Schneider.
MGJ,7/22/2021,N476SP,Pattern work for Chuck Schneider.
GAI,7/21/2021,N1934J,IFP actual. RNAV03 at Sussex.  Dual received in Commander 114.  Intro to the Commander with Rich Bartlett.
FWN,7/21/2021,N1934J,IFP actual. RNAV03 at Sussex.  Dual received in Commander 114.  Intro to the Commander with Rich Bartlett.
ISP,7/18/2021,N6371J,IFP XC Solo Actual solid IMC! RNAV24 from WAMUV.
4N1,7/18/2021,N6371J,IFP XC Solo Actual solid IMC! RNAV24 from WAMUV.
BID,7/18/2021,N6371J,IFP XC Actual.   Visual RWY24.
BDR,7/18/2021,N6371J,IFP XC Solo actual.  ILS24.
4N1,7/17/2021,N9563A,"Stalls, pattern, landings"
MGJ,7/17/2021,N9563A,"Stalls, pattern, landings"
N12,7/15/2021,N6371J,VFR solo XC night.  Lakewood around the Bravo to 4N1.
4N1,7/15/2021,N6371J,VFR solo XC night.  Lakewood around the Bravo to 4N1.
VKX,7/15/2021,N6371J,IFP solo XC FRZ actual.  Potomac to Lakewood.
PHF,7/15/2021,N6371J,IFP XC actual FRZ back to Potomac from Yorktown with Don Hartmayer.
4N1,7/13/2021,N6371J,IFP XC solo actual to Potomac Airfield for USCGR business in DC.
VKX,7/13/2021,N6371J,IFP XC solo actual to Potomac Airfield for USCGR business in DC.
BWI,7/13/2021,N6371J,IFP XC solo actual to Potomac Airfield for USCGR business in DC.
4N1,7/10/2021,N490SP,Presolo check. Pattern work with Lou S.
ISP,7/10/2021,N6371J,VFR night XC solo to 4N1.
SWF,7/10/2021,N316AS,"Gregory Dolan, CFI candidate Intro to C172."
MGJ,7/10/2021,N316AS,"Gregory Dolan, CFI candidate Intro to C172."
12N,7/10/2021,N316AS,"Gregory Dolan, CFI candidate Intro to C172."
CDW,7/8/2021,N6371J,Home from C&W
4N1,7/8/2021,N6371J,Home from C&W
BTV,7/7/2021,N6371J,IFP from Burlington to 4N1.  XC solo actual. USCGR work.
4N1,7/7/2021,N6371J,IFP from Burlington to 4N1.  XC solo actual. USCGR work.
ALB,7/7/2021,N6371J,IFP from Burlington to 4N1.  XC solo actual. USCGR work.
4N1,7/5/2021,N6371J,IFP to Burlington.  XC solo actual.  USCGR work in Burlington.
BTV,7/5/2021,N6371J,IFP to Burlington.  XC solo actual.  USCGR work in Burlington.
N12,7/4/2021,N6371J,VFR XC night solo.  Lakewood to Greenwood Lake.
4N1,7/4/2021,N6371J,VFR XC night solo.  Lakewood to Greenwood Lake.
CDW,7/4/2021,N6371J,VFR solo to Lakewood to see Mom & Dad
LCI,7/3/2021,N6371J,IFP actual XC Solo.  Home from NH.  RNAV06 with the procedure turn hold a WEKAS.
4N1,7/3/2021,N6371J,IFP actual XC Solo.  Home from NH.  RNAV06 with the procedure turn hold a WEKAS.
4N1,7/2/2021,N6371J,"IFR actual XC Solo to Laconia, NH.  ILS08 to 600 AGL."
LCI,7/2/2021,N6371J,"IFR actual XC Solo to Laconia, NH.  ILS08 to 600 AGL."
BAF,7/2/2021,N6371J,"IFR actual XC Solo to Laconia, NH.  ILS08 to 600 AGL."
4N1,6/30/2021,N9563A,"Instrument training with Charles Ruminello.  KMGJ ILS04, VOR08.  4N1 RNAV24 and RNAV06 with circle24."
MPO,6/30/2021,N6371J,Flight home from Poconos
4N1,6/29/2021,N8511N,"Instrument training for Brian Kindergan.  KMGJ: ILS04, VOR08 & hold at HOU.  KFWN: VOR-A, RNAV03.  4N1: RNAV24, RNAV06 circling."
MGJ,6/29/2021,N8511N,"Instrument training for Brian Kindergan.  KMGJ: ILS04, VOR08 & hold at HOU.  KFWN: VOR-A, RNAV03.  4N1: RNAV24, RNAV06 circling."
FWN,6/29/2021,N8511N,"Instrument training for Brian Kindergan.  KMGJ: ILS04, VOR08 & hold at HOU.  KFWN: VOR-A, RNAV03.  4N1: RNAV24, RNAV06 circling."
BAF,6/27/2021,N6371J,IFP XC solo home from KBAF
4N1,6/27/2021,N6371J,IFP XC solo home from KBAF
MGJ,6/27/2021,N9563A,Takeoffs and landings with Brenton VanBeke
4N1,6/26/2021,N476SP,Pattern and landing work with Chuck Schumacher
4N1,6/25/2021,N476SP,Bust the rust checkout for Kyle Slater.
POU,6/25/2021,N316AS,G1000 final checkout for Alex Nastro.
GON,6/24/2021,N6371J,IFR XC solo. Actual.  Home to 4N1.
4N1,6/24/2021,N6371J,IFR XC solo. Actual.  Home to 4N1.
BVY,6/24/2021,N6371J,VFR XC solo.  Work meeting at Groton.  Brian visit.
BXM,6/24/2021,N6371J,VFR XC with Ava Palmer.  Back to Beverly via ENE.
LCI,6/24/2021,N6371J,"VFR XC with Ava Palmer.  Brunswick, ME."
RUT,6/24/2021,N6371J,"VFR XC with Ava Palmer.  Laconia, NH."
PSM,6/23/2021,N6371J,VFR night with Ava Palmer.
BVY,6/23/2021,N6371J,VFR night with Ava Palmer.
4N1,6/23/2021,N6371J,IFP XC solo. To Beverly.
4N1,6/20/2021,N476SP,Shortfield t/o and landings.  W/ Brenton VanBeke.  Aero flex.
12N,6/20/2021,N476SP,Shortfield t/o and landings.  W/ Brenton VanBeke.  Aero flex.
MMU,6/20/2021,N316AS,From Morristown for Morochai Elkobi.  GPS NAV. Towered field.  Part of flight review.
CDW,6/19/2021,N6371J,VFR solo.  KCDW SAX KFWN HUO 4N1.
4N1,6/19/2021,N6371J,VFR solo.  KCDW SAX KFWN HUO 4N1.
FWN,6/19/2021,N6371J,VFR solo.  KCDW SAX KFWN HUO 4N1.
MGJ,6/19/2021,N476SP,Chuck Shumacker pattern KMGJ and 4N1.
4N1,6/18/2021,N6064P,To Caldwell.
CDW,6/18/2021,N6064P,To Caldwell.
ALB,6/17/2021,N4662G,Home from ALB direct Farmingdale.
FRG,6/17/2021,N4662G,Home from ALB direct Farmingdale.
ISP,6/16/2021,N65KB,"AuxAir Dan Burke, instrument instruction, VFR, RNAV33 @KGON"
GON,6/16/2021,N65KB,"AuxAir Dan Burke, instrument instruction, VFR, RNAV33 @KGON"
4N1,6/13/2021,N476SP,T/o landings with Chuck Schneider.
44N,6/8/2021,N316AS,VFR solo.  From Sky Acers to 4N1.  PIREP.
4N1,6/8/2021,N316AS,VFR solo.  From Sky Acers to 4N1.  PIREP.
4N1,6/6/2021,N316AS,Flight review flight 1 for Mordichai Glkobi.
MGJ,6/6/2021,N316AS,"Instrument give for Keith  ILS04 @MGJ, VOR-A @FWN, RNAV06@4N1"
FWN,6/6/2021,N316AS,"Instrument give for Keith  ILS04 @MGJ, VOR-A @FWN, RNAV06@4N1"
4N1,6/5/2021,N490SP,First lesson for Christian Guerra
4N1,6/2/2021,N6064P,Flight to Farmingdale to fly the Cirrus with Sheldon.
FRG,6/2/2021,N6064P,Flight to Farmingdale to fly the Cirrus with Sheldon.
W29,5/31/2021,N6371J,VFR night XC to Caldwell from Baybridge.
CDW,5/31/2021,N6371J,VFR night XC to Caldwell from Baybridge.
LNS,5/31/2021,N6371J,IFP to Baybridge. Actual. XC. Annapolis for dinner.
4N1,5/31/2021,N6371J,IFP solo to Caldwell.
OQN,5/27/2021,N6371J,VFR XC night solo.  Home from Brandywine.
4N1,5/27/2021,N6371J,VFR XC night solo.  Home from Brandywine.
PTW,5/27/2021,N6371J,VFR XC night solo.  Home from Brandywine.
N30,5/25/2021,N6371J,VFR solo.  From Cherry Ridge.  Lake pictures to home.
4N1,5/25/2021,N6371J,VFR solo.  From Cherry Ridge.  Lake pictures to home.
N07,5/25/2021,N6371J,"VFR XC solo.  Spring flyout challenge.  From Lincoln Park to Cherry Ridge, PA."
N40,5/24/2021,N6064P,Short Field T/O and landing at Andover.  Cessna 182T checkout flight #2... complete. | Cessna 182T intro
4N1,5/24/2021,N6064P,Short Field T/O and landing at Andover.  Cessna 182T checkout flight #2... complete. | Cessna 182T intro
12N,5/24/2021,N6064P,Short Field T/O and landing at Andover.  Cessna 182T checkout flight #2... complete. | Cessna 182T intro
OQN,5/23/2021,N6371J,Return for Brandywine with Sheldon as safety pilot.
4N1,5/23/2021,N6371J,Return for Brandywine with Sheldon as safety pilot.
LNS,5/23/2021,N717AA,"Intro to Cirrus.  SR22T.  Pattern. Takeoffs/landings.  Instrument approach at KLNS. | CIrrus Intro, RNAV 26 @ KLNS"
MQS,5/23/2021,N717AA,"Intro to Cirrus.  SR22T.  Pattern. Takeoffs/landings.  Instrument approach at KLNS. | CIrrus Intro, RNAV 26 @ KLNS"
4N1,5/22/2021,N476SP,Presolo check - Pass.
ORE,5/22/2021,N6371J,VFR XC.  Home from Portland.
PWM,5/22/2021,N6371J,"VFR XC.  Stop at Orange County, white cloud lunch."
BAF,5/19/2021,N6371J,VFR XC to Portland w/ Chelsea
PWM,5/19/2021,N6371J,VFR XC to Portland w/ Chelsea
4N1,5/19/2021,N6371J,VFR XC stop enroute to Portland.
4N1,5/17/2021,N6371J,Pattern and new wheels and breaks check.
26N,5/16/2021,N6371J,"Ocean City, NJ, to home.  VFR XC #springflyoutchallenge"
4N1,5/16/2021,N6371J,"Ocean City, NJ, to home.  VFR XC #springflyoutchallenge"
WWD,5/16/2021,N6371J,Cape May to Ocean City.  #Springflyoutchallenge
BID,5/15/2021,N6371J,Block Island to GWL.  VFR night XC.
4N1,5/15/2021,N6371J,Block Island to GWL.  VFR night XC.
GON,5/15/2021,N6371J,Block Island to GWL.  VFR night XC.
MTP,5/15/2021,N6371J,Greenwood Lake to Montauk to block island 99s Spring fly out challenge
DXR,5/15/2021,N490SP,Tower work with  Ben Ashkenza - Danbury
FWN,5/15/2021,N316AS,G1000 checkout flight #1 with Alex Nasano
ACY,5/15/2021,N6371J,VFR XC KACY to Greenwood lake
4N1,5/14/2021,N6371J,
ACY,5/14/2021,N6371J,
LNS,5/14/2021,N6371J,XC solo.  VFR Lancaster to Greenwood Lake
VKX,5/14/2021,N6371J,XC Solo IFP & FRZ.  Potomac to Lancaster
4N1,5/13/2021,N6371J,IFR FRZ.  To Potomac for USCG dinner.  Clouds at 8000.
VKX,5/13/2021,N6371J,IFR FRZ.  To Potomac for USCG dinner.  Clouds at 8000.
LNS,5/13/2021,N6371J,IFR FRZ.  To Potomac for USCG dinner.  Clouds at 8000.
BAF,5/12/2021,N6371J,RNAV24@4N1 with Sheldon as safety pilot.
4N1,5/12/2021,N6371J,RNAV24@4N1 with Sheldon as safety pilot.
N45,5/12/2021,N6371J,Kobalt to Great Barrington to Westfield Barnes.
GBR,5/12/2021,N6371J,Kobalt to Great Barrington to Westfield Barnes.
4N1,5/9/2021,N6371J,Pattern.  Strut balance.
4N1,5/7/2021,N6371J,Solo pattern work at 4N1.
4N1,5/4/2021,N476SP,"Solo prep with Jimmy John.  Stalls, pattern work."
4N1,5/2/2021,N316AS,Final G1000 checkout with Sheldon.  Andover for short field landings.
12N,5/2/2021,N316AS,Final G1000 checkout with Sheldon.  Andover for short field landings.
ISP,5/2/2021,N6371J,VFR XC home from Islip.
1N7,4/28/2021,N9333K,"VFR XC Seneca flight with Geoff Orlandi, 3219788CFI/MEI exp 9/21.  Flew the ILS Y RWY 23 at LowCountry Airport."
RBW,4/28/2021,N9333K,"VFR XC Seneca flight with Geoff Orlandi, 3219788CFI/MEI exp 9/21.  Flew the ILS Y RWY 23 at LowCountry Airport."
TPF,4/28/2021,N9333K,MVFr XC Seneca a flight with Geoff Orlandi 3219788 CFI/MEI exp 9/21 to Tampa's Peter O'Night Airport.
SSI,4/28/2021,N9333K,MVFr XC Seneca a flight with Geoff Orlandi 3219788 CFI/MEI exp 9/21 to Tampa's Peter O'Night Airport.
MMK,4/27/2021,N316AS,Return trip with Mike Kormos.  RNAV24 w/hold.
4N1,4/27/2021,N316AS,Return trip with Mike Kormos.  RNAV24 w/hold.
4N1,4/24/2021,N476SP,CFI Checkride prep w/ Dan Karcher.
MGJ,4/24/2021,N476SP,CFI Checkride prep w/ Dan Karcher.
AVP,4/24/2021,N316AS,Home from KAVP with Sheldon Temperman.
SWF,4/24/2021,N476SP,Tower and XWing Landings with Joe Delia
WWD,4/18/2021,N6371J,From Cape May with Sheldon and James.  Up the coast and skyline route.
4N1,4/18/2021,N6371J,From Cape May with Sheldon and James.  Up the coast and skyline route.
4N1,4/17/2021,N316AS,Checkride prep.  Matt Kiberz.
ISP,4/17/2021,N316AS,"From C Airspace, KISP direct 4N1, with Sheldon Temperman."
4N1,4/13/2021,N6371J,Approaches with Andres McNerney.  Hold at HUO.
12N,4/13/2021,N6371J,Approaches with Andres McNerney.  Hold at HUO.
FWN,4/13/2021,N6371J,Approaches with Andres McNerney.  Hold at HUO.
MGJ,4/13/2021,N6371J,Approaches with Andres McNerney.  Hold at HUO.
SFZ,4/9/2021,N6371J,Flight home from North Central RI.
4N1,4/9/2021,N6371J,Flight home from North Central RI.
ISP,4/8/2021,N6371J,Home from Islip.
4N1,4/8/2021,N6371J,Home from Islip.
CDW,3/23/2021,N6371J,Landings with Steve Schepis.
4N1,3/23/2021,N6371J,Landings with Steve Schepis.
FWN,3/23/2021,N6371J,Landings with Steve Schepis.
N07,2/26/2021,N6371J,Home from dropping off Schepis.
4N1,2/26/2021,N6371J,Home from dropping off Schepis.
1B1,2/26/2021,N6371J,Aux training flight with Steve Schepis.  1B1 direct Lincoln Park with a lap in the pattern at 1B1.
4N1,2/24/2021,N6371J,Flight with Steve Evans.  Landing at KMGJ.
MGJ,2/24/2021,N6371J,Flight with Steve Evans.  Landing at KMGJ.
4N1,2/21/2021,N9563A,Stage check for Baez... unsat with feedback.
FWN,2/21/2021,N9563A,Stage check for Baez... unsat with feedback.
4N1,2/17/2021,N9563A,Stage check 3 with Sheldon.
FWN,2/17/2021,N9563A,Stage check 3 with Sheldon.
PNE,2/17/2021,N6371J,XC VFR Solo.  Home from NE Philadelphia.
4N1,2/14/2021,N6371J,"Slow flight, power off stall, landing and go around at KMGJ."
MGJ,2/14/2021,N6371J,"Slow flight, power off stall, landing and go around at KMGJ."
4N1,2/13/2021,N6371J,Pattern work with Marion at 4N1.
4N1,2/11/2021,N9563A,
4N1,2/6/2021,N9563A,"Virus IPC flight 1.   ILS4 at KMGJ, VOR-A at KFWN, and RNAV6 circle to land at 4N1.  Unusual attitudes."
MGJ,2/6/2021,N9563A,"Virus IPC flight 1.   ILS4 at KMGJ, VOR-A at KFWN, and RNAV6 circle to land at 4N1.  Unusual attitudes."
FWN,2/6/2021,N9563A,"Virus IPC flight 1.   ILS4 at KMGJ, VOR-A at KFWN, and RNAV6 circle to land at 4N1.  Unusual attitudes."
4N1,1/31/2021,N6371J,Pattern work at 4N1 and KFWN w/Marion.
FWN,1/31/2021,N6371J,Pattern work at 4N1 and KFWN w/Marion.
4N1,1/30/2021,N6371J,
MGJ,1/30/2021,N6371J,
BDR,1/30/2021,N316AS,XC VFR practice with Matt Kibertz.
LNS,1/24/2021,N6371J,"VFR Night XC.  Home from Lancaster, night landing at Greenwood Lake."
4N1,1/24/2021,N6371J,"VFR Night XC.  Home from Lancaster, night landing at Greenwood Lake."
4N1,1/21/2021,N490SP,Skyline Route w/ Vitus Holzner.  Bravo clearance and VFR Route
4N1,1/18/2021,N490SP,Instrument given 1.1 for Rick.  ILS04 and VOR08 at KMGJ and RNAV24 at 4N1.
MGJ,1/18/2021,N490SP,Instrument given 1.1 for Rick.  ILS04 and VOR08 at KMGJ and RNAV24 at 4N1.
N12,1/10/2021,N6371J,"VFR XC night flight home, Bravo clearance, with Marion."
4N1,1/10/2021,N6371J,"VFR XC night flight home, Bravo clearance, with Marion."
ACY,1/10/2021,N6371J,Landings with Marion at KMJX and N12.
MJX,1/10/2021,N6371J,Landings with Marion at KMJX and N12.
4N1,1/9/2021,N6371J,VFR XC with Marion.
ACY,1/9/2021,N6371J,VFR XC with Marion.
GON,12/30/2020,N33300,FAA Multiengine practical exam.  Passed.
GON,12/29/2020,N33300,Maneuvers and ILS05.
GON,12/28/2020,N33300,Multi engine training CAMEL add on.  ILS05 c23.
44N,12/27/2020,N6371J,VFR. Home from lunch.
4N1,12/27/2020,N6371J,VFR. Home from lunch.
OWK,12/19/2020,N6371J,Central Maine with Marion and Glen.  Lincoln Park to home with Marion. VFR XC.
4N1,12/19/2020,N6371J,Central Maine with Marion and Glen.  Lincoln Park to home with Marion. VFR XC.
N07,12/19/2020,N6371J,Central Maine with Marion and Glen.  Lincoln Park to home with Marion. VFR XC.
ISP,12/13/2020,N6371J,
4N1,12/13/2020,N6371J,
MTP,12/13/2020,N6371J,MTP to Islip with Peter.
BDR,12/13/2020,N6371J,XC solo IFP to Islip
4N1,11/29/2020,N6371J,Practice area for maneuvers.  Solo.
FWN,11/29/2020,N6371J,Practice area for maneuvers.  Solo.
GON,11/29/2020,N6371J,Trip to Groton with Stephanie Watson.  VFR XC simulated inst w/VOR23 approach.
GON,11/21/2020,N6371J,Flight back with Stephanie Watson.
4N1,11/21/2020,N6371J,Flight back with Stephanie Watson.
4N1,11/20/2020,N6371J,"Pattern work, strut flight test, solo."
GON,11/14/2020,N6371J,XC solo night. VFR. Home from Groton.
4N1,11/14/2020,N6371J,XC solo night. VFR. Home from Groton.
HFD,11/14/2020,N6371J,XC solo. Day IFP to Groton.
4N1,11/9/2020,N316AS,Lesson with Mark Manieri.  Basic Intro to G1000.
ISP,11/8/2020,N6371J,"Night solo XC, home from Islip."
4N1,11/8/2020,N6371J,"Night solo XC, home from Islip."
PSM,11/8/2020,N6371J,Portsmouth to Islip with Peter and Molly.
GDM,11/8/2020,N6371J,From Islip to Portsmouth w/ Peter & Molly.
ACY,11/7/2020,N6371J,Night.  XC. VFR.  From KACY to 4N1.
4N1,11/7/2020,N6371J,Night.  XC. VFR.  From KACY to 4N1.
4N1,11/5/2020,N316AS,"Lesson 18 w/ Matt Kiburz.  XC Night, 3 towered night landings @ KABE, unusual attitudes"
ABE,11/5/2020,N316AS,"Lesson 18 w/ Matt Kiburz.  XC Night, 3 towered night landings @ KABE, unusual attitudes"
4N1,11/4/2020,N490SP,"Lesson 16 with Ben Ashkenazi.  Night.  6 landings.  Steep turns, go around, power on/off stalls."
MGJ,11/4/2020,N490SP,"Lesson 16 with Ben Ashkenazi.  Night.  6 landings.  Steep turns, go around, power on/off stalls."
4N1,11/1/2020,N476SP,"Lesson with Adar Karkash.  Stalls, emergency procedures, turn around a point, pattern work at 4N1."
MMU,11/1/2020,N316AS,Towered operations at KMMU.  Flight following. With Nick Ruiz.
4N1,10/31/2020,N476SP,"Lesson 4 and beginning lesson 5.  Steep turns, S-turns, turns around a point, emergency field selection.  Kevin M."
06N,10/31/2020,N316AS,Commercial checkout with Tim Torchia.
20N,10/31/2020,N6371J,XC Solo to Kingston.  1 additional landing at 4N1.
4N1,10/27/2020,N6371J,"NJ Challenge continues: Old Bridge, Linden, Somerset, Solberg, Sky Manor.  VFR Solo."
3N6,10/27/2020,N6371J,"NJ Challenge continues: Old Bridge, Linden, Somerset, Solberg, Sky Manor.  VFR Solo."
LDJ,10/27/2020,N6371J,"NJ Challenge continues: Old Bridge, Linden, Somerset, Solberg, Sky Manor.  VFR Solo."
SMQ,10/27/2020,N6371J,"NJ Challenge continues: Old Bridge, Linden, Somerset, Solberg, Sky Manor.  VFR Solo."
N40,10/27/2020,N6371J,"NJ Challenge continues: Old Bridge, Linden, Somerset, Solberg, Sky Manor.  VFR Solo."
OWK,10/25/2020,N57540,VFR XC from Central Maine.  Dual. Mooney 201J.
N07,10/25/2020,N57540,VFR XC from Central Maine.  Dual. Mooney 201J.
N12,10/24/2020,N6371J,VFR. XC. Solo.  Home from Lakewood.
4N1,10/24/2020,N6371J,VFR. XC. Solo.  Home from Lakewood.
MGJ,10/18/2020,N6371J,Home from Poker Run.
4N1,10/18/2020,N6371J,Home from Poker Run.
44N,10/18/2020,N6371J,Poker Run.  Leg 5.
OXC,10/18/2020,N6371J,Poker Run. Leg 4.
MMK,10/18/2020,N6371J,Poker Run.  Leg 3.
MSV,10/18/2020,N6371J,Poker Run. Leg 2.
SWF,10/17/2020,N6371J,"Stewart missed, 4N1 missed, sax hold, Sussex missed and back to 4N1."
4N1,10/17/2020,N6371J,"Stewart missed, 4N1 missed, sax hold, Sussex missed and back to 4N1."
FWN,10/17/2020,N6371J,"Stewart missed, 4N1 missed, sax hold, Sussex missed and back to 4N1."
BAF,10/17/2020,N6371J,"Westfield, Bradley, Stewart.  IFP.  2.5xc."
BDL,10/17/2020,N6371J,"Westfield, Bradley, Stewart.  IFP.  2.5xc."
N14,10/14/2020,N6371J,Solo. VFR. XC.
4N1,10/14/2020,N6371J,Solo. VFR. XC.
17N,10/14/2020,N6371J,"Solo. VFR.  NJ Airports- from Cross Keys, to Hammonton, to Camden County, to South Jersey Regional, to Flying W."
N81,10/14/2020,N6371J,"Solo. VFR.  NJ Airports- from Cross Keys, to Hammonton, to Camden County, to South Jersey Regional, to Flying W."
19N,10/14/2020,N6371J,"Solo. VFR.  NJ Airports- from Cross Keys, to Hammonton, to Camden County, to South Jersey Regional, to Flying W."
VAY,10/14/2020,N6371J,"Solo. VFR.  NJ Airports- from Cross Keys, to Hammonton, to Camden County, to South Jersey Regional, to Flying W."
4N1,10/11/2020,N54390,"Flight review for Harry Pinand.  XC planning, VOR NAV, power on/off stalls, ground reference maneuvers, short & soft field T/Os and landings. Power off 180."
HOU,10/11/2020,N54390,"Flight review for Harry Pinand.  XC planning, VOR NAV, power on/off stalls, ground reference maneuvers, short & soft field T/Os and landings. Power off 180."
MGJ,10/11/2020,N54390,"Flight review for Harry Pinand.  XC planning, VOR NAV, power on/off stalls, ground reference maneuvers, short & soft field T/Os and landings. Power off 180."
MIV,10/11/2020,N6371J,IFP Actual. XC Solo. Millville ILS10.
N12,10/9/2020,N6371J,XC Solo.  VFR.  Lakewood to Spitfire to 4N1.  1 night    T/O and landing at 4N1.
4N1,10/9/2020,N6371J,XC Solo.  VFR.  Lakewood to Spitfire to 4N1.  1 night    T/O and landing at 4N1.
OBI,10/9/2020,N6371J,XC Solo. VFR. Woodbine & Lakewood.
4N1,10/6/2020,N6371J,"Night Skyline Route, Bravo Clearance, w/Zack."
4N1,10/5/2020,N316AS,Lesson #2 for Sol.
4N1,10/4/2020,N316AS,"Lesson with Nick Anzano.  Pattern, instrument lesson 1."
BAF,10/4/2020,N6371J,"Home from BAF, Andres MCNerney as instructor/safety Pilot.  XC. IFP.  Hold at WAMUV RNAV24."
HFD,10/4/2020,N6371J,"Home from BAF, Andres MCNerney as instructor/safety Pilot.  XC. IFP.  Hold at WAMUV RNAV24."
ISP,10/3/2020,N6371J,XC solo VFR night KISP CMK 4N1
4N1,10/3/2020,N6371J,XC solo VFR night KISP CMK 4N1
ACK,10/3/2020,N6371J,"XC VFR, day/night.  Drop off Peter and Molly."
ISP,9/27/2020,N6371J,XC solo. IFP.  Actual. RNAV24.
4N1,9/27/2020,N6371J,XC solo. IFP.  Actual. RNAV24.
BDR,9/27/2020,N6371J,XC solo. IFP.  Actual. RNAV24.
BAF,9/27/2020,N6371J,XC. IFP. Actual.  ILS24. W/Peter.
PWM,9/27/2020,N6371J,XC. IFP. ILS20.
BHB,9/26/2020,N6371J,XC.  IFP.  Actual.  ILS11.
PWM,9/26/2020,N6371J,XC.  IFP.  Actual.  ILS11.
ISP,9/25/2020,N6371J,XC IFP Actual w/Peter. Visual 11. Islip to Portland.
PWM,9/25/2020,N6371J,XC IFP Actual w/Peter. Visual 11. Islip to Portland.
4N1,9/25/2020,N6371J,XC.  Solo.  IFP.  Actual.  To Islip.
BDR,9/25/2020,N6371J,XC.  Solo.  IFP.  Actual.  To Islip.
4N1,9/22/2020,N6371J,XC Solo.  Eagles Nest Airport.  Go around at 31E - Deer - and go around at 4N1.  Gusty night landing at 4N1.
31E,9/22/2020,N6371J,XC Solo.  Eagles Nest Airport.  Go around at 31E - Deer - and go around at 4N1.  Gusty night landing at 4N1.
4N1,9/20/2020,N316AS,Instrument training with David.  ILS09 and RNAV06.  Power off 180 at 4N1. 172 checkout for David.
SWF,9/20/2020,N316AS,Instrument training with David.  ILS09 and RNAV06.  Power off 180 at 4N1. 172 checkout for David.
BAF,9/20/2020,N88TS,XC. Larry Williamson Flight Review second leg.
CDW,9/20/2020,N88TS,XC. Larry Williamson Flight Review second leg.
ITH,9/19/2020,N490SP,"XC. Home from Finger Lakes, Ithaca."
4N1,9/19/2020,N490SP,"XC. Home from Finger Lakes, Ithaca."
ISP,9/13/2020,N6371J,IFP. Home from Islip.
4N1,9/13/2020,N6371J,IFP. Home from Islip.
BID,9/13/2020,N6371J,Return from Block to Islip.  IFP.  Actual.  RNAV15R.
FWN,9/12/2020,N6371J,"Sussex, Ocean County, home to 4N1."
4N1,9/12/2020,N6371J,"Sussex, Ocean County, home to 4N1."
MJX,9/12/2020,N6371J,"Sussex, Ocean County, home to 4N1."
MGJ,9/12/2020,N6371J,Instrument approaches with Mike Steinhardt.
4N1,9/11/2020,N490SP,Jeppesen Lesson 1 for Bharat Rana.
ABE,9/11/2020,N490SP,"Lesson 18 with Dr Sheldon T.  4 towered night landings, 1 @ 4N1.  Night XC."
4N1,9/9/2020,N490SP,Night lesson 16 with Dr. Sheldon
4N1,9/8/2020,N9563A,Night. Lesson 16 with Joe D'Leia.
MGJ,9/8/2020,N9563A,Night. Lesson 16 with Joe D'Leia.
4N1,9/7/2020,N9563A,"Lesson 16 with Ryan Nguyen. Night. 2 night towered landings at KSWF, 3@KMGJ, 1@ 4N1."
MGJ,9/7/2020,N9563A,"Lesson 16 with Ryan Nguyen. Night. 2 night towered landings at KSWF, 3@KMGJ, 1@ 4N1."
SWF,9/7/2020,N9563A,"Lesson 16 with Ryan Nguyen. Night. 2 night towered landings at KSWF, 3@KMGJ, 1@ 4N1."
GON,9/7/2020,N6371J,From Groton to 4N1.  XC.Solo.
4N1,9/6/2020,N476SP,First lesson for Alin Florea.
ABE,9/6/2020,N9563A,Lesson 18 XC night with Ryan Nguyen.  1 towered landing at KABE and 3 at 4N1.
47N,9/6/2020,N6371J,Dinner flight dual instrument training.  RNAV06 circle to land.
MGJ,9/6/2020,N490SP,Instrument training with Brian Kindergan.
FWN,9/6/2020,N490SP,Instrument training with Brian Kindergan.
CAK,9/5/2020,N476SP,Solo XC from Akron Ohio to 4N1.
4N1,9/5/2020,N476SP,Solo XC from Akron Ohio to 4N1.
DNV,9/4/2020,N476SP,"Danville to Akron-Canton, Ohio.  XC. Solo. Night landing at KCAK."
CAK,9/4/2020,N476SP,"Danville to Akron-Canton, Ohio.  XC. Solo. Night landing at KCAK."
RAW,9/4/2020,N476SP,"Warsaw to Danville, Illinois.  XC Solo."
RVS,9/4/2020,N476SP,Tulsa to Warsaw Municipal
BVO,9/4/2020,N476SP,Tulsa to Warsaw Municipal
CNU,9/4/2020,N476SP,Tulsa to Warsaw Municipal
4N1,9/2/2020,N316AS,Pattern and first flight with Paul.
4N1,9/1/2020,N9563A,"Night local lesson with Moshe A.  Hood time, unusual attitudes, steep turns. 0.4 instrument given.  7 night landings 5@KMGJ and 2@4N1."
MGJ,9/1/2020,N9563A,"Night local lesson with Moshe A.  Hood time, unusual attitudes, steep turns. 0.4 instrument given.  7 night landings 5@KMGJ and 2@4N1."
39N,8/30/2020,N6371J,Home from Princeton. Night. VFR flight following.
4N1,8/30/2020,N6371J,Home from Princeton. Night. VFR flight following.
CXY,8/30/2020,N6371J,IFP. XC. Actual.  PA to Princeton.
4N1,8/28/2020,N54390,Solo. ADSB check for tail beacon on a 1974 Archer
ISP,8/23/2020,N6371J,IFP.  XC. Solo.  Night.  Home to 4N1.
4N1,8/23/2020,N6371J,IFP.  XC. Solo.  Night.  Home to 4N1.
MVY,8/23/2020,N6371J,IFP. XC. Actual.  ILS24 into KISP.
4N1,8/20/2020,N490SP,"Night XC with Matt Grant.  3 night towered landings, 1 at 4N1."
ABE,8/20/2020,N490SP,"Night XC with Matt Grant.  3 night towered landings, 1 at 4N1."
4N1,8/19/2020,N316AS,XC Night. Commercial lesson 34 with Tim Torchia.
ABE,8/19/2020,N316AS,XC Night. Commercial lesson 34 with Tim Torchia.
BHB,8/19/2020,N6371J,XC solo. Home from Bar Harbor. IFP. RNAV24 @4N1 circle for traffic.
EPM,8/17/2020,N6371J,Back to BHB with Bill and Jodi. IFP.
BHB,8/17/2020,N6371J,Back to BHB with Bill and Jodi. IFP.
4N1,8/15/2020,N6371J,IFP. XC Solo from 4N1 to Bar Harbor.
BHB,8/15/2020,N6371J,IFP. XC Solo from 4N1 to Bar Harbor.
GDM,8/15/2020,N6371J,IFP. XC Solo from 4N1 to Bar Harbor.
4N1,8/14/2020,N316AS,Night commercial lesson with Thomas.  7 night landings at Stewart and 1 night landing at 4N1.
SWF,8/14/2020,N316AS,Night commercial lesson with Thomas.  7 night landings at Stewart and 1 night landing at 4N1.
4N1,8/13/2020,N316AS,Commercial lesson 33 with Tim Torchia.  Night: w towered landings at KSWF and 1 at 4N1.
SWF,8/13/2020,N316AS,Commercial lesson 33 with Tim Torchia.  Night: w towered landings at KSWF and 1 at 4N1.
BAF,8/11/2020,N6371J,Westfield Barnes to 4N1.  IFP. XC. Actual.  Go around at 4N1.
4N1,8/11/2020,N6371J,Westfield Barnes to 4N1.  IFP. XC. Actual.  Go around at 4N1.
HFD,8/11/2020,N6371J,Westfield Barnes to 4N1.  IFP. XC. Actual.  Go around at 4N1.
BHB,8/11/2020,N6371J,Bar Harbor to Westfield Barnes.   ILS20 at KBAF.  IFP w/actual.
FVE,8/8/2020,N6371J,Frenchville to Bar Harbor. VFR direct.
BHB,8/8/2020,N6371J,Frenchville to Bar Harbor. VFR direct.
PWM,8/8/2020,N6371J,"Frenchville, ME.  Northern most airport on the eastern seaboard."
4N1,8/5/2020,N6371J,To Portland Maine.  IFP.  Actual.
PWM,8/5/2020,N6371J,To Portland Maine.  IFP.  Actual.
GDM,8/5/2020,N6371J,To Portland Maine.  IFP.  Actual.
WWD,8/3/2020,N6371J,Solo. XC. Home from Cape May. IFP. Actual.
4N1,8/3/2020,N6371J,Solo. XC. Home from Cape May. IFP. Actual.
N85,8/1/2020,N6371J,Home from Alexandria via Skyline route.
4N1,8/1/2020,N6371J,Home from Alexandria via Skyline route.
ALB,8/1/2020,N6371J,XC Solo.  Back from Albany.
4N1,7/31/2020,N657SP,Night local lesson 16 for Matt Grant.  KSWF 5 night landings and 1 night landing at 4N1.
SWF,7/31/2020,N657SP,Night local lesson 16 for Matt Grant.  KSWF 5 night landings and 1 night landing at 4N1.
N85,7/31/2020,N6371J,Solo to Alexandria.
4N1,7/30/2020,N6371J,Flying with Andres
FWN,7/30/2020,N6371J,Flying with Andres.
4N1,7/29/2020,N490SP,Night flight with Dr. Sheldon.  T/Os landings.
MGJ,7/29/2020,N490SP,Night flight with Dr. Sheldon.  T/Os landings.
N72,7/29/2020,N6371J,"Short field landing, RNAV24. Stephanie Watson, CFII."
06N,7/29/2020,N316AS,G1000 final checkout for Charles R.  0.6 sim inst. given.  RNAV 24 and 06 circle to land 24.
4N1,7/26/2020,N657SP,Pattern and cross wind work with Stephanie Watson.  Track log started late.
4N1,7/25/2020,N54390,ADSB check and part of PA28 checkout flight with Stephanie. Alternator failure.
4N1,7/24/2020,N316AS,"G1000 checkout for CPL Bill.  SWF Landing, pattern at 4N1.  Stalls.  Flight plan and autopilot. RNAV24 & 0.3 sim inst given."
SWF,7/24/2020,N316AS,"G1000 checkout for CPL Bill.  SWF Landing, pattern at 4N1.  Stalls.  Flight plan and autopilot. RNAV24 & 0.3 sim inst given."
4N1,7/23/2020,N316AS,One lap in the pattern with Nick A.  WX awareness.
4N1,7/21/2020,N490SP,CFI flight with Stephanie.
FWN,7/21/2020,N490SP,CFI flight with Stephanie.
06N,7/21/2020,N490SP,CFI flight with Stephanie.
4N1,7/19/2020,N316AS,"141 Checkpilot Checkride.  4 approaches, 3 holds.  W/ Chief Pilot Rich Mardarello."
MGJ,7/19/2020,N316AS,"141 Checkpilot Checkride.  4 approaches, 3 holds.  W/ Chief Pilot Rich Mardarello."
06N,7/19/2020,N316AS,"141 Checkpilot Checkride.  4 approaches, 3 holds.  W/ Chief Pilot Rich Mardarello."
MSV,7/19/2020,N490SP,Lesson with Gus.  Pattern. VOR.  GPS.
4N1,7/18/2020,N657SP,Local night flight with Mike UK.  0.3 sim instrument given.
4N1,7/14/2020,N6371J,Kuhn family Ringwood tour.
4N1,7/13/2020,N316AS,IFP to KOXC and back.  G1000 checkout with Charles R.  Hold at WAMUV.  ILS36 at KOXC.  RNAV24 at 4N1.
OXC,7/13/2020,N316AS,IFP to KOXC and back.  G1000 checkout with Charles R.  Hold at WAMUV.  ILS36 at KOXC.  RNAV24 at 4N1.
ISP,7/12/2020,N6371J,Solo. XC. Home from Islip with FF.
4N1,7/12/2020,N6371J,Solo. XC. Home from Islip with FF.
BID,7/12/2020,N6371J,Peter and Lisa back from Block.
MGJ,7/12/2020,N316AS,Pattern work at KMGJ with Nick A.
4N1,7/11/2020,N316AS,IFP. Actual and Sim Inst.  ILS27 at KSWF (actual). RNAV24 at 4N1 (sim for Mike).  2.0 instrument given.
FWN,7/9/2020,N6371J,Sussex to High Point for VOR check.  Then direct 4N1. Solo.
4N1,7/9/2020,N6371J,Sussex to High Point for VOR check.  Then direct 4N1. Solo.
4N1,7/6/2020,N316AS,Two short intros with another second intro. Nick's nieces.
4N1,7/5/2020,N9563A,Ricardo. Lesson 18. Night. XC. Unusual att.  0.4 sim instrument given. 5 towered landings. 1 landing at 4N1.
ABE,7/5/2020,N9563A,Ricardo. Lesson 18. Night. XC. Unusual att.  0.4 sim instrument given. 5 towered landings. 1 landing at 4N1.
BID,7/4/2020,N6371J,IFP. Night XC. Actual. T/O into 500 ft layer and lousy for 0.4.
4N1,7/4/2020,N6371J,IFP. Night XC. Actual. T/O into 500 ft layer and lousy for 0.4.
HFD,7/4/2020,N6371J,4th of July on Block Island.  IFP.  Actual. XC.
GON,7/4/2020,N6371J,4th of July on Block Island.  IFP.  Actual. XC.
4N1,7/3/2020,N316AS,Checkout on G1000 for John P.
ABE,7/3/2020,N316AS,Nick A. XC to KABE for flight review.  T/Os and landings.
MGJ,7/3/2020,N9563A,Gus.  Pattern work at KMGJ.
4N1,7/2/2020,N9563A,Checkride prep lesson with Ryan.
4N1,6/28/2020,N9563A,Pattern work.  Short & soft field.
FWN,6/28/2020,N6371J,"HUO VOR check at monument, KFWN to 4N1."
4N1,6/26/2020,N316AS,Part 2 of Nick A's flight review.  Stalls. Emergency procedures. Short/soft takeoffs and landings.
MGJ,6/26/2020,N316AS,Part 2 of Nick A's flight review.  Stalls. Emergency procedures. Short/soft takeoffs and landings.
CDW,6/25/2020,N6371J,Pick up 71J from C&W.  Test Aspen MFD and GDL69 w/XM WX.
4N1,6/25/2020,N6371J,Pick up 71J from C&W.  Test Aspen MFD and GDL69 w/XM WX.
4N1,6/21/2020,N657SP,Pattern work with Gus.
4N1,6/20/2020,N657SP,James.  Pattern work. Pre-solo lesson.
MGJ,6/20/2020,N657SP,James.  Pattern work. Pre-solo lesson.
POU,6/20/2020,N316AS,lesson for Sabin.  ILS06 at KPOU.  Hold at IGN and RNAV 06 and 24 at 4N1.
N79,6/17/2020,N316AS,IFP.  Final leg of the trip with Tim Torchia.  1.0 sim instrument given.
4N1,6/17/2020,N316AS,IFP.  Final leg of the trip with Tim Torchia.  1.0 sim instrument given.
I23,6/17/2020,N316AS,IFP. XC. Tim Torchia.  3.2 sim instrument.  VOR08.
LOU,6/17/2020,N316AS,IFP. XC. Tim Torchia.  NDB 23 approach. Procedure turn and circle to rwy05.
BBG,6/16/2020,N316AS,Branson to Louisville with Tom Torchia.  2hours of Sim given.  IFP.
LOU,6/16/2020,N316AS,Branson to Louisville with Tom Torchia.  2hours of Sim given.  IFP.
RVS,6/16/2020,N316AS,"RNAV 14. Procedure turn and hold. IFP. Branson, MI. XC."
OKM,6/16/2020,N316AS,G1000 C172 plane checkout. To OKM VOR.
CGI,6/15/2020,N6336V,"To KRVS final leg to drop of N6336V at Christiansen Aviation.  Tulsa, OK."
RVS,6/15/2020,N6336V,"To KRVS final leg to drop of N6336V at Christiansen Aviation.  Tulsa, OK."
LOU,6/15/2020,N6336V,IFP. IMC. XC. Loc 10.  Tim Torchia.
CKB,6/15/2020,N6336V,"IFP with Tim Torchia.  Visual to rwy 06.  Bowman Field, Louisville, KY."
4N1,6/15/2020,N6336V,IFP with Tim Torchia.  VOR A RWY 03.
MRB,6/15/2020,N6336V,IFP with Tim Torchia.  VOR A RWY 03.
4N1,6/14/2020,N657SP,Intro flight for Daniella.
HVN,6/14/2020,N6336V,Simulated instrument flight for Sabin.  ILS02 at KHVN.
4N1,6/13/2020,N54390,ADSB check - 3A failure.  Alternator failure.
4N1,6/10/2020,N6371J,Drop off 71J at C&W
CDW,6/10/2020,N6371J,Drop off 71J at C&W
OXB,6/7/2020,N6371J,VFR flight following from Ocean City to home.  Bravo clearance from RBV.  Night.
4N1,6/7/2020,N6371J,VFR flight following from Ocean City to home.  Bravo clearance from RBV.  Night.
4N1,6/6/2020,N657SP,Flight lesson with Gus.  Pattern work at 4N1.
ISP,6/2/2020,N6371J,Home from dropping off Peter. XC. Night. Solo.
4N1,6/2/2020,N6371J,Home from dropping off Peter. XC. Night. Solo.
BID,6/2/2020,N6371J,Block Island to Islip to drop off Peter.
26N,5/30/2020,N6371J,Ocean city to home. IFP.  0.3 night. XC.  Night landing at 4N1.
4N1,5/30/2020,N6371J,Ocean city to home. IFP.  0.3 night. XC.  Night landing at 4N1.
MGJ,5/30/2020,N6371J,Orange County to Ocean City via skyline route.
4N1,5/26/2020,N9563A,"Commercial flight with Tim Torchia.  4 towered night landings, steep turns, slow flight, 1 night landing at 4N1."
SWF,5/26/2020,N9563A,"Commercial flight with Tim Torchia.  4 towered night landings, steep turns, slow flight, 1 night landing at 4N1."
4N1,5/25/2020,N6371J,Quick Flight with Will.
GON,5/25/2020,N6371J,KGON home.  IMC. XC. Solo.  RNAV24 at 4N1in actual.
4N1,5/24/2020,N490SP,Flight review for Ilan Danieli.
FWN,5/24/2020,N490SP,Flight review for Ilan Danieli.
SWF,5/24/2020,N490SP,Flight review for Ilan Danieli.
GON,5/24/2020,N6371J,To Brian's overnight.  XC. Solo. IFR Plan.
MGJ,5/22/2020,N6371J,Return from annual inspection.
4N1,5/22/2020,N6371J,Return from annual inspection.
4N1,5/20/2020,N657SP,Commercial lesson for Sabin.  Full Checkride prep.
4N1,5/18/2020,N657SP,"Commercial lesson with Patrick.  Lazy 8s, chandelles, power off 180s."
FWN,5/18/2020,N657SP,"Commercial lesson with Patrick.  Lazy 8s, chandelles, power off 180s."
06N,5/18/2020,N657SP,"Commercial lesson with Patrick.  Lazy 8s, chandelles, power off 180s."
4N1,5/17/2020,N6336V,172RG. Complex. Dual. IFR. 2 approaches for currency.
ALB,5/17/2020,N6336V,172RG. Complex. Dual. IFR. 2 approaches for currency.
4N1,5/16/2020,N9563A,"Lesson with Gil.  Power off stall, steep turns, t/o, Lndg at 4N1."
4N1,5/13/2020,N9563A,Commercial check ride prep with Zabin
4N1,5/3/2020,N9563A,Commercial Night XC 100+ for Patrick.  61.129.3.4.
PVD,5/3/2020,N9563A,Commercial Night XC 100+ for Patrick.  61.129.3.4.
4N1,4/28/2020,N6371J,To Trenton for Blue Angles and Thunderbirds.
TTN,4/28/2020,N6371J,To Trenton for Blue Angles and Thunderbirds.
MGJ,4/28/2020,N490SP,"Commercial lesson with Patrick.  10 night towered landings at Stewart, one day landing Orange County, 1 night landing at 4N1.  Stalls, steep turns."
SWF,4/28/2020,N490SP,"Commercial lesson with Patrick.  10 night towered landings at Stewart, one day landing Orange County, 1 night landing at 4N1.  Stalls, steep turns."
4N1,4/25/2020,N9563A,"Lesson with Jessica M.  Take offs, landings, steep turns, stalls."
MGJ,4/25/2020,N9563A,"Lesson with Jessica M.  Take offs, landings, steep turns, stalls."
LGA,4/19/2020,N6371J,"LaGuardia to 4N1, over TEB the sim instrument to WAMUV, hold, RNAV24."
4N1,4/19/2020,N6371J,"LaGuardia to 4N1, over TEB the sim instrument to WAMUV, hold, RNAV24."
TEB,4/19/2020,N6371J,"LaGuardia to 4N1, over TEB the sim instrument to WAMUV, hold, RNAV24."
EWR,4/19/2020,N6371J,Newark Liberty to LaGuardia via JFK.
JFK,4/19/2020,N6371J,Newark Liberty to LaGuardia via JFK.
MGJ,4/17/2020,N6371J,Solo home from Orange County.
4N1,4/17/2020,N6371J,Solo home from Orange County.
4N1,4/14/2020,N6371J,Solo XC to Kingston.  Flew the RNAV33.
20N,4/14/2020,N6371J,Solo XC to Kingston.  Flew the RNAV33.
4N1,4/7/2020,N6371J,XC solo trip to Kingston and back.  One additional T/O and landing at 4N1.
20N,4/7/2020,N6371J,XC solo trip to Kingston and back.  One additional T/O and landing at 4N1.
MGJ,4/1/2020,N6371J,Picked up Terry and flew home to 4N1.
4N1,4/1/2020,N6371J,Picked up Terry and flew home to 4N1.
4N1,3/27/2020,N490SP,Solo.  ADSB check.  VOR check at high point.
MGJ,3/26/2020,N6371J,"Chandelles, lazy 8s, power off precision landing at Randall, VOR 1&2 check over high point @3000, zero error."
4N1,3/26/2020,N6371J,"Chandelles, lazy 8s, power off precision landing at Randall, VOR 1&2 check over high point @3000, zero error."
06N,3/26/2020,N6371J,"Chandelles, lazy 8s, power off precision landing at Randall, VOR 1&2 check over high point @3000, zero error."
FWN,3/26/2020,N6371J,"Chandelles, lazy 8s, power off precision landing at Randall, VOR 1&2 check over high point @3000, zero error."
4N1,3/22/2020,N490SP,"Lesson w/ Casper.  Lesson 4.  Stalls, emergency decent, emergency landings, steep turns, growing reference maneuvers: rectangles, s-turns, around a point. T/Os & Landings."
MGJ,3/22/2020,N490SP,Lesson Kim Mahoney.  T/Os and Landings with hood time.  VOR NAV.
MVY,3/18/2020,N6371J,Home from Martha's Vinyard.  XCounty VFR.
4N1,3/18/2020,N6371J,Home from Martha's Vinyard.  XCounty VFR.
4N1,3/15/2020,N9563A,Commercial lesson 10 take offs and landing
SWF,3/15/2020,N9563A,Commercial lesson 10 take offs and landing
4N1,3/11/2020,N490SP,Lesson with Jordan Cook.  Pattern work.
4N1,3/8/2020,N9563A,Night XC with Charles.  Pattern @ Groton and RNAV24 @4N1.
GON,3/8/2020,N9563A,Night XC with Charles.  Pattern @ Groton and RNAV24 @4N1.
ACY,3/1/2020,N6371J,Home from boat show. Skyline Route.  KMGJ ILS04. 4N1 RNAV24.  Night XC.
4N1,3/1/2020,N6371J,Home from boat show. Skyline Route.  KMGJ ILS04. 4N1 RNAV24.  Night XC.
MGJ,3/1/2020,N6371J,Home from boat show. Skyline Route.  KMGJ ILS04. 4N1 RNAV24.  Night XC.
4N1,2/23/2020,N657SP,"Lesson with Jordan Cook.  Power off 180s, emergency descents, slips, Dutch rolls, t/os, landings."
06N,2/23/2020,N657SP,"Lesson with Jordan Cook.  Power off 180s, emergency descents, slips, Dutch rolls, t/os, landings."
MGJ,2/23/2020,N657SP,"Lesson with Jordan Cook.  Power off 180s, emergency descents, slips, Dutch rolls, t/os, landings."
HPN,2/23/2020,N88TS,AuxAir Flight home from Westchester County (KHPN) with Larry Williamson.
CDW,2/23/2020,N88TS,AuxAir Flight home from Westchester County (KHPN) with Larry Williamson.
OXC,2/22/2020,N657SP,Flight home with Andres and Student Nick.  Night. XC. Flight following.  30kt Headwind at 4500ft.
4N1,2/22/2020,N657SP,Flight home with Andres and Student Nick.  Night. XC. Flight following.  30kt Headwind at 4500ft.
4N1,2/21/2020,N6371J,Drop off terry at Sussex.  Fly the approach home.  Night.
FWN,2/21/2020,N6371J,Drop off terry at Sussex.  Fly the approach home.  Night.
4N1,2/20/2020,N490SP,ADSB test flight... pass.
FWN,2/20/2020,N490SP,Back from KFWN with Terry Devlin.
4N1,2/17/2020,N490SP,Lesson with Tom Triolo.  Pattern work. Go around.
FOK,2/17/2020,N543FL,AuxAir.  KFOK to 4N1 with Ted Piltzinger.
4N1,2/16/2020,N6336V,RG flight with Will.  Complex time.
4N1,2/15/2020,N490SP,"Lesson with Jordan.  Local landings, go around."
4N1,2/12/2020,N657SP,"Lesson J. Cook. Stalls, VOR Nav, T/Os, landings, steep turns, go around."
MGJ,2/12/2020,N657SP,"Lesson J. Cook. Stalls, VOR Nav, T/Os, landings, steep turns, go around."
CDW,2/5/2020,N6371J,"VOR check, PIREP, and home to 4N1 from C&W."
4N1,2/5/2020,N6371J,"VOR check, PIREP, and home to 4N1 from C&W."
4N1,2/3/2020,N657SP,"Stalls, ground reference maneuvers, tos and landings.  1 at night."
4N1,2/2/2020,N657SP,"Pattern work with Jordan Cook.  TOs, landings, go arounds."
4N1,1/31/2020,N490SP,"ADSB check, Jordan Cook, VOR and gps nav."
ACY,1/31/2020,N6371J,Home from Techspo with Chris Acosta.
4N1,1/29/2020,N6371J,Techspo with Chris Acosta.  Flew the ILS 31 approach. IFR plan.
ACY,1/29/2020,N6371J,Techspo with Chris Acosta.  Flew the ILS 31 approach. IFR plan.
4N1,1/24/2020,N657SP,One circuit around the pattern and flat nose tire on landing.
4N1,1/23/2020,N3565M,High Performance Check-out.  Kyle as safety pilot.
MGJ,1/23/2020,N3565M,High Performance Check-out.  Kyle as safety pilot.
DXR,1/22/2020,N6371J,Flight home from DXR.  KMGJ for approach practice and night currency.  VOR check over 06N.
4N1,1/22/2020,N6371J,Flight home from DXR.  KMGJ for approach practice and night currency.  VOR check over 06N.
MGJ,1/22/2020,N6371J,Flight home from DXR.  KMGJ for approach practice and night currency.  VOR check over 06N.
4N1,1/20/2020,N6336V,141 check out for instrument and commercial.   Complex endorsement checkout.
1B1,1/20/2020,N490SP,From 1B1 for Sabin's x-country time
4N1,1/18/2020,N490SP,Pattern work with Tom T.
4N1,1/15/2020,N657SP,Pattern work.  Jordan cook.
4N1,1/11/2020,N657SP,Lesson #8 for Tom Triolo.
MGJ,1/11/2020,N657SP,Lesson #8 for Tom Triolo.
4N1,1/9/2020,N490SP,ADSB success!
4N1,1/7/2020,N490SP,490SP - ADSB Checkride... again.
4N1,1/2/2020,N490SP,ADSB test.
ISP,12/29/2019,N6371J,Flight home from Islip and AUX Air mission.
4N1,12/29/2019,N6371J,Flight home from Islip and AUX Air mission.
N07,12/29/2019,N6371J,"Flight with AuxAir Crew member, P. Stuffer."
OXC,12/28/2019,N6371J,From dinner at 121.
4N1,12/28/2019,N6371J,From dinner at 121.
CDW,12/23/2019,N6371J,
4N1,12/23/2019,N6371J,
4N1,12/22/2019,N657SP,"Aaron's towered night, 10 landings for CPL Checkride."
SWF,12/22/2019,N657SP,"Aaron's towered night, 10 landings for CPL Checkride."
4N1,12/21/2019,N9563A,Jordan Cook.  Pattern work.
FWN,12/20/2019,N6371J,Night currency and home from Sussex.
4N1,12/20/2019,N6371J,Night currency and home from Sussex.
CDW,12/20/2019,N6371J,Test flight with new Aspens.  VOR check.  Fuel at Sussex.
4N1,12/12/2019,N6371J,71J to C&W for seat belts and Aspen Pro Max upgrade.
CDW,12/12/2019,N6371J,71J to C&W for seat belts and Aspen Pro Max upgrade.
4N1,12/7/2019,N490SP,Lesson Jordyn Cook.  Xwind takeoffs and landings.
MGJ,12/7/2019,N490SP,Lesson Kim Mahoney.  Take offs.  Landings. Crosswinds.
4N1,11/30/2019,N9563A,"Lesson Jordan Cook.  TO, landings, gps nav.  0.6 ground."
MGJ,11/30/2019,N9563A,"Lesson Jordan Cook.  TO, landings, gps nav.  0.6 ground."
FWN,11/30/2019,N490SP,"Tom Triolo lesson.  Slips T/O, landings"
4N1,11/29/2019,N657SP,"Lesson w/ Kim Mahoney.  Stalls. 1.1 flight, 1.0 ground."
MGJ,11/29/2019,N6371J,***CFI-I Checkride with Peggy Neumann DPE#1720253
FWN,11/26/2019,N6371J,"VOR08 at Randall to missed.  RNAV24 at 4N1, hold at WAMUV.  Night landing at 4N1.  Checkride Prep."
4N1,11/26/2019,N6371J,"VOR08 at Randall to missed.  RNAV24 at 4N1, hold at WAMUV.  Night landing at 4N1.  Checkride Prep."
06N,11/26/2019,N6371J,"VOR08 at Randall to missed.  RNAV24 at 4N1, hold at WAMUV.  Night landing at 4N1.  Checkride Prep."
MMU,11/26/2019,N6371J,"KMMU - ILS23 to missed. KFWN - VOR-A, Hold at Sparta.  Night Landing at KFWN."
4N1,11/23/2019,N490SP,Pre -solo lesson.  Landings at Sussex and 4N1.
FWN,11/23/2019,N490SP,Pre -solo lesson.  Landings at Sussex and 4N1.
N07,11/17/2019,N6371J,Flight after lunch at N07.
4N1,11/17/2019,N6371J,Flight after lunch at N07.
N27,11/17/2019,N6371J,Flight with Glen and Marion from Bradford County to Lincoln Park.  GPS Direct.
4N1,11/15/2019,N6371J,Checkride Prep with Kyle.
MMU,11/15/2019,N6371J,Checkride Prep with Kyle.
FWN,11/15/2019,N6371J,Checkride Prep with Kyle.
4N1,11/4/2019,N6371J,
MMU,11/4/2019,N6371J,
FWN,11/4/2019,N6371J,
4N1,11/3/2019,N490SP,Intro flight for smoke stack guy from Lake Hopacong. iPad battery 0 @ 0.5.
MGJ,11/3/2019,N490SP,Lesson 3 for Kim Mahoney.
GON,11/3/2019,N6371J,Flight home w/ Marion.
4N1,11/2/2019,N6371J,Flight to Groton for Concert.
GON,11/2/2019,N6371J,Flight to Groton for Concert.
4N1,10/24/2019,N6371J,Flight to Ithaca with Marion.  IFP. Night. XC.
ITH,10/24/2019,N6371J,Flight to Ithaca with Marion.  IFP. Night. XC.
4N1,10/21/2019,N6371J,Solo. Local.  VOR check.  Flight after maintenance on mixture control.
4N1,10/15/2019,N6371J,Skyline route with Marion.
4N1,10/13/2019,N657SP,Lesson #1 for Kim Mahoney.
1B1,10/12/2019,N6371J,IFP home from 1B1.  Solo XC IMC.
4N1,10/12/2019,N6371J,IFP home from 1B1.  Solo XC IMC.
4N1,10/6/2019,N9563A,Lesson #2 with K. Frank.  Pattern work.
1B1,10/5/2019,N6371J,Flight home from 1B1.  XC. Solo.  Flight following. GPS direct.
4N1,10/5/2019,N6371J,Flight home from 1B1.  XC. Solo.  Flight following. GPS direct.
4N1,9/30/2019,N6371J,"II checkride preparation.  Kyle Botbyl, CFII 3820715 exp 10/19."
MMU,9/30/2019,N6371J,"II checkride preparation.  Kyle Botbyl, CFII 3820715 exp 10/19."
FWN,9/30/2019,N6371J,"II checkride preparation.  Kyle Botbyl, CFII 3820715 exp 10/19."
4N1,9/28/2019,N657SP,Lesson 1 with Kevin.
CDW,9/26/2019,N6371J,From KCDW to 4N1 with demo 430w.
4N1,9/26/2019,N6371J,From KCDW to 4N1 with demo 430w.
TTN,9/26/2019,N6371J,Flight from Trenton to Caldwell
4N1,9/22/2019,N490SP,Intro lesson for Darleen.
4N1,9/21/2019,N490SP,Into lesson for Kevin.
PNE,9/20/2019,N6371J,From NE philly to home.  XC. solo. Night.
4N1,9/20/2019,N6371J,From NE philly to home.  XC. solo. Night.
N07,9/16/2019,N6371J,Home from N07 after CGAUX meeting.  Solo.  Night T/O & Landing.
4N1,9/16/2019,N6371J,Home from N07 after CGAUX meeting.  Solo.  Night T/O & Landing.
ACY,9/16/2019,N6371J,"Back from KACY to N07 for CGAUX meeting,"
4N1,9/15/2019,N657SP,Lesson #1 for Marion Trosie.
ACY,9/15/2019,N6371J,4N1 to Lincoln Park to Atlantic City.
N07,9/15/2019,N6371J,4N1 to Lincoln Park to Atlantic City.
4N1,9/13/2019,N6371J,II Checkride prep with Kyle
MGJ,9/13/2019,N6371J,II Checkride prep with Kyle
06N,9/13/2019,N6371J,II Checkride prep with Kyle
FWN,9/13/2019,N6371J,II Checkride prep with Kyle
LCK,9/10/2019,N657SP,Last leg with N657SP. Solo. XC.
4N1,9/10/2019,N657SP,Last leg with N657SP. Solo. XC.
SLO,9/9/2019,N657SP,Salem to Rickenbacker.
LCK,9/9/2019,N657SP,Salem to Rickenbacker.
LBO,9/9/2019,N657SP,"Lebanon, MO to Salem, ILL."
RVS,9/9/2019,N657SP,"River City, MO to Lebanon, MO.  Ferry for Tim."
ACY,9/8/2019,N6371J,Flight home with Felix.
4N1,9/8/2019,N6371J,Flight home with Felix.
4N1,9/7/2019,N6371J,Flight w/Felix to AC.  Dual.
ACY,9/7/2019,N6371J,Flight w/Felix to AC.  Dual.
CDW,9/5/2019,N6371J,Back from C&W.
4N1,9/5/2019,N6371J,Back from C&W.
4N1,8/31/2019,N6371J,Solo to drop off 71J at C&W.
CDW,8/31/2019,N6371J,Solo to drop off 71J at C&W.
OWK,8/31/2019,N6371J,Maine to 4N1 with Glen Davis.  Flight review for Glen.
ACY,8/30/2019,N6371J,IFP home from KACY for FAA FII Exam.
4N1,8/30/2019,N6371J,IFP home from KACY for FAA FII Exam.
4N1,8/29/2019,N490SP,"Pattern work, take-offs and landings w/Kyle"
4N1,8/27/2019,N490SP,"141 Checkout for SkyTraining- Private Pilot, C172.  Rich Mondello CFI:279072 exp: 08/19."
AOO,8/25/2019,N6371J,Altoona to 4N1.  IFP. IMC. Visual to RWY 06.
4N1,8/25/2019,N6371J,Altoona to 4N1.  IFP. IMC. Visual to RWY 06.
SEG,8/25/2019,N6371J,Altoona to 4N1.  IFP. IMC. Visual to RWY 06.
LCK,8/25/2019,N6371J,Rickenbacker to Altoona.  Ray 12 at AOO.  IFP.  IMC.  Lunch at terminal - Mexican Restaurant.
ZZV,8/25/2019,N6371J,Rickenbacker to Altoona.  Ray 12 at AOO.  IFP.  IMC.  Lunch at terminal - Mexican Restaurant.
IAG,8/24/2019,N6371J,Niagara Falls to Rickenbacker in Ohio. For Manchester Orchestra concert.
LCK,8/24/2019,N6371J,Niagara Falls to Rickenbacker in Ohio. For Manchester Orchestra concert.
BUF,8/24/2019,N6371J,Niagara Falls to Rickenbacker in Ohio. For Manchester Orchestra concert.
4N1,8/23/2019,N6371J,4N1 to Niagara Falls.  IFP.  IMC.  ILS28R.
IAG,8/23/2019,N6371J,4N1 to Niagara Falls.  IFP.  IMC.  ILS28R.
BUF,8/23/2019,N6371J,4N1 to Niagara Falls.  IFP.  IMC.  ILS28R.
CDW,8/22/2019,N6371J,71J home from C&W.  Solo.
4N1,8/22/2019,N6371J,71J home from C&W.  Solo.
4N1,8/19/2019,N6371J,71J to C&W. Solo.
CDW,8/19/2019,N6371J,71J to C&W. Solo.
1N7,8/19/2019,N9333K,"Complex/High Performance Training.  Power/RPM management, complex systems, slow flight.  David R.  CFI# 4045167 exp 7/20"
GON,8/18/2019,N6371J,Groton to 4N1.  XC solo. IMC.
4N1,8/18/2019,N6371J,Groton to 4N1.  XC solo. IMC.
HFD,8/18/2019,N6371J,Groton to 4N1.  XC solo. IMC.
0B8,8/16/2019,N6371J,IFP to KGON.  Actual.  ILS05.  Solo IMC.  Short Field takeoff.  ILS vectors.
GON,8/16/2019,N6371J,IFP to KGON.  Actual.  ILS05.  Solo IMC.  Short Field takeoff.  ILS vectors.
4N1,8/16/2019,N6371J,IFP to Fisher's Island.  IMC.  VOR-A approach.  XC Solo.  Short field. Go around.
OFP,8/13/2019,N6371J,"CFI Initial - Practical Exam Check ride.  CFI ASE - Satisfactory.  John Phelps, 1746299."
4N1,8/13/2019,N6371J,"Hanover to home.  Rt. Seat, XC, solo, IFP, actual inst."
OFP,8/12/2019,N6371J,CFI Checkout w/ Joe Vasquez.
OFP,8/11/2019,N6371J,CFI checkride prep.  All maneuvers.  Solo.
HWV,8/10/2019,N6371J,"Brookhaven to Hanover.  Night, XC, solo."
OFP,8/10/2019,N6371J,"Brookhaven to Hanover.  Night, XC, solo."
JFK,8/10/2019,N6371J,"Brookhaven to Hanover.  Night, XC, solo."
FOK,8/10/2019,N6371J,FOK to Brookhaven to see Peter.
OFP,8/8/2019,N6371J,"Right seat, solo, prep for CFI Checkride... every CFI maneuver."
OFP,8/7/2019,N6371J,CFI Checkride prep.
OFP,8/6/2019,N6371J,"Soft and short field TOs. Steep turns, power on/off & cross control stalls, elevator and accelerated stalls, lazy 8s."
OFP,8/5/2019,N6371J,"Checkride prep (CFI).  Slow flight, steep turns, preflight, NML t/o & landing,"
4N1,8/4/2019,N6371J,To VA for HOVA flight school
OFP,8/4/2019,N6371J,To VA for HOVA flight school
GON,8/4/2019,N6371J,Trip home from CT
4N1,8/3/2019,N6371J,Trip to CT.  Lots of IMC.
GON,8/3/2019,N6371J,Trip to CT.  Lots of IMC.
4N1,8/1/2019,N6371J,Flight around with Wyatt.  N07 for dinner and back.
N07,8/1/2019,N6371J,Flight around with Wyatt.  N07 for dinner and back.
MMU,7/28/2019,N6371J,Morristown to home.
4N1,7/28/2019,N6371J,Morristown to home.
ACY,7/28/2019,N6371J,IFP.  Home from Nero's.
4N1,7/27/2019,N6371J,IFP to KACY.  Nero's.
ACY,7/27/2019,N6371J,IFP to KACY.  Nero's.
4N1,7/26/2019,N6371J,Check ride prep CFI with Kyle.
MGJ,7/26/2019,N6371J,Check ride prep CFI with Kyle.
WWD,7/25/2019,N6371J,IFP fm cape May to home.
4N1,7/25/2019,N6371J,IFP fm cape May to home.
N07,7/25/2019,N6371J,VFR to Cape May to see Karklins
FWN,7/14/2019,N6371J,"CFI Checkride prep.  Dual with Rich.  Right Seat take-offs, landings, stalls, turns, slow flight."
MGJ,7/14/2019,N6371J,"CFI Checkride prep.  Dual with Rich.  Right Seat take-offs, landings, stalls, turns, slow flight."
4N1,7/14/2019,N6371J,4N1 to KFWN and back to 4N1 after the lesson.
VKX,7/10/2019,N6371J,Flight home from DC.  IFP.  Night currency at 4N1.
4N1,7/10/2019,N6371J,Flight home from DC.  IFP.  Night currency at 4N1.
4N1,7/7/2019,N6371J,IFP into DC FRZ. For USCGR drill.
VKX,7/7/2019,N6371J,IFP into DC FRZ. For USCGR drill.
BTV,7/7/2019,N6371J,Burlington to home.
ALB,7/7/2019,N6371J,Burlington to home.
CYUL,7/7/2019,N6371J,Montreal to Burlington for Customs.
4N1,7/4/2019,N6371J,"IFP, eAPIS manifest.  ILS 24L.  To Montreal Jazz festival."
CYUL,7/4/2019,N6371J,"IFP, eAPIS manifest.  ILS 24L.  To Montreal Jazz festival."
BTV,7/4/2019,N6371J,"IFP, eAPIS manifest.  ILS 24L.  To Montreal Jazz festival."
4N1,6/27/2019,N6371J,Pick up Andres and his student stranded at KMGJ.
MGJ,6/27/2019,N6371J,Pick up Andres and his student stranded at KMGJ.
CDW,6/22/2019,N6336V,Flight Home with FLTstream210.
4N1,6/22/2019,N6336V,Flight Home with FLTstream210.
THV,6/15/2019,N6371J,IFP.  XC Solo.  York to Caldwell.
CDW,6/15/2019,N6371J,IFP.  XC Solo.  York to Caldwell.
4N1,6/15/2019,N6371J,IFP.  XC Solo to York
4N1,6/9/2019,N6371J,
BDR,6/9/2019,N6371J,IFP to KHTO for Lunch
4N1,6/6/2019,N6371J,IFP to KTTN and back.  Visual 34 and RNAV06. Solo XC.
TTN,6/6/2019,N6371J,IFP to KTTN and back.  Visual 34 and RNAV06. Solo XC.
WWD,5/26/2019,N6371J,IFP.  XC Solo.
4N1,5/26/2019,N6371J,IFP.  XC Solo.
GON,5/19/2019,N6371J,IFP home to 4N1.  Actual and 25 kt head wind.
4N1,5/19/2019,N6371J,IFP home to 4N1.  Actual and 25 kt head wind.
HFD,5/19/2019,N6371J,IFP home to 4N1.  Actual and 25 kt head wind.
PWM,5/18/2019,N6371J,IFP Night from Portland to Groton.  Brian and Bill.
GON,5/18/2019,N6371J,IFP Night from Portland to Groton.  Brian and Bill.
GDM,5/18/2019,N6371J,IFP Night from Portland to Groton.  Brian and Bill.
4N1,5/18/2019,N6371J,IFP to KGON with Brian.
4N1,5/16/2019,N6371J,"Night currency.  Solo.  VOR Check at 3000 over high point.  VOR 1&2, 0 error."
N07,5/11/2019,N6371J,Flight home from N07.  VOR Check 3000 over High Point.  0 Error on both VOR 1&2.
4N1,5/11/2019,N6371J,Flight home from N07.  VOR Check 3000 over High Point.  0 Error on both VOR 1&2.
44N,5/11/2019,N6371J,Flight home with Glen from Sky Acres.
SWF,5/11/2019,N6371J,"Instrument Currency 6 approaches, 2 holds, intercepting and tracking courses with Glen Davis, CFII and Safety Pilot."
POU,5/11/2019,N6371J,"Instrument Currency 6 approaches, 2 holds, intercepting and tracking courses with Glen Davis, CFII and Safety Pilot."
4N1,4/25/2019,N6371J,"Solo.  Commercial maneuvers, short field, soft field, T.O.s and LNDGS.  VOR Check, Over High Point @ 3000.  Zero error both VOR1 and VOR2."
FWN,4/25/2019,N6371J,"Solo.  Commercial maneuvers, short field, soft field, T.O.s and LNDGS.  VOR Check, Over High Point @ 3000.  Zero error both VOR1 and VOR2."
F45,4/23/2019,N12305,"CFI Spin Endorsement.  David Jacobson CFI 2200107, expires 6/2021."
4N1,4/11/2019,N6371J,IFP to KTTN to night landing.  Skyline Route home to Tappan Zee and 2 night landings at 4N1.
TTN,4/11/2019,N6371J,IFP to KTTN to night landing.  Skyline Route home to Tappan Zee and 2 night landings at 4N1.
1B1,4/7/2019,N6371J,Flight home from 1B1 after commercial practical test.
4N1,4/7/2019,N6371J,Flight home from 1B1 after commercial practical test.
1B1,4/6/2019,N6371J,Review commercial maneuvers.
4N1,4/6/2019,N6371J,IFP to 1B1 w/0.3 actual.
4N1,4/2/2019,N6371J,Commercial check ride prep. Kyle.
4N1,4/1/2019,N6371J,Commercial lesson.  Check ride prep w/Kyle.
1B1,3/30/2019,N6371J,Solo XC.  Trip home from 1B1.  Brutal headwind.
4N1,3/30/2019,N6371J,Solo XC.  Trip home from 1B1.  Brutal headwind.
4N1,3/27/2019,N6371J,"Commercial lesson with Kyle.  Chandelles, lazy 8s, 8s on pylons, short field, power off 180s."
FWN,3/27/2019,N6371J,"Commercial lesson with Kyle.  Chandelles, lazy 8s, 8s on pylons, short field, power off 180s."
XLL,3/26/2019,N6371J,
4N1,3/26/2019,N6371J,
4N1,3/25/2019,N6371J,"Commercial lesson.  Stalls on, off, accelerated.  Chandelles, lazy 8s, emergency decent, short/soft t/os and landings, steep spiral to landing. Power off 180."
1B1,3/24/2019,N6371J,"XC solo, 06N power off 180, chandelles, lazy 8s, 8s on pylons"
4N1,3/24/2019,N6371J,"XC solo, 06N power off 180, chandelles, lazy 8s, 8s on pylons"
06N,3/24/2019,N6371J,"XC solo, 06N power off 180, chandelles, lazy 8s, 8s on pylons"
PHF,3/20/2019,N6371J,"IFP.  IMC in VA/MD.  Clear after philly.  Solo XC.  Go around, cross wind landing 4N1."
4N1,3/20/2019,N6371J,"IFP.  IMC in VA/MD.  Clear after philly.  Solo XC.  Go around, cross wind landing 4N1."
SBY,3/20/2019,N6371J,"IFP.  IMC in VA/MD.  Clear after philly.  Solo XC.  Go around, cross wind landing 4N1."
4N1,3/18/2019,N6371J,"Night XC to Newport News for USCGR meeting in Yorktown.  IFP, actual in VA, needed approach."
PHF,3/18/2019,N6371J,"Night XC to Newport News for USCGR meeting in Yorktown.  IFP, actual in VA, needed approach."
EWR,3/18/2019,N6371J,"Night XC to Newport News for USCGR meeting in Yorktown.  IFP, actual in VA, needed approach."
SBY,3/18/2019,N6371J,"Night XC to Newport News for USCGR meeting in Yorktown.  IFP, actual in VA, needed approach."
4N1,3/17/2019,N6371J,"Commercial lesson - chandells, lazy 8s, 8s on pylons, emergency desent, accelerated stalls, power off 180."
1B1,3/3/2019,N6371J,Commercial lesson w/Doug Stewart.  CFI3151130 04/20.
4N1,3/3/2019,N6371J,1b1 to 4N1. Back from lesson w/Doug S.  KSWF transition.
4N1,2/28/2019,N6371J,"Commercial lesson, chandelles, lazy 8s, 8s on pylons, power off 180."
06N,2/23/2019,N6371J,"Randall - power off 180s, Sussex - power off 180, 4N1 - power off 180."
4N1,2/23/2019,N6371J,"Randall - power off 180s, Sussex - power off 180, 4N1 - power off 180."
FWN,2/23/2019,N6371J,"Randall - power off 180s, Sussex - power off 180, 4N1 - power off 180."
HWV,2/23/2019,N6371J,Flight following from Brookhaven to Randall.  4500 down to Power off 180 at Randall.
BDR,2/23/2019,N6371J,Flight following from Brookhaven to Randall.  4500 down to Power off 180 at Randall.
FOK,2/23/2019,N6371J,Getting Peter back to Brookhaven.
4N1,2/19/2019,N6371J,"4N1 to 07N for steep spiral and engine out 180s, chandelles, lazy 8s.  RNAV6 w/hold under the hood."
4N1,2/17/2019,N6371J,Skyline Route with Heather.
06N,2/17/2019,N6371J,"Commercial lesson with Jeff as inst. and safety pilot.  Chandelles, lazy 8s, power off 180s, Randall Landings."
4N1,2/16/2019,N6371J,"Commercial lesson w/Kyle.  RNAV24 circle to 6.  Chandelles, Lazy8s, power off 180, x-wind landings,go arounds, touch and gos at KMGJ."
TTN,2/16/2019,N6371J,IFR from KTTN to 4N1
4N1,2/10/2019,N6371J,"Wyatt night flight, Skyline Route."
AVP,2/10/2019,N6371J,VFR cross country solo.
4N1,2/3/2019,N6371J,"VOR Check - 3000 over High Point, 0 error.  Soft field takeoff.  No flaps landing, short field landing."
4N1,1/26/2019,N6371J,"Kyle Botbyl as safety pilot for the approach and CFI for commercial training.  Chandelles, lazy 8s, 8s on pylons, accelerated stall, steep spiral."
CDW,1/22/2019,N6371J,"Flight home from avionics work at KCDW.  Up to High Point for VOR Check, 0 Error.  Practice area for turns.  5 landings, 2 day, 3 night."
4N1,1/22/2019,N6371J,"Flight home from avionics work at KCDW.  Up to High Point for VOR Check, 0 Error.  Practice area for turns.  5 landings, 2 day, 3 night."
4N1,1/4/2019,N6371J,Deliver 71J to Caldwell for avionics work.
CDW,1/4/2019,N6371J,Deliver 71J to Caldwell for avionics work.
4N1,12/30/2018,N6371J,"Pattern work, short field, soft field takeoffs and landings."
GON,12/26/2018,N6371J,
4N1,12/26/2018,N6371J,
HWV,12/23/2018,N6371J,"Solo night flight, IFP, Brookhaven to 4N1.  RNAV24.  One VFR t/o and landing for 3 night landings."
4N1,12/23/2018,N6371J,"Solo night flight, IFP, Brookhaven to 4N1.  RNAV24.  One VFR t/o and landing for 3 night landings."
UUU,12/23/2018,N6371J,"Newport to Brookhaven.  Peter and James.  Flight following, most after sunset, night landing at Brookhaven."
GON,12/23/2018,N6371J,"Newport to Brookhaven.  Peter and James.  Flight following, most after sunset, night landing at Brookhaven."
4N1,12/9/2018,N6371J,"Night currency (4/3) at 4N1.  VOR 1&2 Check: 1800ft, downwind to base for 06 at 4N1, HUO 116.1, 342degrees, zero error.  Short field, soft field, T/O & Ldngs."
TTN,12/5/2018,N6371J,Flight home from KTTN for meeting.
4N1,12/5/2018,N6371J,Flight home from KTTN for meeting.
GON,11/25/2018,N6371J,Flight home from Groton.  IFP. RNAV24 but not for currency.  Cross wind landing.
4N1,11/25/2018,N6371J,Flight home from Groton.  IFP. RNAV24 but not for currency.  Cross wind landing.
HFD,11/25/2018,N6371J,Flight home from Groton.  IFP. RNAV24 but not for currency.  Cross wind landing.
MVY,11/24/2018,N6371J,"Martha’s to Groton.  Overnight in Groton.  IFP. IMC at 4000.  ILS 05, and towered night landing."
GON,11/24/2018,N6371J,"Martha’s to Groton.  Overnight in Groton.  IFP. IMC at 4000.  ILS 05, and towered night landing."
SNC,11/24/2018,N6371J,Chester to Martha’s Vineyard.  IFP & IMC.  Up 7000 on top.
4N1,11/23/2018,N6371J,Flight to KSNC with Brian.  Clear and cold. go around.  Short field landing. XWind landing.
SNC,11/23/2018,N6371J,Flight to KSNC with Brian.  Clear and cold. go around.  Short field landing. XWind landing.
4N1,11/18/2018,N6371J,"2 landings KFWN and 4N1.  Turns around a point, S turns, VOR Check at High Point."
FWN,11/18/2018,N6371J,"2 landings KFWN and 4N1.  Turns around a point, S turns, VOR Check at High Point."
VKX,11/11/2018,N6371J,Back from DC.  Lousy routing from ATC.
4N1,11/11/2018,N6371J,Back from DC.  Lousy routing from ATC.
4N1,11/8/2018,N6371J,IFP and FRZ flight plans.  Solo from 4N1 to Potomac Airfield.  USCG drills at CGHQ.
VKX,11/8/2018,N6371J,IFP and FRZ flight plans.  Solo from 4N1 to Potomac Airfield.  USCG drills at CGHQ.
4N1,11/4/2018,N6371J,"Skyline route with Mom.  SAX, SBJ, Raritan River, Staten Island Shoreline, Bravo Clearance @ 1500ft up NYC skyline route."
ABE,11/4/2018,N6371J,Flight from KABE to 4N1 with 1N7 missed.
1N7,11/4/2018,N6371J,Flight from KABE to 4N1 with 1N7 missed.
ACY,10/25/2018,N6371J,From KACY to 4N1.  2 go arounds at 4N1.  Lots of headwind on the way up.  RNAV06 from SBJ.
4N1,10/25/2018,N6371J,From KACY to 4N1.  2 go arounds at 4N1.  Lots of headwind on the way up.  RNAV06 from SBJ.
4N1,10/22/2018,N6371J,"Solo, night, XCountry to KACY for NJSBA convention."
ACY,10/22/2018,N6371J,"Solo, night, XCountry to KACY for NJSBA convention."
1B1,10/14/2018,N6371J,Flight home solo XCountry from training and Instrument Checkride.
4N1,10/14/2018,N6371J,Flight home solo XCountry from training and Instrument Checkride.
ALB,10/14/2018,N6371J,Instrument Checkride
PSF,10/14/2018,N6371J,Instrument Checkride
BAF,10/13/2018,N6371J,IFR Flight with Doug Stewart.  Last leg to 1B1 to end day two.
1B1,10/13/2018,N6371J,IFR Flight with Doug Stewart.  Last leg to 1B1 to end day two.
ALB,10/13/2018,N6371J,IFR Flight with Doug Stewart.  Last leg to 1B1 to end day two.
PSF,10/13/2018,N6371J,IFR Flight with Doug Stewart.  Last leg to 1B1 to end day two.
PSM,10/13/2018,N6371J,IFR Trip with Doug Stewart.  Portland to Westfield.
RKD,10/12/2018,N6371J,IFR Trip with Doug Stewart.
PSM,10/12/2018,N6371J,IFR Trip with Doug Stewart.
BGR,10/12/2018,N6371J,Beginning Day 2 of the IFR trip with Doug Stewart.   Leaving Bangor.  Light Icing experienced.   Decent to solve.
BHB,10/12/2018,N6371J,Beginning Day 2 of the IFR trip with Doug Stewart.   Leaving Bangor.  Light Icing experienced.   Decent to solve.
BML,10/12/2018,N6371J,"IFR trip with Doug Stewart.  End of day one in Bangor, ME."
LEB,10/12/2018,N6371J,IFR trip with Doug Stewart
DDH,10/12/2018,N6371J,IFR trip with Doug Stewart.
VSF,10/12/2018,N6371J,IFR trip with Doug Stewart.
1B1,10/12/2018,N6371J,Filed with Doug Stewart.  CFII 3151130. Exp-04/2020.  Actual IMC 0.5
4N1,10/12/2018,N6371J,Brutal winds coming out of 4N1 6am departure for 1B1 to pick up Doug Stewart.
4N1,10/10/2018,N6371J,Solo flight - VOR Check at High Point.  VOR 8 practice approach at 06N to missed.  Hold at HUO.  Practice RNAV 24 at 4N1.
06N,10/10/2018,N6371J,Solo flight - VOR Check at High Point.  VOR 8 practice approach at 06N to missed.  Hold at HUO.  Practice RNAV 24 at 4N1.
4N1,9/30/2018,N6371J,Instrument test prep with Rich B.
FWN,9/30/2018,N6371J,Instrument test prep with Rich B.
4N1,9/29/2018,N6371J,Instrument Test Prep
FWN,9/29/2018,N6371J,Instrument Test Prep
4N1,9/28/2018,N6371J,"Night currency, 2 pattern landings, 1 straight in on the RNAV24 from WAMUV."
4N1,9/24/2018,N6371J,Flight with Peggy Naumann. ILS at KPOU.  Instrument Checkride - disapproval.
POU,9/24/2018,N6371J,Flight with Peggy Naumann. ILS at KPOU.  Instrument Checkride - disapproval.
4N1,9/22/2018,N6371J,"Night currency, VOR Check at 3000 over High Point, HUO 222 radial, 0 error."
FWN,9/19/2018,N6371J,"Flight home via practice area.  Turns around a point, s turns, climbing turns and descents. Go around.  Cross wind landing on Rwy6."
4N1,9/19/2018,N6371J,"Flight home via practice area.  Turns around a point, s turns, climbing turns and descents. Go around.  Cross wind landing on Rwy6."
4N1,9/16/2018,N6371J,Instrument lesson and currency with Chez.
AVP,9/16/2018,N6371J,Instrument lesson and currency with Chez.
MSV,9/16/2018,N6371J,Instrument lesson and currency with Chez.
HWV,9/16/2018,N6371J,Trip home from LI
BDR,9/16/2018,N6371J,Trip home from LI
MTP,9/16/2018,N6371J,Trip back to Brookhaven with Peter
21N,9/16/2018,N6371J,Trip to Montauk with Peter
HWV,9/15/2018,N6371J,Trip with Peter Daly day to night.  Night landing.
4N1,9/15/2018,N6371J,Trip to Long Island
BDR,9/15/2018,N6371J,Trip to Long Island
FWN,9/15/2018,N6371J,Prep for checkride
4N1,8/30/2018,N6371J,"Instrument Stage 3 Check with Y. Chez Fogel, CFII 2754490, exp 03/20. 2 Approaches (VOR 08 at 06N & ILS15 at KMSV), night landing, partial panel, holds, unusual attitudes under the hood."
06N,8/30/2018,N6371J,"Instrument Stage 3 Check with Y. Chez Fogel, CFII 2754490, exp 03/20. 2 Approaches (VOR 08 at 06N & ILS15 at KMSV), night landing, partial panel, holds, unusual attitudes under the hood."
MSV,8/30/2018,N6371J,"Instrument Stage 3 Check with Y. Chez Fogel, CFII 2754490, exp 03/20. 2 Approaches (VOR 08 at 06N & ILS15 at KMSV), night landing, partial panel, holds, unusual attitudes under the hood."
FWN,8/28/2018,N6371J,Instrument lesson with Rich Bartlett.  CFII 3710199 exp 8/2019
4N1,8/28/2018,N6371J,Fights to and from KFWN for Lesson w/Rich
FWN,8/26/2018,N6371J,Instrument lesson with Rich Bartlett.  RNAV03 to missed and hold.  RNAV03 to circle to land.
4N1,8/26/2018,N6371J,Flight to and from instrument lesson at KFWN. VOR Check at High Point.  HUO 222 degree radial.  No error on VOR1 or VOR2.
4N1,8/25/2018,N6371J,"Instrument 250NM w/100NM straight line distance (4N1 to KGON), different type of approach at each airport (4 total this flight, VOR (w/ Circle to land) at KGON, ILS at KBAF, LOC at KPOU, and RNAV at 4N1. Glen Davis CFII #3329185, Exp. 03/31/2020."
GON,8/25/2018,N6371J,"Instrument 250NM w/100NM straight line distance (4N1 to KGON), different type of approach at each airport (4 total this flight, VOR (w/ Circle to land) at KGON, ILS at KBAF, LOC at KPOU, and RNAV at 4N1. Glen Davis CFII #3329185, Exp. 03/31/2020."
BAF,8/25/2018,N6371J,"Instrument 250NM w/100NM straight line distance (4N1 to KGON), different type of approach at each airport (4 total this flight, VOR (w/ Circle to land) at KGON, ILS at KBAF, LOC at KPOU, and RNAV at 4N1. Glen Davis CFII #3329185, Exp. 03/31/2020."
POU,8/25/2018,N6371J,"Instrument 250NM w/100NM straight line distance (4N1 to KGON), different type of approach at each airport (4 total this flight, VOR (w/ Circle to land) at KGON, ILS at KBAF, LOC at KPOU, and RNAV at 4N1. Glen Davis CFII #3329185, Exp. 03/31/2020."
SFM,8/24/2018,N6371J,"Night flight from KSFM to 4N1. This flight is a meets the commercial requirement for a cross country night flight over 2 hours, over 100 miles."
4N1,8/24/2018,N6371J,"Night flight from KSFM to 4N1. This flight is a meets the commercial requirement for a cross country night flight over 2 hours, over 100 miles."
GDM,8/24/2018,N6371J,"Night flight from KSFM to 4N1. This flight is a meets the commercial requirement for a cross country night flight over 2 hours, over 100 miles."
BAF,8/24/2018,N6371J,"Night flight from KSFM to 4N1. This flight is a meets the commercial requirement for a cross country night flight over 2 hours, over 100 miles."
4N1,8/23/2018,N6371J,"Flight to KSFM, Maine.  Dinner with Maria and Tommy."
SFM,8/23/2018,N6371J,"Flight to KSFM, Maine.  Dinner with Maria and Tommy."
BAF,8/23/2018,N6371J,"Flight to KSFM, Maine.  Dinner with Maria and Tommy."
GDM,8/23/2018,N6371J,"Flight to KSFM, Maine.  Dinner with Maria and Tommy."
4N1,8/20/2018,N6371J,4N1 to KFWN for lesson with Rich B.
FWN,8/20/2018,N6371J,4N1 to KFWN for lesson with Rich B.
4N1,8/9/2018,N6371J,"Cross country to Saratoga, Columbia county and back.  Practice RNAV21 at 1B1, RNAV24 at 4N1, VFR Pattern at 5B2."
ALB,8/9/2018,N6371J,"Cross country to Saratoga, Columbia county and back.  Practice RNAV21 at 1B1, RNAV24 at 4N1, VFR Pattern at 5B2."
5B2,8/9/2018,N6371J,"Cross country to Saratoga, Columbia county and back.  Practice RNAV21 at 1B1, RNAV24 at 4N1, VFR Pattern at 5B2."
1B1,8/9/2018,N6371J,"Cross country to Saratoga, Columbia county and back.  Practice RNAV21 at 1B1, RNAV24 at 4N1, VFR Pattern at 5B2."
4N1,8/7/2018,N6371J,"Air work... sturns, turns around a point."
PVC,8/5/2018,N6371J,Home from Cape Cod.  XCountry & flight following.  Night 0.9 and night landing @ 4N1.
4N1,8/5/2018,N6371J,Home from Cape Cod.  XCountry & flight following.  Night 0.9 and night landing @ 4N1.
4N1,7/31/2018,N6371J,Afternoon flight to HUO and back.    PIREP from 4NM E of HUO on 122.2.
4N1,7/29/2018,N6371J,
HVN,7/29/2018,N6371J,
POU,7/29/2018,N6371J,
AVP,7/29/2018,N6371J,"End stage 2 Check with Chez, CFII: 2754990, exp 03/20. KAVP ILS 04, KMSV vor/DME 33.  VOR Check."
MGJ,7/29/2018,N6371J,"End stage 2 Check with Chez, CFII: 2754990, exp 03/20. KAVP ILS 04, KMSV vor/DME 33.  VOR Check."
4N1,7/28/2018,N6371J,Local w/Joe I.
BAF,7/27/2018,N6371J,Return flight to 4N1 from KBAF.  WX-1000 works as well as transponder ADSB WX on both ForeFlight and aspen displays.
4N1,7/27/2018,N6371J,Return flight to 4N1 from KBAF.  WX-1000 works as well as transponder ADSB WX on both ForeFlight and aspen displays.
POU,7/27/2018,N6371J,71J from KPOU to home from avionics shop
4N1,6/26/2018,N6371J,Direct flight from 4N1 to KPOU.  Dropped off 71J at Precision Avionics.
POU,6/26/2018,N6371J,Direct flight from 4N1 to KPOU.  Dropped off 71J at Precision Avionics.
4N1,6/17/2018,N6371J,"Instrument Lesson.  Stage 2 Check, pt 2/3.  VOR-A @ KFWN to missed.  ILS24 @ KABE.  RNAV24 @ 4N1.  Hold at SAX and procedure turns.   Chez Fogel, CFII, 2754490. Exp 03/2020."
FWN,6/17/2018,N6371J,"Instrument Lesson.  Stage 2 Check, pt 2/3.  VOR-A @ KFWN to missed.  ILS24 @ KABE.  RNAV24 @ 4N1.  Hold at SAX and procedure turns.   Chez Fogel, CFII, 2754490. Exp 03/2020."
ABE,6/17/2018,N6371J,"Instrument Lesson.  Stage 2 Check, pt 2/3.  VOR-A @ KFWN to missed.  ILS24 @ KABE.  RNAV24 @ 4N1.  Hold at SAX and procedure turns.   Chez Fogel, CFII, 2754490. Exp 03/2020."
BID,6/16/2018,N6371J,KBID to 4N1.  VOR and GPS Nav.  Flight Following.  8500ft cruise alt home.
4N1,6/16/2018,N6371J,KBID to 4N1.  VOR and GPS Nav.  Flight Following.  8500ft cruise alt home.
GON,6/16/2018,N6371J,KBID to 4N1.  VOR and GPS Nav.  Flight Following.  8500ft cruise alt home.
4N1,6/15/2018,N6371J,XCountry flight to 1B1.  Short field at 1B1 and touch and go towered landing at KPOU.
MGJ,6/15/2018,N6371J,XCountry flight to 1B1.  Short field at 1B1 and touch and go towered landing at KPOU.
1B1,6/15/2018,N6371J,XCountry flight to 1B1.  Short field at 1B1 and touch and go towered landing at KPOU.
POU,6/15/2018,N6371J,XCountry flight to 1B1.  Short field at 1B1 and touch and go towered landing at KPOU.
4N1,6/5/2018,N6371J,Y. Fogel CFII #2754490 Exp 3/20.  XCountry.  Wings credit for advanced tasks.  Part of the Gleim Instrument Stage 2 Check.
BDL,6/5/2018,N6371J,Y. Fogel CFII #2754490 Exp 3/20.  XCountry.  Wings credit for advanced tasks.  Part of the Gleim Instrument Stage 2 Check.
POU,6/5/2018,N6371J,Y. Fogel CFII #2754490 Exp 3/20.  XCountry.  Wings credit for advanced tasks.  Part of the Gleim Instrument Stage 2 Check.
4N1,6/3/2018,N6371J,"VOR Check at KFWN for HUO both VOR1 and VOR2, 0 degree difference.  GPS flying and stick and rudder for Chelsea."
FWN,6/3/2018,N6371J,"VOR Check at KFWN for HUO both VOR1 and VOR2, 0 degree difference.  GPS flying and stick and rudder for Chelsea."
MGJ,6/3/2018,N6371J,"VOR Check at KFWN for HUO both VOR1 and VOR2, 0 degree difference.  GPS flying and stick and rudder for Chelsea."
4N1,5/30/2018,N6371J,Brian’s first flight to the practice area.  S-turns and turns around a point.
FWN,5/30/2018,N6371J,Flight home to 4N1 from KFWN.  3 landings at 4N1.
1N7,5/30/2018,N6371J,"Final sign off on N6371J w/Mike S. Crosswind takeoffs and landings, pilotage, VOR, GPS"
N07,5/24/2018,REDBIRD AATD,Last lesson with Miles in the AATD.  Completed lesson 10 and 21 in the instrument syllabus.
EWR,5/24/2018,REDBIRD AATD,Last lesson with Miles in the AATD.  Completed lesson 10 and 21 in the instrument syllabus.
FWN,5/20/2018,N6371J,"Rich B. Flight for sign off on N6371J.  Stalls, slips, out of trim T/Os, crosswind T/Os & landings."
HGR,5/11/2018,N6371J,Bought N6371J today and flew it from KHGR to NJ at KFWN
FWN,5/11/2018,N6371J,Bought N6371J today and flew it from KHGR to NJ at KFWN
4N1,5/11/2018,N5452K,XCountry to KHGR with Mike S and Rich B to pick up 71J
N07,5/3/2018,REDBIRD AATD,"Simulator work with Miles.  Instrument Lesson 21  VOR Approaches, missed Approaches, Intersection holds"
HFD,5/3/2018,REDBIRD AATD,"Simulator work with Miles.  Instrument Lesson 21  VOR Approaches, missed Approaches, Intersection holds"
N07,5/2/2018,REDBIRD AATD,"Sim- VOR Approaches, Instrument lesson 21"
4N1,5/1/2018,N9563A,Night currency 3 takeoffs and landings.  Commercial lesson 21.
OXC,5/1/2018,N9563A,Night currency 3 takeoffs and landings.  Commercial lesson 21.
POU,4/29/2018,N5452K,IFR return from KPOU to KFWN w/Rich Bartlett.  Stage 1 check complete.
FWN,4/29/2018,N5452K,IFR return from KPOU to KFWN w/Rich Bartlett.  Stage 1 check complete.
N07,4/25/2018,REDBIRD AATD,"Sim - Holds, VOR, Standard and Non-standard VOR intersection holds, GPS Holds.  W/ Miles"
FWN,4/21/2018,N5452K,"Instrument Stage check with Rich Bartlett, CFII#3710199.  Stage 1... all but localizer."
CPK,4/20/2018,REDBIRD AATD,Instrument Lessons 16 and 20.  Localizer holds and approaches.
N07,4/19/2018,REDBIRD AATD,
9G0,4/19/2018,REDBIRD AATD,
N07,4/18/2018,REDBIRD AATD,AATD: GPS holds and GPS Approaches.
LGA,4/18/2018,REDBIRD AATD,AATD: GPS holds and GPS Approaches.
N07,4/15/2018,REDBIRD AATD,"Gleim Inst. finished syllabus lessons 3, 4, 5, 6, 14 completed. Miles CFII#3790834"
4N1,4/8/2018,N6336V,"172RG complex training.  Stalls, engine out, XWind landings, emergency procedures."
MGJ,4/8/2018,N6336V,"172RG complex training.  Stalls, engine out, XWind landings, emergency procedures."
N07,4/7/2018,REDBIRD AATD,Miles CFII#3790834
FRG,4/7/2018,REDBIRD AATD,Miles CFII#3790834
N07,4/6/2018,REDBIRD AATD,3rd Redbird lesson.  Miles CFII#3790834 Feb2019
FWN,4/6/2018,REDBIRD AATD,3rd Redbird lesson.  Miles CFII#3790834 Feb2019
N07,4/5/2018,REDBIRD AATD,Miles CFII#3790834
LGA,4/5/2018,REDBIRD AATD,Miles CFII#3790834
N07,4/3/2018,REDBIRD AATD,Redbird FMX AATD at N07.  Miles #3790834 Feb2019
4N1,3/31/2018,N6336V,Complex training with Jeff E.  CFI 3294650  commercial lesson 5
4N1,3/25/2018,N9563A,"Gleim Instrument lesson 2 with Steve W.  Instrument take off, et al."
MGJ,3/25/2018,N9563A,"Gleim Instrument lesson 2 with Steve W.  Instrument take off, et al."
BLM,3/18/2018,N9563A,In logbook one flight  w/Mike Jarvis.  This is the return from KBLM.
4N1,3/18/2018,N9563A,In logbook one flight  w/Mike Jarvis.  This is the return from KBLM.
FOK,3/11/2018,N15759,"KFOK along south shore of LI, under KJFK bravo to Hudson River Skyline Route, Bravo clearance at 1500, Alpine Tower to N07"
N07,3/11/2018,N15759,"KFOK along south shore of LI, under KJFK bravo to Hudson River Skyline Route, Bravo clearance at 1500, Alpine Tower to N07"
HPN,3/11/2018,N15759,"Aux Air training.  N07, south of Westchester, turn south to Jones Beach, east to Montauk Point, then back west to KFOK for lunch"
MTP,3/11/2018,N15759,"Aux Air training.  N07, south of Westchester, turn south to Jones Beach, east to Montauk Point, then back west to KFOK for lunch"
4N1,2/24/2018,N9563A,
GON,2/17/2018,N490SP,Flight home from Groton with Bill Cobb.  VOR and GPS nav.
4N1,2/17/2018,N490SP,Flight home from Groton with Bill Cobb.  VOR and GPS nav.
4N1,2/13/2018,N9563A,"Night currency with Jeff.  Landings at 1N7, KABE, and 4N1."
1N7,2/13/2018,N9563A,"Night currency with Jeff.  Landings at 1N7, KABE, and 4N1."
ABE,2/13/2018,N9563A,"Night currency with Jeff.  Landings at 1N7, KABE, and 4N1."
4N1,2/3/2018,N9563A,PIC Saturday flight to Trenton-Robbinsville (N87) w/Chelsea.  Full stop landing at N87 and 4N1.  Go around at 4N1.
N87,2/3/2018,N9563A,PIC Saturday flight to Trenton-Robbinsville (N87) w/Chelsea.  Full stop landing at N87 and 4N1.  Go around at 4N1.
4N1,2/1/2018,N9563A,Private Pilot Checkride  Peggy Neumann  Examiner number: 001720253 exp:11/2019w
FWN,2/1/2018,N9563A,Private Pilot Checkride  Peggy Neumann  Examiner number: 001720253 exp:11/2019w
4N1,1/28/2018,N9563A,Solo flight to SAX.  S turns and turns around the point in practice area.  3 landings at 4N1.
4N1,1/21/2018,N490SP,Short field with Jeff... 12N and N05.
N05,1/21/2018,N490SP,Short field with Jeff... 12N and N05.
4N1,1/19/2018,N490SP,Final Stage Check... Rich M. 2790977 exp 8/18
4N1,1/10/2018,N490SP,Birthday flight with Mike and Chelsea
4N1,1/7/2018,N9563A,"Lesson 25, stage 3 Check, w/ Jeff E.  3294650 exp 11/19"
4N1,1/3/2018,N9563A,"Lesson 24.  Check ride preparation with Mike S. Ground reference, emergency, short/soft, w/Mike S."
4N1,12/21/2017,N490SP,Solo ground reference and crosswind landing
4N1,12/18/2017,N9563A,23 and 24 with Moshe K.  2353722...11/18
4N1,12/17/2017,N9563A,Solo fm 4N1 to KHVN to KPOU and home to 4N1
HVN,12/17/2017,N9563A,Solo fm 4N1 to KHVN to KPOU and home to 4N1
POU,12/17/2017,N9563A,Solo fm 4N1 to KHVN to KPOU and home to 4N1
4N1,12/15/2017,N9563A,Solo to KOXC and back to 4N1.  3 landings at KOXC.
OXC,12/15/2017,N9563A,Solo to KOXC and back to 4N1.  3 landings at KOXC.
4N1,12/11/2017,N9563A,X country to 1b1 with Mike S.
1B1,12/11/2017,N9563A,X country to 1b1 with Mike S.
4N1,12/8/2017,N9563A,Solo pattern practice
4N1,12/7/2017,N9563A,Dual Cross country.  1 Tower landing
OXC,12/7/2017,N9563A,Dual Cross country.  1 Tower landing
4N1,12/2/2017,N9563A,Solo work - country practice
MGJ,12/2/2017,N9563A,Solo work - country practice
MSV,12/2/2017,N9563A,Stage 2 Check with Jeff E.
4N1,11/30/2017,N9563A,Pattern with Mike S.
4N1,11/28/2017,N9563A,XCountry practice to 1B1 with Mike S.
1B1,11/28/2017,N9563A,XCountry practice to 1B1 with Mike S.
MGJ,11/28/2017,N9563A,XCountry practice to 1B1 with Mike S.
ABE,11/28/2017,N9563A,"Night X country to KABE.  3 towered night landings, 1 landing at 4N1.  W/ Jeff E.  3294650 exp 11/19"
4N1,11/25/2017,N9563A,Stage 1 check with Rich M. 2790977 exp 8/18
4N1,11/21/2017,N9563A,X wind pattern w Mike s.
MGJ,11/21/2017,N490SP,Night work with Jeff E. To KMGJ
4N1,11/11/2017,N9563A,"1 landing at KSWF, 1 at KMGJ, 1 at 4N1"
SWF,11/11/2017,N9563A,"1 landing at KSWF, 1 at KMGJ, 1 at 4N1"
MGJ,11/11/2017,N9563A,"1 landing at KSWF, 1 at KMGJ, 1 at 4N1"
4N1,11/3/2017,N490SP,"XWind, soft and short field, jepp lesson 11. Mike S.  3060620 exp 3/19"
4N1,10/26/2017,N490SP,XWind with Mike S.  Really windy... 20 its
4N1,10/20/2017,N490SP,Tower landings @ KSWF
SWF,10/20/2017,N490SP,Tower landings @ KSWF
4N1,10/19/2017,N490SP,Crosswind work w/ Mike s.
4N1,10/17/2017,N490SP,Solo pattern practice
4N1,10/12/2017,N490SP,"VOR practice, hood, pilotage we Mike S."
1N7,10/12/2017,N490SP,"VOR practice, hood, pilotage we Mike S."
4N1,10/5/2017,N490SP,Crosswind practice with Mike S.
4N1,10/3/2017,N490SP,"Stalls, e procedures, XWind, pattern"
4N1,9/26/2017,N490SP,Stage 1 Check.  Rich M. 2790977 exp 8/18
4N1,9/25/2017,N490SP,"Mike S.  Pattern, e procedures, no flaps, slip, short field."
FWN,9/24/2017,N5452K,"Pattern, short fieldwork. Rich Bartlett, CFI 3710199 exp 6/19"
FWN,9/23/2017,N5452K,Pattern and landing practice.  Rich Bartlett
4N1,9/21/2017,N490SP,"Mike S. Slow flight, stalls, pattern, XWind"
FWN,9/21/2017,N5452K,"Landing and pattern work. Rich Bartlett, CFI 3710199, exp 6/19"
FWN,9/17/2017,N5452K,"Landing and pattern work. Rich Bartlett, CFI 3710199 exp 6/19"
4N1,9/10/2017,N490SP,"Crosswind, go around, coll avoidance, CFI 148745208 exp 11/18"
MGJ,9/10/2017,N490SP,"Crosswind, go around, coll avoidance, CFI 148745208 exp 11/18"
FWN,9/9/2017,N5452K,"2.0 with Rich Bartlett at Sussex.  CFI3710199, 6/19"
4N1,9/7/2017,N490SP,"Dutch rolls, XWind pattern w/ MikeS."
4N1,8/30/2017,N490SP,XWind pattern practice
4N1,8/29/2017,N490SP,Pattern practice w/Mike S.
4N1,8/26/2017,N490SP,Flight to KMGJ with Jeff.
MGJ,8/26/2017,N490SP,Flight to KMGJ with Jeff.
4N1,8/24/2017,N490SP,"XCountry planning, flight, pattern practice"
MSV,8/24/2017,N490SP,"XCountry planning, flight, pattern practice"
4N1,8/23/2017,N490SP,XWind practice w/ Mike S.
4N1,8/17/2017,N490SP,XWind and XCountry with Mike S.
MGJ,8/17/2017,N490SP,XWind and XCountry with Mike S.
4N1,8/16/2017,N490SP,Jepp. lesson 4 w/Mike S.
4N1,8/13/2017,N490SP,Lesson 2 & 3 with Mike S. CFI: 3060620
4N1,8/11/2017,N490SP,Lesson 1 with Mike S.
4N1,8/9/2017,N490SP,"First 4N1 flight with Mike Steinhart, CFI 3060620"
BLM,7/23/2017,N5491J,"Al Cannon, CFI 14246028"
JGG,7/18/2017,N4214Q,"Second lesson, David Otey, 3619331, at KJGG"
JGG,7/15/2017,N4214Q,"Intro flight with David Otey, CFI 3619331"
